<osm version="0.6" generator="JOSM">
  <node id="1858" visible="true" version="1" lat="-0.00075755183" lon="0.0009379786" />
  <node id="1859" visible="true" version="1" lat="-0.00082891663" lon="0.000937127" />
  <node id="1860" visible="true" version="1" lat="-0.00084102654" lon="0.0009370731" />
  <node id="1861" visible="true" version="1" lat="-0.00091297818" lon="0.00092914636" />
  <node id="1862" visible="true" version="1" lat="-0.0009878826" lon="0.00090763531" />
  <node id="1863" visible="true" version="1" lat="-0.00103672938" lon="0.00088307986" />
  <node id="1864" visible="true" version="1" lat="-0.00109498434" lon="0.0008462642" />
  <node id="1865" visible="true" version="1" lat="-0.00110303269" lon="0.00084101804" />
  <node id="1866" visible="true" version="1" lat="-0.0011129446" lon="0.00083377223" />
  <node id="1867" visible="true" version="1" lat="-0.00115521896" lon="0.00079090552" />
  <node id="1868" visible="true" version="1" lat="-0.0011861347" lon="0.00074467193" />
  <node id="1869" visible="true" version="1" lat="-0.00120895878" lon="0.00069116827" />
  <node id="1870" visible="true" version="1" lat="-0.00122381977" lon="0.00062965254" />
  <node id="1871" visible="true" version="1" lat="-0.00122639193" lon="0.0005819493" />
  <node id="1872" visible="true" version="1" lat="-0.00122409935" lon="0.00017299307" />
  <node id="1873" visible="true" version="1" lat="-0.00122425697" lon="0.00016310082" />
  <node id="1874" visible="true" version="1" lat="-0.00122399987" lon="0.0001574594" />
  <node id="1875" visible="true" version="1" lat="-0.00122314253" lon="0.00010626261" />
  <node id="1876" visible="true" version="1" lat="-0.00122328025" lon="0.00009510284" />
  <node id="1877" visible="true" version="1" lat="-0.00122348425" lon="0.00008092204" />
  <node id="1878" visible="true" version="1" lat="-0.00122293388" lon="0.00007344177" />
  <node id="1879" visible="true" version="1" lat="-0.00122238518" lon="0.00001253868" />
  <node id="1880" visible="true" version="1" lat="-0.00122247213" lon="0.00000747219" />
  <node id="1881" visible="true" version="1" lat="-0.00122229836" lon="-0.00000069619" />
  <node id="1882" visible="true" version="1" lat="-0.00122322298" lon="-0.00012858036" />
  <node id="1883" visible="true" version="1" lat="-0.00122273427" lon="-0.00025675108" />
  <node id="1884" visible="true" version="1" lat="-0.00074974671" lon="0.00090326141" />
  <node id="1885" visible="true" version="1" lat="-0.00083306989" lon="0.00090269637" />
  <node id="1886" visible="true" version="1" lat="-0.00083726617" lon="0.00090264696" />
  <node id="1887" visible="true" version="1" lat="-0.00090105587" lon="0.00089657076" />
  <node id="1888" visible="true" version="1" lat="-0.00096310375" lon="0.00088066159" />
  <node id="1889" visible="true" version="1" lat="-0.00102188506" lon="0.00085531113" />
  <node id="1890" visible="true" version="1" lat="-0.00107595098" lon="0.00082114192" />
  <node id="1891" visible="true" version="1" lat="-0.001089824" lon="0.00081029745" />
  <node id="1892" visible="true" version="1" lat="-0.00109296126" lon="0.00080769773" />
  <node id="1893" visible="true" version="1" lat="-0.0011307422" lon="0.0007695894" />
  <node id="1894" visible="true" version="1" lat="-0.00116096171" lon="0.00072532312" />
  <node id="1895" visible="true" version="1" lat="-0.00118262316" lon="0.00067635685" />
  <node id="1896" visible="true" version="1" lat="-0.00119501212" lon="0.00062430756" />
  <node id="1897" visible="true" version="1" lat="-0.00119795946" lon="0.0005812046" />
  <node id="1898" visible="true" version="1" lat="-0.00119566689" lon="0.00017408901" />
  <node id="1899" visible="true" version="1" lat="-0.00119559454" lon="0.00016120717" />
  <node id="1900" visible="true" version="1" lat="-0.0011955674" lon="0.00015674703" />
  <node id="1901" visible="true" version="1" lat="-0.00119471639" lon="0.00009449019" />
  <node id="1902" visible="true" version="1" lat="-0.00119462324" lon="0.00008999951" />
  <node id="1903" visible="true" version="1" lat="-0.00119436821" lon="0.00007765846" />
  <node id="1904" visible="true" version="1" lat="-0.00119427687" lon="0.00007313634" />
  <node id="1905" visible="true" version="1" lat="-0.00119349188" lon="0.00001250185" />
  <node id="1906" visible="true" version="1" lat="-0.00119346475" lon="0.00000801028" />
  <node id="1907" visible="true" version="1" lat="-0.00119340596" lon="-0.00000142293" />
  <node id="1908" visible="true" version="1" lat="-0.00119261735" lon="-0.00012884716" />
  <node id="1909" visible="true" version="1" lat="-0.00119182965" lon="-0.00025627049" />
  <node id="1910" visible="true" version="1" lat="-0.00074953147" lon="0.00087182127" />
  <node id="1911" visible="true" version="1" lat="-0.00083285375" lon="0.00087125623" />
  <node id="1912" visible="true" version="1" lat="-0.00083672535" lon="0.00087121042" />
  <node id="1913" visible="true" version="1" lat="-0.00089557268" lon="0.00086560493" />
  <node id="1914" visible="true" version="1" lat="-0.00095281384" lon="0.00085092915" />
  <node id="1915" visible="true" version="1" lat="-0.00100703983" lon="0.00082754241" />
  <node id="1916" visible="true" version="1" lat="-0.00105691762" lon="0.00079602053" />
  <node id="1917" visible="true" version="1" lat="-0.00106971625" lon="0.00078601599" />
  <node id="1918" visible="true" version="1" lat="-0.00107251799" lon="0.00078369385" />
  <node id="1919" visible="true" version="1" lat="-0.00110626635" lon="0.00074965399" />
  <node id="1920" visible="true" version="1" lat="-0.00113325906" lon="0.00071011284" />
  <node id="1921" visible="true" version="1" lat="-0.00115260805" lon="0.00066637477" />
  <node id="1922" visible="true" version="1" lat="-0.00116367391" lon="0.00061988156" />
  <node id="1923" visible="true" version="1" lat="-0.00116630653" lon="0.00058138067" />
  <node id="1924" visible="true" version="1" lat="-0.00116401486" lon="0.00017426508" />
  <node id="1925" visible="true" version="1" lat="-0.0011639416" lon="0.00016138234" />
  <node id="1926" visible="true" version="1" lat="-0.00116391447" lon="0.00015695365" />
  <node id="1927" visible="true" version="1" lat="-0.00116306979" lon="0.00009513608" />
  <node id="1928" visible="true" version="1" lat="-0.00116297664" lon="0.0000906454" />
  <node id="1929" visible="true" version="1" lat="-0.00116272161" lon="0.00007830525" />
  <node id="1930" visible="true" version="1" lat="-0.00116262936" lon="0.00007375168" />
  <node id="1931" visible="true" version="1" lat="-0.00116183985" lon="0.00001269499" />
  <node id="1932" visible="true" version="1" lat="-0.00116181181" lon="0.00000820342" />
  <node id="1933" visible="true" version="1" lat="-0.00116175393" lon="-0.00000122979" />
  <node id="1934" visible="true" version="1" lat="-0.00116096532" lon="-0.00012865402" />
  <node id="1935" visible="true" version="1" lat="-0.00116017671" lon="-0.00025607735" />
  <node id="1936" visible="true" version="1" lat="-0.00074936869" lon="0.00084815066" />
  <node id="1937" visible="true" version="1" lat="-0.00083269187" lon="0.00084758652" />
  <node id="1938" visible="true" version="1" lat="-0.00083631839" lon="0.0008475434" />
  <node id="1939" visible="true" version="1" lat="-0.00089144423" lon="0.00084229275" />
  <node id="1940" visible="true" version="1" lat="-0.0009450661" lon="0.00082854403" />
  <node id="1941" visible="true" version="1" lat="-0.00099586454" lon="0.00080663592" />
  <node id="1942" visible="true" version="1" lat="-0.00104258879" lon="0.0007771074" />
  <node id="1943" visible="true" version="1" lat="-0.00105457711" lon="0.00076773528" />
  <node id="1944" visible="true" version="1" lat="-0.00105712743" lon="0.00076562244" />
  <node id="1945" visible="true" version="1" lat="-0.00108783891" lon="0.00073464583" />
  <node id="1946" visible="true" version="1" lat="-0.0011124034" lon="0.00069866202" />
  <node id="1947" visible="true" version="1" lat="-0.00113001057" lon="0.00065885946" />
  <node id="1948" visible="true" version="1" lat="-0.00114008072" lon="0.00061654971" />
  <node id="1949" visible="true" version="1" lat="-0.0011424773" lon="0.00058151272" />
  <node id="1950" visible="true" version="1" lat="-0.00114018472" lon="0.00017439713" />
  <node id="1951" visible="true" version="1" lat="-0.0007489988" lon="0.00079425354" />
  <node id="1952" visible="true" version="1" lat="-0.00083232198" lon="0.0007936885" />
  <node id="1953" visible="true" version="1" lat="-0.0008353905" lon="0.00079365257" />
  <node id="1954" visible="true" version="1" lat="-0.00088204512" lon="0.0007892086" />
  <node id="1955" visible="true" version="1" lat="-0.00092742547" lon="0.00077757273" />
  <node id="1956" visible="true" version="1" lat="-0.00097041648" lon="0.0007590315" />
  <node id="1957" visible="true" version="1" lat="-0.00100996004" lon="0.00073404127" />
  <node id="1958" visible="true" version="1" lat="-0.00102010616" lon="0.00072611004" />
  <node id="1959" visible="true" version="1" lat="-0.00102208221" lon="0.00072447241" />
  <node id="1960" visible="true" version="1" lat="-0.00104587888" lon="0.00070047033" />
  <node id="1961" visible="true" version="1" lat="-0.00106491315" lon="0.00067258842" />
  <node id="1962" visible="true" version="1" lat="-0.00107855646" lon="0.00064174656" />
  <node id="1963" visible="true" version="1" lat="-0.00108635936" lon="0.00060896254" />
  <node id="1964" visible="true" version="1" lat="-0.00108821603" lon="0.00058181456" />
  <node id="1965" visible="true" version="1" lat="-0.00108592346" lon="0.00017469897" />
  <node id="1966" visible="true" version="1" lat="-0.0004814128" lon="0.00093950843" />
  <node id="1967" visible="true" version="1" lat="-0.00043096668" lon="0.00093984799" />
  <node id="1968" visible="true" version="1" lat="-0.00038075143" lon="0.00093880774" />
  <node id="1969" visible="true" version="1" lat="-0.00048185891" lon="0.00096795987" />
  <node id="1970" visible="true" version="1" lat="-0.00043175775" lon="0.00096829854" />
  <node id="1971" visible="true" version="1" lat="-0.00038165658" lon="0.0009686381" />
  <node id="1972" visible="true" version="1" lat="-0.00048207415" lon="0.00099940001" />
  <node id="1973" visible="true" version="1" lat="-0.00043197389" lon="0.00099973957" />
  <node id="1974" visible="true" version="1" lat="-0.00038187272" lon="0.00100007824" />
  <node id="1975" visible="true" version="1" lat="-0.0003812252" lon="0.00090575783" />
  <node id="1976" visible="true" version="1" lat="-0.00043132636" lon="0.00090541826" />
  <node id="1977" visible="true" version="1" lat="-0.00048142662" lon="0.0009050787" />
  <node id="1978" visible="true" version="1" lat="-0.00038100905" lon="0.00087431769" />
  <node id="1979" visible="true" version="1" lat="-0.00043111022" lon="0.00087397813" />
  <node id="1980" visible="true" version="1" lat="-0.00048121138" lon="0.00087363856" />
  <node id="1981" visible="true" version="1" lat="0.00004034664" lon="0.0009400555" />
  <node id="1982" visible="true" version="1" lat="0.00006254077" lon="0.00094020552" />
  <node id="1984" visible="true" version="1" lat="0.00011333642" lon="0.00094035644" />
  <node id="1986" visible="true" version="1" lat="0.00013881529" lon="0.00094048131" />
  <node id="1987" visible="true" version="1" lat="0.00014489446" lon="0.00094045975" />
  <node id="1988" visible="true" version="1" lat="0.00020392989" lon="0.00094078763" />
  <node id="1989" visible="true" version="1" lat="0.00020511009" lon="0.0009408047" />
  <node id="1990" visible="true" version="1" lat="0.00026982264" lon="0.00093944016" />
  <node id="1991" visible="true" version="1" lat="0.00032729403" lon="0.00092125107" />
  <node id="1992" visible="true" version="1" lat="0.00038719314" lon="0.00089692829" />
  <node id="1993" visible="true" version="1" lat="0.00043952009" lon="0.00085999585" />
  <node id="1994" visible="true" version="1" lat="0.00048225399" lon="0.00081702314" />
  <node id="1995" visible="true" version="1" lat="0.00051634071" lon="0.00076839733" />
  <node id="1996" visible="true" version="1" lat="0.00054343471" lon="0.00071287606" />
  <node id="1997" visible="true" version="1" lat="0.00056041244" lon="0.00065352527" />
  <node id="1998" visible="true" version="1" lat="0.00056676021" lon="0.00059214788" />
  <node id="1999" visible="true" version="1" lat="0.00056680091" lon="0.00058665019" />
  <node id="2000" visible="true" version="1" lat="0.00056745184" lon="0.00007442561" />
  <node id="2001" visible="true" version="1" lat="0.0005676909" lon="0.00005772961" />
  <node id="2002" visible="true" version="1" lat="0.00056781189" lon="0.00002187996" />
  <node id="2003" visible="true" version="1" lat="0.00056751265" lon="-0.00001337771" />
  <node id="2004" visible="true" version="1" lat="0.00056784455" lon="-0.00003832123" />
  <node id="2005" visible="true" version="1" lat="0.00056794313" lon="-0.00004778947" />
  <node id="2006" visible="true" version="1" lat="0.00056771406" lon="-0.00004894561" />
  <node id="2007" visible="true" version="1" lat="0.00056820846" lon="-0.00017774721" />
  <node id="2008" visible="true" version="1" lat="0.00057005935" lon="-0.00024957085" />
  <node id="2009" visible="true" version="1" lat="0.00004013049" lon="0.00097149564" />
  <node id="2010" visible="true" version="1" lat="0.00006232462" lon="0.00097164566" />
  <node id="2011" visible="true" version="1" lat="0.00008451966" lon="0.00097179658" />
  <node id="2012" visible="true" version="1" lat="0.00011254922" lon="0.0009715106" />
  <node id="2014" visible="true" version="1" lat="0.00013892743" lon="0.00097192144" />
  <node id="2015" visible="true" version="1" lat="0.0001450066" lon="0.00097190078" />
  <node id="2016" visible="true" version="1" lat="0.00020346324" lon="0.00097222507" />
  <node id="2017" visible="true" version="1" lat="0.00020464344" lon="0.00097224304" />
  <node id="2018" visible="true" version="1" lat="0.00027209855" lon="0.00096737686" />
  <node id="2019" visible="true" version="1" lat="0.000337678" lon="0.00095095207" />
  <node id="2020" visible="true" version="1" lat="0.00039939127" lon="0.00092346811" />
  <node id="2021" visible="true" version="1" lat="0.0004553636" lon="0.00088575953" />
  <node id="2022" visible="true" version="1" lat="0.00050389478" lon="0.00083897078" />
  <node id="2023" visible="true" version="1" lat="0.00054351249" lon="0.00078452389" />
  <node id="2024" visible="true" version="1" lat="0.00057301212" lon="0.00072407266" />
  <node id="2025" visible="true" version="1" lat="0.00059149833" lon="0.00065945145" />
  <node id="2026" visible="true" version="1" lat="0.00059840953" lon="0.00059262398" />
  <node id="2027" visible="true" version="1" lat="0.00059845384" lon="0.00058663761" />
  <node id="2028" visible="true" version="1" lat="0.0005982395" lon="0.00006655528" />
  <node id="2029" visible="true" version="1" lat="0.0005982395" lon="0.00006655169" />
  <node id="2030" visible="true" version="1" lat="0.00059857683" lon="0.00002348555" />
  <node id="2031" visible="true" version="1" lat="0.00059916196" lon="-0.00001287555" />
  <node id="2032" visible="true" version="1" lat="0.00059949567" lon="-0.00003799424" />
  <node id="2033" visible="true" version="1" lat="0.00059959515" lon="-0.00004746249" />
  <node id="2034" visible="true" version="1" lat="0.00059959515" lon="-0.00004746878" />
  <node id="2035" visible="true" version="1" lat="0.0006001956" lon="-0.00017804511" />
  <node id="2036" visible="true" version="1" lat="0.00060171047" lon="-0.00024924297" />
  <node id="2037" visible="true" version="1" lat="0.00003991435" lon="0.00100293578" />
  <node id="2038" visible="true" version="1" lat="0.00006210938" lon="0.0010030858" />
  <node id="2039" visible="true" version="1" lat="0.00011204347" lon="0.00100323671" />
  <node id="2042" visible="true" version="1" lat="0.00013903957" lon="0.00100336248" />
  <node id="2043" visible="true" version="1" lat="0.00014511874" lon="0.00100334092" />
  <node id="2044" visible="true" version="1" lat="0.00020299658" lon="0.00100366341" />
  <node id="2045" visible="true" version="1" lat="0.00020417678" lon="0.00100368048" />
  <node id="2046" visible="true" version="1" lat="0.00027713317" lon="0.00099841725" />
  <node id="2047" visible="true" version="1" lat="0.00034806106" lon="0.00098065307" />
  <node id="2048" visible="true" version="1" lat="0.00041480805" lon="0.00095092781" />
  <node id="2049" visible="true" version="1" lat="0.00047534564" lon="0.0009101434" />
  <node id="2050" visible="true" version="1" lat="0.00052783525" lon="0.00085953861" />
  <node id="2051" visible="true" version="1" lat="0.00057068427" lon="0.00080065134" />
  <node id="2052" visible="true" version="1" lat="0.00060259043" lon="0.00073526837" />
  <node id="2053" visible="true" version="1" lat="0.00062258423" lon="0.00066537674" />
  <node id="2054" visible="true" version="1" lat="0.00063005884" lon="0.00059309919" />
  <node id="2055" visible="true" version="1" lat="0.00063010677" lon="0.00058662414" />
  <node id="2056" visible="true" version="1" lat="0.00062989244" lon="0.0000665427" />
  <node id="2057" visible="true" version="1" lat="0.00062989244" lon="0.00006653911" />
  <node id="2058" visible="true" version="1" lat="0.00063022615" lon="0.00002398771" />
  <node id="2059" visible="true" version="1" lat="0.00063081037" lon="-0.00001237339" />
  <node id="2060" visible="true" version="1" lat="0.0006311468" lon="-0.00003766636" />
  <node id="2061" visible="true" version="1" lat="0.00063124628" lon="-0.0000471346" />
  <node id="2062" visible="true" version="1" lat="0.00063124628" lon="-0.00004714089" />
  <node id="2063" visible="true" version="1" lat="0.00063230349" lon="-0.00017771723" />
  <node id="2064" visible="true" version="1" lat="0.0006333616" lon="-0.00024891508" />
  <node id="2065" visible="true" version="1" lat="0.00011278305" lon="0.00085409154" />
  <node id="2066" visible="true" version="1" lat="0.00006313494" lon="0.00085365464" />
  <node id="2067" visible="true" version="1" lat="0.00004094081" lon="0.00085350462" />
  <node id="2068" visible="true" version="1" lat="0.00011801548" lon="0.00079990754" />
  <node id="2069" visible="true" version="1" lat="0.00006350482" lon="0.00079975752" />
  <node id="2070" visible="true" version="1" lat="0.00004131069" lon="0.0007996066" />
  <node id="2071" visible="true" version="1" lat="-0.0011379238" lon="-0.00000108427" />
  <node id="2072" visible="true" version="1" lat="-0.00113713519" lon="-0.00012850849" />
  <node id="2073" visible="true" version="1" lat="-0.00113634748" lon="-0.00025593182" />
  <node id="2074" visible="true" version="1" lat="-0.00108366253" lon="-0.00000075369" />
  <node id="2075" visible="true" version="1" lat="-0.00108287483" lon="-0.00012817701" />
  <node id="2076" visible="true" version="1" lat="-0.00108208622" lon="-0.00025560034" />
  <node id="2077" visible="true" version="1" lat="-0.00122348167" lon="-0.00025646362" />
  <node id="2078" visible="true" version="1" lat="-0.00122427028" lon="-0.0001290403" />
  <node id="2079" visible="true" version="1" lat="-0.00122505799" lon="-0.00000161607" />
  <node id="2080" visible="true" version="1" lat="-0.00122514481" lon="0.00001230872" />
  <node id="2081" visible="true" version="1" lat="-0.00122601391" lon="0.00007701257" />
  <node id="2082" visible="true" version="1" lat="-0.00122636209" lon="0.0000938443" />
  <node id="2083" visible="true" version="1" lat="-0.00122724656" lon="0.0001610311" />
  <node id="2084" visible="true" version="1" lat="-0.00122731891" lon="0.00017391294" />
  <node id="2085" visible="true" version="1" lat="-0.00122961149" lon="0.00058102943" />
  <node id="2086" visible="true" version="1" lat="-0.00122729218" lon="0.00063172944" />
  <node id="2087" visible="true" version="1" lat="-0.00121063808" lon="0.00069917226" />
  <node id="2088" visible="true" version="1" lat="-0.00118844719" lon="0.00074927849" />
  <node id="2089" visible="true" version="1" lat="-0.00115743378" lon="0.00079247847" />
  <node id="2090" visible="true" version="1" lat="-0.00111269138" lon="0.00084009817" />
  <node id="2091" visible="true" version="1" lat="-0.00105356176" lon="0.00087984053" />
  <node id="2092" visible="true" version="1" lat="-0.00099032514" lon="0.00091260658" />
  <node id="2093" visible="true" version="1" lat="-0.00091875798" lon="0.00093214135" />
  <node id="2094" visible="true" version="1" lat="-0.00085520433" lon="0.00094025134" />
  <node id="2095" visible="true" version="1" lat="-0.00083489582" lon="0.00094103646" />
  <node id="2096" visible="true" version="1" lat="-0.00075737935" lon="0.00094206054" />
  <node id="2097" visible="true" version="1" lat="-0.0012551337" lon="-0.00025665676" />
  <node id="2098" visible="true" version="1" lat="-0.00125592231" lon="-0.00012923343" />
  <node id="2099" visible="true" version="1" lat="-0.00125671092" lon="-0.00000181011" />
  <node id="2100" visible="true" version="1" lat="-0.00125679684" lon="0.00001211468" />
  <node id="2101" visible="true" version="1" lat="-0.00125766051" lon="0.00007636668" />
  <node id="2102" visible="true" version="1" lat="-0.00125800869" lon="0.00009319752" />
  <node id="2103" visible="true" version="1" lat="-0.0012588995" lon="0.00016085503" />
  <node id="2104" visible="true" version="1" lat="-0.00125897184" lon="0.00017373777" />
  <node id="2105" visible="true" version="1" lat="-0.00126126442" lon="0.00058085336" />
  <node id="2106" visible="true" version="1" lat="-0.00125569441" lon="0.00064552128" />
  <node id="2107" visible="true" version="1" lat="-0.00123844266" lon="0.00070812307" />
  <node id="2108" visible="true" version="1" lat="-0.00121007711" lon="0.00076659262" />
  <node id="2109" visible="true" version="1" lat="-0.00117153379" lon="0.00081900213" />
  <node id="2110" visible="true" version="1" lat="-0.00113004041" lon="0.00085886128" />
  <node id="2111" visible="true" version="1" lat="-0.00106937078" lon="0.00090096711" />
  <node id="2112" visible="true" version="1" lat="-0.00100281823" lon="0.00093313219" />
  <node id="2113" visible="true" version="1" lat="-0.00093202148" lon="0.00095456419" />
  <node id="2114" visible="true" version="1" lat="-0.00085872143" lon="0.00096473582" />
  <node id="2115" visible="true" version="1" lat="-0.00083350218" lon="0.00096557754" />
  <node id="2116" visible="true" version="1" lat="-0.000750179" lon="0.00096614168" />
  <node id="2117" visible="true" version="1" lat="-0.00128678663" lon="-0.0002568499" />
  <node id="2118" visible="true" version="1" lat="-0.00128757434" lon="-0.00012942657" />
  <node id="2119" visible="true" version="1" lat="-0.00128836295" lon="-0.00000200324" />
  <node id="2120" visible="true" version="1" lat="-0.00128844886" lon="0.00001192154" />
  <node id="2121" visible="true" version="1" lat="-0.00128930621" lon="0.00007572079" />
  <node id="2122" visible="true" version="1" lat="-0.00128965529" lon="0.00009255163" />
  <node id="2123" visible="true" version="1" lat="-0.00129055152" lon="0.00016067896" />
  <node id="2124" visible="true" version="1" lat="-0.00129062387" lon="0.0001735617" />
  <node id="2125" visible="true" version="1" lat="-0.00129291645" lon="0.00058067729" />
  <node id="2126" visible="true" version="1" lat="-0.00128685717" lon="0.00065103424" />
  <node id="2127" visible="true" version="1" lat="-0.00126808789" lon="0.00071914361" />
  <node id="2128" visible="true" version="1" lat="-0.00123722718" lon="0.0007827569" />
  <node id="2129" visible="true" version="1" lat="-0.00119529248" lon="0.00083977747" />
  <node id="2130" visible="true" version="1" lat="-0.00115014816" lon="0.00088314274" />
  <node id="2131" visible="true" version="1" lat="-0.00108540887" lon="0.00092807288" />
  <node id="2132" visible="true" version="1" lat="-0.00101439235" lon="0.00096239571" />
  <node id="2133" visible="true" version="1" lat="-0.00093884675" lon="0.00098526592" />
  <node id="2134" visible="true" version="1" lat="-0.00086062965" lon="0.00099612026" />
  <node id="2135" visible="true" version="1" lat="-0.00083371742" lon="0.00099701768" />
  <node id="2136" visible="true" version="1" lat="-0.00075039424" lon="0.00099758182" />
  <node id="2137" visible="true" version="1" lat="-0.00121020436" lon="-0.00064602793" />
  <node id="2138" visible="true" version="1" lat="-0.00119275417" lon="-0.00070558443" />
  <node id="2139" visible="true" version="1" lat="-0.00116323555" lon="-0.00076216482" />
  <node id="2140" visible="true" version="1" lat="-0.00112455929" lon="-0.00081301037" />
  <node id="2141" visible="true" version="1" lat="-0.0010778269" lon="-0.00085667118" />
  <node id="2142" visible="true" version="1" lat="-0.00105363863" lon="-0.00087422157" />
  <node id="2143" visible="true" version="1" lat="-0.00097872143" lon="-0.00091672715" />
  <node id="2144" visible="true" version="1" lat="-0.00090403241" lon="-0.0009482167" />
  <node id="2145" visible="true" version="1" lat="-0.00078004171" lon="-0.00097964965" />
  <node id="2146" visible="true" version="1" lat="-0.0007403352" lon="-0.00098168074" />
  <node id="2147" visible="true" version="1" lat="-0.000685591" lon="-0.00098337406" />
  <node id="2148" visible="true" version="1" lat="-0.00039706549" lon="-0.00098016169" />
  <node id="2149" visible="true" version="1" lat="-0.00118118612" lon="-0.00063672408" />
  <node id="2150" visible="true" version="1" lat="-0.00116329227" lon="-0.00069237561" />
  <node id="2151" visible="true" version="1" lat="-0.00113623172" lon="-0.00074424523" />
  <node id="2152" visible="true" version="1" lat="-0.00110077501" lon="-0.00079085701" />
  <node id="2153" visible="true" version="1" lat="-0.00105793322" lon="-0.00083088325" />
  <node id="2154" visible="true" version="1" lat="-0.00103575899" lon="-0.00084697297" />
  <node id="2155" visible="true" version="1" lat="-0.00096553224" lon="-0.00088789213" />
  <node id="2156" visible="true" version="1" lat="-0.00089347092" lon="-0.00091734789" />
  <node id="2157" visible="true" version="1" lat="-0.00081666553" lon="-0.00093827504" />
  <node id="2158" visible="true" version="1" lat="-0.00073778281" lon="-0.0009491743" />
  <node id="2159" visible="true" version="1" lat="-0.00068571555" lon="-0.00095078498" />
  <node id="2160" visible="true" version="1" lat="-0.00039719003" lon="-0.00094757261" />
  <node id="2161" visible="true" version="1" lat="-0.00115032903" lon="-0.00062971901" />
  <node id="2162" visible="true" version="1" lat="-0.00113405943" lon="-0.00068031662" />
  <node id="2163" visible="true" version="1" lat="-0.00110945696" lon="-0.00072747548" />
  <node id="2164" visible="true" version="1" lat="-0.00107722071" lon="-0.0007698544" />
  <node id="2165" visible="true" version="1" lat="-0.00103826952" lon="-0.00080624515" />
  <node id="2166" visible="true" version="1" lat="-0.00101810931" lon="-0.00082087332" />
  <node id="2167" visible="true" version="1" lat="-0.00095280389" lon="-0.00085859717" />
  <node id="2168" visible="true" version="1" lat="-0.0008831394" lon="-0.00088762803" />
  <node id="2169" visible="true" version="1" lat="-0.00081028521" lon="-0.000907479" />
  <node id="2170" visible="true" version="1" lat="-0.00073545949" lon="-0.00091781861" />
  <node id="2171" visible="true" version="1" lat="-0.00068607006" lon="-0.00091934574" />
  <node id="2172" visible="true" version="1" lat="-0.00039754545" lon="-0.00091613337" />
  <node id="2173" visible="true" version="1" lat="-0.00039810035" lon="-0.00098487605" />
  <node id="2174" visible="true" version="1" lat="-0.00068881056" lon="-0.0009875135" />
  <node id="2175" visible="true" version="1" lat="-0.00069333241" lon="-0.00098754764" />
  <node id="2176" visible="true" version="1" lat="-0.00077691786" lon="-0.00098251617" />
  <node id="2177" visible="true" version="1" lat="-0.00085914946" lon="-0.00096680374" />
  <node id="2178" visible="true" version="1" lat="-0.00093864896" lon="-0.00094067444" />
  <node id="2179" visible="true" version="1" lat="-0.00101408604" lon="-0.00090456486" />
  <node id="2180" visible="true" version="1" lat="-0.00105685819" lon="-0.00087836101" />
  <node id="2181" visible="true" version="1" lat="-0.00106059686" lon="-0.00087583494" />
  <node id="2182" visible="true" version="1" lat="-0.00111016444" lon="-0.00083537482" />
  <node id="2183" visible="true" version="1" lat="-0.00115217693" lon="-0.00078721255" />
  <node id="2184" visible="true" version="1" lat="-0.00118543783" lon="-0.00073271895" />
  <node id="2185" visible="true" version="1" lat="-0.00120900027" lon="-0.00067344541" />
  <node id="2186" visible="true" version="1" lat="-0.00121457377" lon="-0.00064786768" />
  <node id="2187" visible="true" version="1" lat="-0.000396481" lon="-0.00101045018" />
  <node id="2188" visible="true" version="1" lat="-0.00068500562" lon="-0.00101366346" />
  <node id="2189" visible="true" version="1" lat="-0.00068974903" lon="-0.00101369939" />
  <node id="2190" visible="true" version="1" lat="-0.00077742404" lon="-0.00100842089" />
  <node id="2191" visible="true" version="1" lat="-0.00086367737" lon="-0.0009919404" />
  <node id="2192" visible="true" version="1" lat="-0.00094706657" lon="-0.0009645328" />
  <node id="2193" visible="true" version="1" lat="-0.00102619438" lon="-0.00092665713" />
  <node id="2194" visible="true" version="1" lat="-0.00107105924" lon="-0.00089917138" />
  <node id="2195" visible="true" version="1" lat="-0.00107510901" lon="-0.00089643421" />
  <node id="2196" visible="true" version="1" lat="-0.00112880323" lon="-0.00085260631" />
  <node id="2197" visible="true" version="1" lat="-0.00117431291" lon="-0.00080043395" />
  <node id="2198" visible="true" version="1" lat="-0.0012103439" lon="-0.00074140296" />
  <node id="2199" visible="true" version="1" lat="-0.00123586792" lon="-0.00067719408" />
  <node id="2200" visible="true" version="1" lat="-0.0012429012" lon="-0.0006507333" />
  <node id="2201" visible="true" version="1" lat="-0.00039612559" lon="-0.00104188942" />
  <node id="2202" visible="true" version="1" lat="-0.0006846511" lon="-0.0010451018" />
  <node id="2203" visible="true" version="1" lat="-0.00068961519" lon="-0.00104514043" />
  <node id="2204" visible="true" version="1" lat="-0.00078137885" lon="-0.00103961579" />
  <node id="2205" visible="true" version="1" lat="-0.00087165572" lon="-0.00102236634" />
  <node id="2206" visible="true" version="1" lat="-0.0009589337" lon="-0.00099368043" />
  <node id="2207" visible="true" version="1" lat="-0.00104175134" lon="-0.00095403868" />
  <node id="2208" visible="true" version="1" lat="-0.00108870892" lon="-0.00092527103" />
  <node id="2209" visible="true" version="1" lat="-0.00109306979" lon="-0.00092232366" />
  <node id="2210" visible="true" version="1" lat="-0.00115089065" lon="-0.00087512707" />
  <node id="2211" visible="true" version="1" lat="-0.00119989933" lon="-0.00081894464" />
  <node id="2212" visible="true" version="1" lat="-0.00123869859" lon="-0.00075537625" />
  <node id="2213" visible="true" version="1" lat="-0.00126618419" lon="-0.00068623293" />
  <node id="2214" visible="true" version="1" lat="-0.00127375829" lon="-0.00065773747" />
  <node id="2215" visible="true" version="1" lat="-0.0003958588" lon="-0.00106555913" />
  <node id="2216" visible="true" version="1" lat="-0.00068438431" lon="-0.00106877151" />
  <node id="2217" visible="true" version="1" lat="-0.0006895148" lon="-0.00106881103" />
  <node id="2218" visible="true" version="1" lat="-0.00078435693" lon="-0.00106310134" />
  <node id="2219" visible="true" version="1" lat="-0.00087766254" lon="-0.00104527248" />
  <node id="2220" visible="true" version="1" lat="-0.00096786797" lon="-0.00101562448" />
  <node id="2221" visible="true" version="1" lat="-0.00105346383" lon="-0.00097465232" />
  <node id="2222" visible="true" version="1" lat="-0.00110199591" lon="-0.00094491988" />
  <node id="2223" visible="true" version="1" lat="-0.00110659192" lon="-0.00094181441" />
  <node id="2224" visible="true" version="1" lat="-0.00116752019" lon="-0.00089208187" />
  <node id="2225" visible="true" version="1" lat="-0.0012191615" lon="-0.0008328802" />
  <node id="2226" visible="true" version="1" lat="-0.00126004624" lon="-0.00076589642" />
  <node id="2227" visible="true" version="1" lat="-0.00128900867" lon="-0.00069303767" />
  <node id="2228" visible="true" version="1" lat="-0.00129698973" lon="-0.00066301148" />
  <node id="2229" visible="true" version="1" lat="-0.0012981021" lon="-0.00065805368" />
  <node id="2230" visible="true" version="1" lat="-0.00129915931" lon="-0.00065308419" />
  <node id="2231" visible="true" version="1" lat="-0.0013039597" lon="-0.00062578619" />
  <node id="2232" visible="true" version="1" lat="-0.00130711143" lon="-0.00059825193" />
  <node id="2233" visible="true" version="1" lat="-0.00130718921" lon="-0.00059731678" />
  <node id="2234" visible="true" version="1" lat="-0.00130726517" lon="-0.00059638074" />
  <node id="2235" visible="true" version="1" lat="-0.00130895001" lon="-0.0005262834" />
  <node id="2236" visible="true" version="1" lat="-0.00130902056" lon="-0.00051489725" />
  <node id="2237" visible="true" version="1" lat="-0.00130902146" lon="-0.00051476251" />
  <node id="2238" visible="true" version="1" lat="-0.00130902236" lon="-0.00051462776" />
  <node id="2239" visible="true" version="1" lat="-0.00130961834" lon="-0.00041819541" />
  <node id="2240" visible="true" version="1" lat="-0.00131021523" lon="-0.00032176306" />
  <node id="2241" visible="true" version="1" lat="-0.00131040515" lon="-0.00029113141" />
  <node id="2242" visible="true" version="1" lat="-0.00131059416" lon="-0.00026049886" />
  <node id="2243" visible="true" version="1" lat="-0.0013106023" lon="-0.0002591963" />
  <node id="2244" visible="true" version="1" lat="-0.00131061044" lon="-0.00025789374" />
  <node id="2245" visible="true" version="1" lat="-0.00131061134" lon="-0.00025775899" />
  <node id="2246" visible="true" version="1" lat="-0.00131061225" lon="-0.00025762425" />
  <node id="2247" visible="true" version="1" lat="-0.00131061405" lon="-0.00025730984" />
  <node id="2248" visible="true" version="1" lat="-0.00131061586" lon="-0.00025699543" />
  <node id="2249" visible="true" version="1" lat="-0.00131140447" lon="-0.0001295721" />
  <node id="2250" visible="true" version="1" lat="-0.00131219308" lon="-0.00000214877" />
  <node id="2251" visible="true" version="1" lat="-0.001312279" lon="0.00001177602" />
  <node id="2252" visible="true" version="1" lat="-0.00131313182" lon="0.00007523391" />
  <node id="2253" visible="true" version="1" lat="-0.00131348" lon="0.00009206474" />
  <node id="2254" visible="true" version="1" lat="-0.00131438166" lon="0.00016054691" />
  <node id="2255" visible="true" version="1" lat="-0.00131445401" lon="0.00017342965" />
  <node id="2256" visible="true" version="1" lat="-0.00131674658" lon="0.00058054524" />
  <node id="2257" visible="true" version="1" lat="-0.00131031833" lon="0.00065518535" />
  <node id="2258" visible="true" version="1" lat="-0.00129040592" lon="0.00072744045" />
  <node id="2259" visible="true" version="1" lat="-0.00125766684" lon="0.00079492638" />
  <node id="2260" visible="true" version="1" lat="-0.0012131791" lon="0.00085541803" />
  <node id="2261" visible="true" version="1" lat="-0.00116528731" lon="0.00090142346" />
  <node id="2262" visible="true" version="1" lat="-0.00109748311" lon="0.0009484799" />
  <node id="2263" visible="true" version="1" lat="-0.00102310595" lon="0.00098442689" />
  <node id="2264" visible="true" version="1" lat="-0.00094398448" lon="0.00100837957" />
  <node id="2265" visible="true" version="1" lat="-0.00086206579" lon="0.00101974775" />
  <node id="2266" visible="true" version="1" lat="-0.00083388021" lon="0.00102068739" />
  <node id="2267" visible="true" version="1" lat="-0.00075055703" lon="0.00102125243" />
  <node id="2268" visible="true" version="1" lat="-0.00075015006" lon="0.00102125512" />
  <node id="2269" visible="true" version="1" lat="-0.0007497431" lon="0.00102125782" />
  <node id="2270" visible="true" version="1" lat="-0.00074929091" lon="0.00102126051" />
  <node id="2271" visible="true" version="1" lat="-0.00074883873" lon="0.0010212641" />
  <node id="2272" visible="true" version="1" lat="-0.00074861264" lon="0.001021265" />
  <node id="2273" visible="true" version="1" lat="-0.00074838654" lon="0.0010212668" />
  <node id="2274" visible="true" version="1" lat="-0.00071897373" lon="0.00102146622" />
  <node id="2275" visible="true" version="1" lat="-0.00068956002" lon="0.00102166565" />
  <node id="2276" visible="true" version="1" lat="-0.00062360978" lon="0.00102211211" />
  <node id="2277" visible="true" version="1" lat="-0.00055765954" lon="0.00102255858" />
  <node id="2278" visible="true" version="1" lat="-0.00055126113" lon="0.00102260259" />
  <node id="2279" visible="true" version="1" lat="-0.00054486271" lon="0.00102264571" />
  <node id="2280" visible="true" version="1" lat="-0.00051531335" lon="0.00102284604" />
  <node id="2281" visible="true" version="1" lat="-0.00048576398" lon="0.00102304636" />
  <node id="2282" visible="true" version="1" lat="-0.00048495004" lon="0.00102305175" />
  <node id="2283" visible="true" version="1" lat="-0.00048413611" lon="0.00102305714" />
  <node id="2284" visible="true" version="1" lat="-0.00048409089" lon="0.00102305714" />
  <node id="2285" visible="true" version="1" lat="-0.00048404568" lon="0.00102305714" />
  <node id="2286" visible="true" version="1" lat="-0.00048314131" lon="0.00102306343" />
  <node id="2287" visible="true" version="1" lat="-0.00048223694" lon="0.00102306972" />
  <node id="2288" visible="true" version="1" lat="-0.00043213577" lon="0.00102340928" />
  <node id="2289" visible="true" version="1" lat="-0.00038203551" lon="0.00102374884" />
  <node id="2290" visible="true" version="1" lat="-0.00038027199" lon="0.00102376052" />
  <node id="2291" visible="true" version="1" lat="-0.00037850847" lon="0.0010237722" />
  <node id="2292" visible="true" version="1" lat="-0.00037778497" lon="0.00102377759" />
  <node id="2293" visible="true" version="1" lat="-0.00037706148" lon="0.00102378208" />
  <node id="2294" visible="true" version="1" lat="-0.00037647364" lon="0.00102378657" />
  <node id="2295" visible="true" version="1" lat="-0.0003758858" lon="0.00102379017" />
  <node id="2296" visible="true" version="1" lat="-0.00037584058" lon="0.00102379017" />
  <node id="2297" visible="true" version="1" lat="-0.00037579536" lon="0.00102379106" />
  <node id="2298" visible="true" version="1" lat="-0.00037430315" lon="0.00102380095" />
  <node id="2299" visible="true" version="1" lat="-0.00037281094" lon="0.00102381083" />
  <node id="2300" visible="true" version="1" lat="-0.00037163526" lon="0.00102381891" />
  <node id="2301" visible="true" version="1" lat="-0.00037045958" lon="0.001023827" />
  <node id="2302" visible="true" version="1" lat="-0.00036901259" lon="0.00102383688" />
  <node id="2303" visible="true" version="1" lat="-0.0003675656" lon="0.00102384676" />
  <node id="2304" visible="true" version="1" lat="-0.00035872629" lon="0.00102390695" />
  <node id="2305" visible="true" version="1" lat="-0.00034988699" lon="0.00102396624" />
  <node id="2306" visible="true" version="1" lat="-0.00017876943" lon="0.00102512596" />
  <node id="2307" visible="true" version="1" lat="-0.00000765187" lon="0.00102628479" />
  <node id="2308" visible="true" version="1" lat="-0.00000547234" lon="0.00102629916" />
  <node id="2309" visible="true" version="1" lat="-0.00000329371" lon="0.00102631443" />
  <node id="2310" visible="true" version="1" lat="-0.00000112323" lon="0.00102632881" />
  <node id="2311" visible="true" version="1" lat="0.00000104636" lon="0.00102634408" />
  <node id="2312" visible="true" version="1" lat="0.00000185938" lon="0.00102634947" />
  <node id="2313" visible="true" version="1" lat="0.00000267332" lon="0.00102635486" />
  <node id="2314" visible="true" version="1" lat="0.00000348725" lon="0.00102636025" />
  <node id="2315" visible="true" version="1" lat="0.00000430118" lon="0.00102636564" />
  <node id="2316" visible="true" version="1" lat="0.00001890675" lon="0.00102646445" />
  <node id="2317" visible="true" version="1" lat="0.00003351232" lon="0.00102656327" />
  <node id="2318" visible="true" version="1" lat="0.00003459756" lon="0.00102657135" />
  <node id="2319" visible="true" version="1" lat="0.0000356828" lon="0.00102657854" />
  <node id="2320" visible="true" version="1" lat="0.00003771763" lon="0.00102659201" />
  <node id="2321" visible="true" version="1" lat="0.00003975246" lon="0.00102660549" />
  <node id="2322" visible="true" version="1" lat="0.0000619466" lon="0.0010267564" />
  <node id="2323" visible="true" version="1" lat="0.0001130246" lon="0.0010271924" />
  <node id="2326" visible="true" version="1" lat="0.00013912458" lon="0.00102703308" />
  <node id="2327" visible="true" version="1" lat="0.00014520285" lon="0.00102701152" />
  <node id="2328" visible="true" version="1" lat="0.00020264569" lon="0.00102733133" />
  <node id="2329" visible="true" version="1" lat="0.00020382589" lon="0.00102734839" />
  <node id="2330" visible="true" version="1" lat="0.00028092339" lon="0.00102178602" />
  <node id="2331" visible="true" version="1" lat="0.00035587843" lon="0.00100301393" />
  <node id="2332" visible="true" version="1" lat="0.00042641473" lon="0.00097160074" />
  <node id="2333" visible="true" version="1" lat="0.00049038892" lon="0.00092850047" />
  <node id="2334" visible="true" version="1" lat="0.00054585933" lon="0.00087502377" />
  <node id="2335" visible="true" version="1" lat="0.00059114111" lon="0.00081279297" />
  <node id="2336" visible="true" version="1" lat="0.00062485781" lon="0.00074369816" />
  <node id="2337" visible="true" version="1" lat="0.0006459866" lon="0.00066983867" />
  <node id="2338" visible="true" version="1" lat="0.00065388626" lon="0.00059345672" />
  <node id="2339" visible="true" version="1" lat="0.00065393691" lon="0.00058661515" />
  <node id="2340" visible="true" version="1" lat="0.00065372257" lon="0.00006653282" />
  <node id="2341" visible="true" version="1" lat="0.00065372257" lon="0.00006652923" />
  <node id="2342" visible="true" version="1" lat="0.00065405357" lon="0.0000243659" />
  <node id="2343" visible="true" version="1" lat="0.00065463779" lon="-0.0000119961" />
  <node id="2344" visible="true" version="1" lat="0.00065497512" lon="-0.00003742022" />
  <node id="2345" visible="true" version="1" lat="0.0006550746" lon="-0.00004688846" />
  <node id="2346" visible="true" version="1" lat="0.0006550746" lon="-0.00004689475" />
  <node id="2347" visible="true" version="1" lat="0.00065658948" lon="-0.00017838461" />
  <node id="2348" visible="true" version="1" lat="0.00065719083" lon="-0.00024866894" />
  <node id="2349" visible="true" version="1" lat="0.00065719173" lon="-0.00024880369" />
  <node id="2350" visible="true" version="1" lat="0.00065719354" lon="-0.00024893844" />
  <node id="2351" visible="true" version="1" lat="0.00065719626" lon="-0.00024920793" />
  <node id="2352" visible="true" version="1" lat="0.00065719806" lon="-0.00024938759" />
  <node id="2353" visible="true" version="1" lat="0.00065719897" lon="-0.00024943251" />
  <node id="2354" visible="true" version="1" lat="0.00065719897" lon="-0.00024947743" />
  <node id="2355" visible="true" version="1" lat="0.00065720801" lon="-0.00025028591" />
  <node id="2356" visible="true" version="1" lat="0.00065722339" lon="-0.00025181305" />
  <node id="2357" visible="true" version="1" lat="0.00065723967" lon="-0.00025334018" />
  <node id="2358" visible="true" version="1" lat="0.00065725594" lon="-0.00025486732" />
  <node id="2359" visible="true" version="1" lat="0.00065725956" lon="-0.00025522664" />
  <node id="2360" visible="true" version="1" lat="0.00065726318" lon="-0.00025558597" />
  <node id="2361" visible="true" version="1" lat="0.00065733553" lon="-0.0002625021" />
  <node id="2362" visible="true" version="1" lat="0.00066064552" lon="-0.00057815302" />
  <node id="2363" visible="true" version="1" lat="0.00066066361" lon="-0.00057990474" />
  <node id="2364" visible="true" version="1" lat="0.0006606826" lon="-0.00058165645" />
  <node id="2365" visible="true" version="1" lat="0.00066069707" lon="-0.00058309376" />
  <node id="2366" visible="true" version="1" lat="0.00066071244" lon="-0.00058453106" />
  <node id="2367" visible="true" version="1" lat="0.00066071425" lon="-0.00058471072" />
  <node id="2368" visible="true" version="1" lat="0.00066071606" lon="-0.00058489039" />
  <node id="2369" visible="true" version="1" lat="0.00066072872" lon="-0.00058610311" />
  <node id="2370" visible="true" version="1" lat="0.00066074138" lon="-0.00058731584" />
  <node id="2371" visible="true" version="1" lat="0.00066078751" lon="-0.00059171668" />
  <node id="2372" visible="true" version="1" lat="0.00066083363" lon="-0.00059611843" />
  <node id="2373" visible="true" version="1" lat="0.00066083453" lon="-0.00059620826" />
  <node id="2374" visible="true" version="1" lat="0.00066083544" lon="-0.00059629809" />
  <node id="2375" visible="true" version="1" lat="0.00066086528" lon="-0.00059908287" />
  <node id="2376" visible="true" version="1" lat="0.00066089422" lon="-0.00060186765" />
  <node id="2377" visible="true" version="1" lat="0.00066121437" lon="-0.00063236815" />
  <node id="2378" visible="true" version="1" lat="0.00066123246" lon="-0.00063810479" />
  <node id="2379" visible="true" version="1" lat="0.00065494267" lon="-0.00070536395" />
  <node id="2380" visible="true" version="1" lat="0.00063325307" lon="-0.00078282428" />
  <node id="2381" visible="true" version="1" lat="0.00059962138" lon="-0.00084885584" />
  <node id="2382" visible="true" version="1" lat="0.00055428986" lon="-0.00090758051" />
  <node id="2383" visible="true" version="1" lat="0.00051778318" lon="-0.00094211354" />
  <node id="2384" visible="true" version="1" lat="0.00051357334" lon="-0.00094558284" />
  <node id="2385" visible="true" version="1" lat="0.00044689599" lon="-0.00099152807" />
  <node id="2386" visible="true" version="1" lat="0.00037364568" lon="-0.00102621831" />
  <node id="2387" visible="true" version="1" lat="0.00029572972" lon="-0.00104874896" />
  <node id="2388" visible="true" version="1" lat="0.00021517934" lon="-0.0010585352" />
  <node id="2389" visible="true" version="1" lat="0.00020025815" lon="-0.00105892148" />
  <node id="2390" visible="true" version="1" lat="0.00019573721" lon="-0.00105897179" />
  <node id="2391" visible="true" version="1" lat="0.00002148058" lon="-0.00106091215" />
  <node id="2392" visible="true" version="1" lat="0.00001664221" lon="-0.00106096605" />
  <node id="2393" visible="true" version="1" lat="0.00001180473" lon="-0.00106101994" />
  <node id="2394" visible="true" version="1" lat="0.000009996" lon="-0.00106103971" />
  <node id="2395" visible="true" version="1" lat="0.00000818726" lon="-0.00106105947" />
  <node id="2396" visible="true" version="1" lat="0.00000809682" lon="-0.00106106127" />
  <node id="2397" visible="true" version="1" lat="0.00000800638" lon="-0.00106106217" />
  <node id="2398" visible="true" version="1" lat="0.00000728289" lon="-0.00106107025" />
  <node id="2399" visible="true" version="1" lat="0.00000655939" lon="-0.00106107834" />
  <node id="2400" visible="true" version="1" lat="0.00000642374" lon="-0.00106107923" />
  <node id="2401" visible="true" version="1" lat="0.00000628808" lon="-0.00106108103" />
  <node id="2402" visible="true" version="1" lat="0.00000520284" lon="-0.00106109271" />
  <node id="2403" visible="true" version="1" lat="0.00000411759" lon="-0.00106110528" />
  <node id="2404" visible="true" version="1" lat="-0.00000762022" lon="-0.00106123554" />
  <node id="2405" visible="true" version="1" lat="-0.00001935893" lon="-0.00106136669" />
  <node id="2406" visible="true" version="1" lat="-0.00016320704" lon="-0.00106296839" />
  <node id="2407" visible="true" version="1" lat="-0.00030705514" lon="-0.00106457009" />
  <node id="2408" visible="true" version="1" lat="-0.00033493143" lon="-0.00106488001" />
  <node id="2409" visible="true" version="1" lat="-0.00036280771" lon="-0.00106519082" />
  <node id="2410" visible="true" version="1" lat="-0.00036857216" lon="-0.0010652546" />
  <node id="2411" visible="true" version="1" lat="-0.00037433661" lon="-0.00106531928" />
  <node id="2412" visible="true" version="1" lat="-0.00037496967" lon="-0.00106532647" />
  <node id="2413" visible="true" version="1" lat="-0.00037560273" lon="-0.00106533276" />
  <node id="2414" visible="true" version="1" lat="-0.00037664185" lon="-0.00106534443" />
  <node id="2415" visible="true" version="1" lat="-0.00037768188" lon="-0.00106535611" />
  <node id="2416" visible="true" version="1" lat="-0.00037989758" lon="-0.00106538127" />
  <node id="2417" visible="true" version="1" lat="-0.00038211329" lon="-0.00106540552" />
  <node id="2418" visible="true" version="1" lat="-0.0003865447" lon="-0.00106545493" />
  <node id="2419" visible="true" version="1" lat="-0.0003909752" lon="-0.00106550433" />
  <node id="2420" visible="true" version="1" lat="-0.000393417" lon="-0.00106553128" />
  <node id="2421" visible="true" version="1" lat="-0.0003958588" lon="-0.00106555913" />
  <node id="2422" visible="true" version="1" lat="0.0000135149" lon="-0.00042275256" />
  <node id="2423" visible="true" version="1" lat="0.00001346968" lon="-0.00042275256" />
  <node id="2424" visible="true" version="1" lat="-0.00008304101" lon="-0.00042247408" />
  <node id="2425" visible="true" version="1" lat="-0.00012772501" lon="-0.00041655868" />
  <node id="2426" visible="true" version="1" lat="-0.00016970945" lon="-0.00040025426" />
  <node id="2427" visible="true" version="1" lat="-0.0001909124" lon="-0.00038706519" />
  <node id="2428" visible="true" version="1" lat="-0.00021586938" lon="-0.00036229235" />
  <node id="2429" visible="true" version="1" lat="-0.0002321417" lon="-0.00033119627" />
  <node id="2430" visible="true" version="1" lat="-0.00023821454" lon="-0.00029667311" />
  <node id="2431" visible="true" version="1" lat="-0.00023824167" lon="-0.00029292444" />
  <node id="2432" visible="true" version="1" lat="-0.00023830226" lon="-0.00027112413" />
  <node id="2433" visible="true" version="1" lat="-0.00023830497" lon="-0.00027035787" />
  <node id="2434" visible="true" version="1" lat="-0.00023830678" lon="-0.0002695943" />
  <node id="2435" visible="true" version="1" lat="-0.00023830678" lon="-0.00026945955" />
  <node id="2436" visible="true" version="1" lat="-0.00023830769" lon="-0.0002693248" />
  <node id="2437" visible="true" version="1" lat="-0.00023830859" lon="-0.00026901039" />
  <node id="2438" visible="true" version="1" lat="-0.0002383095" lon="-0.00026869598" />
  <node id="2439" visible="true" version="1" lat="-0.00023832035" lon="-0.0002647434" />
  <node id="2440" visible="true" version="1" lat="-0.0002383312" lon="-0.00026074589" />
  <node id="2441" visible="true" version="1" lat="-0.0002383312" lon="-0.00026070098" />
  <node id="2442" visible="true" version="1" lat="-0.00023833211" lon="-0.00026052131" />
  <node id="2443" visible="true" version="1" lat="-0.00023833301" lon="-0.00026034165" />
  <node id="2444" visible="true" version="1" lat="-0.00023833482" lon="-0.00025948825" />
  <node id="2445" visible="true" version="1" lat="-0.00023833753" lon="-0.00025863485" />
  <node id="2446" visible="true" version="1" lat="-0.00023833844" lon="-0.00025841027" />
  <node id="2447" visible="true" version="1" lat="-0.00023833844" lon="-0.00025818569" />
  <node id="2448" visible="true" version="1" lat="-0.00023833844" lon="-0.00025809586" />
  <node id="2449" visible="true" version="1" lat="0.00001392367" lon="-0.00045419539" />
  <node id="2450" visible="true" version="1" lat="0.00001369758" lon="-0.0004541945" />
  <node id="2451" visible="true" version="1" lat="0.00001347149" lon="-0.0004541936" />
  <node id="2452" visible="true" version="1" lat="0.00001342627" lon="-0.0004541936" />
  <node id="2453" visible="true" version="1" lat="0.00001338105" lon="-0.0004541936" />
  <node id="2454" visible="true" version="1" lat="-0.00008343441" lon="-0.00045391332" />
  <node id="2455" visible="true" version="1" lat="-0.00013563553" lon="-0.00044700169" />
  <node id="2456" visible="true" version="1" lat="-0.0001846831" lon="-0.0004279556" />
  <node id="2457" visible="true" version="1" lat="-0.00020960752" lon="-0.00041243541" />
  <node id="2458" visible="true" version="1" lat="-0.00024139792" lon="-0.00038088029" />
  <node id="2459" visible="true" version="1" lat="-0.00026986114" lon="-0.00029729475" />
  <node id="2460" visible="true" version="1" lat="-0.0002698946" lon="-0.00029301158" />
  <node id="2461" visible="true" version="1" lat="-0.00026995519" lon="-0.00027121127" />
  <node id="2462" visible="true" version="1" lat="-0.000269957" lon="-0.000270445" />
  <node id="2463" visible="true" version="1" lat="-0.00026995972" lon="-0.00026968143" />
  <node id="2464" visible="true" version="1" lat="-0.00026995972" lon="-0.00026954669" />
  <node id="2465" visible="true" version="1" lat="-0.00026996062" lon="-0.00026941194" />
  <node id="2466" visible="true" version="1" lat="-0.00026996152" lon="-0.00026909753" />
  <node id="2467" visible="true" version="1" lat="-0.00026996243" lon="-0.00026878312" />
  <node id="2468" visible="true" version="1" lat="-0.00026997328" lon="-0.00026483053" />
  <node id="2469" visible="true" version="1" lat="-0.00026998413" lon="-0.00026087795" />
  <node id="2470" visible="true" version="1" lat="-0.00026998413" lon="-0.00026083303" />
  <node id="2471" visible="true" version="1" lat="-0.00026998413" lon="-0.00026078811" />
  <node id="2472" visible="true" version="1" lat="-0.00026998504" lon="-0.00026060845" />
  <node id="2473" visible="true" version="1" lat="-0.00026998504" lon="-0.00026042879" />
  <node id="2474" visible="true" version="1" lat="-0.00026998775" lon="-0.00025957539" />
  <node id="2475" visible="true" version="1" lat="-0.00026999046" lon="-0.00025849741" />
  <node id="2476" visible="true" version="1" lat="-0.00026999137" lon="-0.00025827283" />
  <node id="2477" visible="true" version="1" lat="-0.00026999137" lon="-0.000258183" />
  <node id="2478" visible="true" version="1" lat="-0.00013433685" lon="-0.0002578093" />
  <node id="2479" visible="true" version="1" lat="-0.00013433685" lon="-0.00025789913" />
  <node id="2480" visible="true" version="1" lat="-0.00013433595" lon="-0.00025807879" />
  <node id="2481" visible="true" version="1" lat="-0.00013433504" lon="-0.00025834829" />
  <node id="2482" visible="true" version="1" lat="-0.00013433323" lon="-0.00025897711" />
  <node id="2483" visible="true" version="1" lat="-0.00013430701" lon="-0.00026786774" />
  <node id="2484" visible="true" version="1" lat="-0.00012863571" lon="-0.00030338622" />
  <node id="2485" visible="true" version="1" lat="-0.00011269438" lon="-0.00033567527" />
  <node id="2486" visible="true" version="1" lat="-0.00009505014" lon="-0.00035582268" />
  <node id="2487" visible="true" version="1" lat="-0.00006365043" lon="-0.00037728972" />
  <node id="2488" visible="true" version="1" lat="-0.00002745485" lon="-0.00038916725" />
  <node id="2489" visible="true" version="1" lat="-0.00000344203" lon="-0.00039126482" />
  <node id="2490" visible="true" version="1" lat="-0.00000054986" lon="-0.0003912729" />
  <node id="2491" visible="true" version="1" lat="-0.00000036717" lon="-0.0003912729" />
  <node id="2492" visible="true" version="1" lat="-0.0000001863" lon="-0.0003912738" />
  <node id="2493" visible="true" version="1" lat="0.00000053629" lon="-0.0003912756" />
  <node id="2494" visible="true" version="1" lat="0.00000125979" lon="-0.00039127739" />
  <node id="2495" visible="true" version="1" lat="0.00000392768" lon="-0.00039128548" />
  <node id="2496" visible="true" version="1" lat="0.00000659557" lon="-0.00039129266" />
  <node id="2497" visible="true" version="1" lat="0.00001166004" lon="-0.00039130704" />
  <node id="2498" visible="true" version="1" lat="0.00001229309" lon="-0.00039130883" />
  <node id="2499" visible="true" version="1" lat="0.00001292615" lon="-0.00039131063" />
  <node id="2500" visible="true" version="1" lat="0.00001324268" lon="-0.00039131063" />
  <node id="2501" visible="true" version="1" lat="0.00001355921" lon="-0.00039131153" />
  <node id="2502" visible="true" version="1" lat="0.00001360443" lon="-0.00039131243" />
  <node id="2503" visible="true" version="1" lat="0.00001364965" lon="-0.00039131243" />
  <node id="2504" visible="true" version="1" lat="0.00001387574" lon="-0.00039131243" />
  <node id="2505" visible="true" version="1" lat="0.00001410183" lon="-0.00039131332" />
  <node id="2506" visible="true" version="1" lat="0.00001473489" lon="-0.00039131512" />
  <node id="2507" visible="true" version="1" lat="-0.00010268392" lon="-0.00025772127" />
  <node id="2508" visible="true" version="1" lat="-0.00010268392" lon="-0.0002578111" />
  <node id="2509" visible="true" version="1" lat="-0.00010268301" lon="-0.00025799076" />
  <node id="2510" visible="true" version="1" lat="-0.00010268211" lon="-0.00025826025" />
  <node id="2511" visible="true" version="1" lat="-0.0001026803" lon="-0.00025888907" />
  <node id="2512" visible="true" version="1" lat="-0.00010265498" lon="-0.00026761621" />
  <node id="2513" visible="true" version="1" lat="-0.00008666392" lon="-0.00031778622" />
  <node id="2514" visible="true" version="1" lat="-0.00007359759" lon="-0.00033270364" />
  <node id="2515" visible="true" version="1" lat="-0.0000495712" lon="-0.00034913024" />
  <node id="2516" visible="true" version="1" lat="-0.00002187579" lon="-0.00035821849" />
  <node id="2517" visible="true" version="1" lat="-0.0000033525" lon="-0.00035982378" />
  <node id="2518" visible="true" version="1" lat="-0.00000046032" lon="-0.00035983187" />
  <node id="2519" visible="true" version="1" lat="-0.00000027855" lon="-0.00035983187" />
  <node id="2520" visible="true" version="1" lat="-0.00000009767" lon="-0.00035983276" />
  <node id="2521" visible="true" version="1" lat="0.00000062492" lon="-0.00035983456" />
  <node id="2522" visible="true" version="1" lat="0.00000134841" lon="-0.00035983636" />
  <node id="2523" visible="true" version="1" lat="0.0000040163" lon="-0.00035984444" />
  <node id="2524" visible="true" version="1" lat="0.00000668419" lon="-0.00035985163" />
  <node id="2525" visible="true" version="1" lat="0.00001174866" lon="-0.000359866" />
  <node id="2526" visible="true" version="1" lat="0.00001238172" lon="-0.0003598678" />
  <node id="2527" visible="true" version="1" lat="0.00001301478" lon="-0.00035986959" />
  <node id="2528" visible="true" version="1" lat="0.00001333131" lon="-0.00035987049" />
  <node id="2529" visible="true" version="1" lat="0.00001364784" lon="-0.00035987139" />
  <node id="2530" visible="true" version="1" lat="0.00001369306" lon="-0.00035987139" />
  <node id="2531" visible="true" version="1" lat="0.00001373828" lon="-0.00035987139" />
  <node id="2532" visible="true" version="1" lat="0.00001396437" lon="-0.00035987229" />
  <node id="2533" visible="true" version="1" lat="0.00001419046" lon="-0.00035987229" />
  <node id="2534" visible="true" version="1" lat="0.00001482352" lon="-0.00035987409" />
  <node id="2535" visible="true" version="1" lat="0.00001464536" lon="-0.00042275616" />
  <node id="2536" visible="true" version="1" lat="0.0000140123" lon="-0.00042275436" />
  <node id="2537" visible="true" version="1" lat="0.00001356012" lon="-0.00042275346" />
  <node id="2538" visible="true" version="1" lat="0.0000135149" lon="-0.00042275256" />
  <node id="2539" visible="true" version="1" lat="0.00001346968" lon="-0.00042275256" />
  <node id="2540" visible="true" version="1" lat="0.00001315315" lon="-0.00042275166" />
  <node id="2541" visible="true" version="1" lat="0.00001283662" lon="-0.00042275077" />
  <node id="2542" visible="true" version="1" lat="0.00001220356" lon="-0.00042274897" />
  <node id="2543" visible="true" version="1" lat="0.0000115705" lon="-0.00042274717" />
  <node id="2544" visible="true" version="1" lat="0.00000903827" lon="-0.00042274088" />
  <node id="2545" visible="true" version="1" lat="0.00000650603" lon="-0.0004227337" />
  <node id="2546" visible="true" version="1" lat="0.00000383814" lon="-0.00042272561" />
  <node id="2547" visible="true" version="1" lat="0.00000117025" lon="-0.00042271843" />
  <node id="2548" visible="true" version="1" lat="-0.00000027583" lon="-0.00042271483" />
  <node id="2549" visible="true" version="1" lat="-0.00000045671" lon="-0.00042271394" />
  <node id="2550" visible="true" version="1" lat="-0.00000063758" lon="-0.00042271304" />
  <node id="2551" visible="true" version="1" lat="-0.00003084352" lon="-0.0004226286" />
  <node id="2552" visible="true" version="1" lat="-0.00006104856" lon="-0.00042254415" />
  <node id="2553" visible="true" version="1" lat="-0.00021374747" lon="-0.00042361225" />
  <node id="2554" visible="true" version="1" lat="-0.00036690541" lon="-0.00042168986" />
  <node id="2555" visible="true" version="1" lat="-0.00037011592" lon="-0.00042168087" />
  <node id="2556" visible="true" version="1" lat="-0.00037332643" lon="-0.00042167189" />
  <node id="2557" visible="true" version="1" lat="-0.00037427602" lon="-0.00042166919" />
  <node id="2558" visible="true" version="1" lat="-0.00037522561" lon="-0.0004216665" />
  <node id="2559" visible="true" version="1" lat="-0.00037540648" lon="-0.0004216656" />
  <node id="2560" visible="true" version="1" lat="-0.00037558736" lon="-0.0004216656" />
  <node id="2561" visible="true" version="1" lat="-0.00037694391" lon="-0.00042166201" />
  <node id="2562" visible="true" version="1" lat="-0.00037816481" lon="-0.00042165841" />
  <node id="2563" visible="true" version="1" lat="-0.00037938571" lon="-0.00042165482" />
  <node id="2564" visible="true" version="1" lat="-0.00038015442" lon="-0.00042165302" />
  <node id="2565" visible="true" version="1" lat="-0.00038092314" lon="-0.00042165033" />
  <node id="2566" visible="true" version="1" lat="-0.00038160141" lon="-0.00042164853" />
  <node id="2567" visible="true" version="1" lat="-0.00038227969" lon="-0.00042164674" />
  <node id="2568" visible="true" version="1" lat="-0.00038354581" lon="-0.00042164314" />
  <node id="2569" visible="true" version="1" lat="0.00001455673" lon="-0.00045419719" />
  <node id="2570" visible="true" version="1" lat="0.00001392367" lon="-0.00045419539" />
  <node id="2571" visible="true" version="1" lat="0.00001369758" lon="-0.0004541945" />
  <node id="2572" visible="true" version="1" lat="0.00001347149" lon="-0.0004541936" />
  <node id="2573" visible="true" version="1" lat="0.00001342627" lon="-0.0004541936" />
  <node id="2574" visible="true" version="1" lat="0.00001338105" lon="-0.0004541936" />
  <node id="2575" visible="true" version="1" lat="0.00001306452" lon="-0.0004541927" />
  <node id="2576" visible="true" version="1" lat="0.00001274799" lon="-0.0004541918" />
  <node id="2577" visible="true" version="1" lat="0.00001211493" lon="-0.00045419" />
  <node id="2578" visible="true" version="1" lat="0.00001148187" lon="-0.00045418821" />
  <node id="2579" visible="true" version="1" lat="0.00000894964" lon="-0.00045418102" />
  <node id="2580" visible="true" version="1" lat="0.00000641741" lon="-0.00045417473" />
  <node id="2581" visible="true" version="1" lat="0.00000374952" lon="-0.00045416665" />
  <node id="2582" visible="true" version="1" lat="0.00000108163" lon="-0.00045415946" />
  <node id="2583" visible="true" version="1" lat="0.00000035813" lon="-0.00045415766" />
  <node id="2584" visible="true" version="1" lat="-0.00000036446" lon="-0.00045415497" />
  <node id="2585" visible="true" version="1" lat="-0.00000054533" lon="-0.00045415497" />
  <node id="2586" visible="true" version="1" lat="-0.00000072621" lon="-0.00045415407" />
  <node id="2587" visible="true" version="1" lat="-0.00003093215" lon="-0.00045406963" />
  <node id="2588" visible="true" version="1" lat="-0.00006113809" lon="-0.00045398519" />
  <node id="2589" visible="true" version="1" lat="-0.00021406606" lon="-0.00045355759" />
  <node id="2590" visible="true" version="1" lat="-0.00036699494" lon="-0.00045313089" />
  <node id="2591" visible="true" version="1" lat="-0.00037020545" lon="-0.00045312191" />
  <node id="2592" visible="true" version="1" lat="-0.00037341597" lon="-0.00045311292" />
  <node id="2593" visible="true" version="1" lat="-0.00037436555" lon="-0.00045311023" />
  <node id="2594" visible="true" version="1" lat="-0.00037531514" lon="-0.00045310753" />
  <node id="2595" visible="true" version="1" lat="-0.00037549602" lon="-0.00045310664" />
  <node id="2596" visible="true" version="1" lat="-0.00037567689" lon="-0.00045310664" />
  <node id="2597" visible="true" version="1" lat="-0.00037635517" lon="-0.00045310394" />
  <node id="2598" visible="true" version="1" lat="-0.00037703344" lon="-0.00045310214" />
  <node id="2599" visible="true" version="1" lat="-0.00037825434" lon="-0.00045309945" />
  <node id="2600" visible="true" version="1" lat="-0.00037947524" lon="-0.00045309586" />
  <node id="2601" visible="true" version="1" lat="-0.00038024396" lon="-0.00045309316" />
  <node id="2602" visible="true" version="1" lat="-0.00038101267" lon="-0.00045309136" />
  <node id="2603" visible="true" version="1" lat="-0.00038169095" lon="-0.00045308957" />
  <node id="2604" visible="true" version="1" lat="-0.00038236922" lon="-0.00045308777" />
  <node id="2605" visible="true" version="1" lat="-0.00038363534" lon="-0.00045308418" />
  <node id="2606" visible="true" version="1" lat="0.0000144672" lon="-0.00048563823" />
  <node id="2607" visible="true" version="1" lat="0.00001383414" lon="-0.00048563643" />
  <node id="2608" visible="true" version="1" lat="0.00001360805" lon="-0.00048563553" />
  <node id="2609" visible="true" version="1" lat="0.00001338196" lon="-0.00048563463" />
  <node id="2610" visible="true" version="1" lat="0.00001333674" lon="-0.00048563463" />
  <node id="2611" visible="true" version="1" lat="0.00001329152" lon="-0.00048563463" />
  <node id="2612" visible="true" version="1" lat="0.00001297499" lon="-0.00048563373" />
  <node id="2613" visible="true" version="1" lat="0.00001265846" lon="-0.00048563284" />
  <node id="2614" visible="true" version="1" lat="0.0000120254" lon="-0.00048563104" />
  <node id="2615" visible="true" version="1" lat="0.00001139234" lon="-0.00048562924" />
  <node id="2616" visible="true" version="1" lat="0.00000886011" lon="-0.00048562206" />
  <node id="2617" visible="true" version="1" lat="0.00000632787" lon="-0.00048561487" />
  <node id="2618" visible="true" version="1" lat="0.00000365998" lon="-0.00048560768" />
  <node id="2619" visible="true" version="1" lat="0.00000099209" lon="-0.0004856005" />
  <node id="2620" visible="true" version="1" lat="0.0000002686" lon="-0.0004855987" />
  <node id="2621" visible="true" version="1" lat="-0.00000045399" lon="-0.000485596" />
  <node id="2622" visible="true" version="1" lat="-0.00000063487" lon="-0.000485596" />
  <node id="2623" visible="true" version="1" lat="-0.00000081574" lon="-0.00048559511" />
  <node id="2624" visible="true" version="1" lat="-0.00003102168" lon="-0.00048551066" />
  <node id="2625" visible="true" version="1" lat="-0.00006122672" lon="-0.00048542622" />
  <node id="2626" visible="true" version="1" lat="-0.0002141556" lon="-0.00048499863" />
  <node id="2627" visible="true" version="1" lat="-0.00036708357" lon="-0.00048457103" />
  <node id="2628" visible="true" version="1" lat="-0.00037029408" lon="-0.00048456204" />
  <node id="2629" visible="true" version="1" lat="-0.00037350459" lon="-0.00048455306" />
  <node id="2630" visible="true" version="1" lat="-0.00037445418" lon="-0.00048455126" />
  <node id="2631" visible="true" version="1" lat="-0.00037540377" lon="-0.00048454857" />
  <node id="2632" visible="true" version="1" lat="-0.00037558464" lon="-0.00048454767" />
  <node id="2633" visible="true" version="1" lat="-0.00037576552" lon="-0.00048454677" />
  <node id="2634" visible="true" version="1" lat="-0.00037644379" lon="-0.00048454498" />
  <node id="2635" visible="true" version="1" lat="-0.00037712207" lon="-0.00048454318" />
  <node id="2636" visible="true" version="1" lat="-0.00037834297" lon="-0.00048453959" />
  <node id="2637" visible="true" version="1" lat="-0.00037956387" lon="-0.00048453689" />
  <node id="2638" visible="true" version="1" lat="-0.00038033258" lon="-0.0004845342" />
  <node id="2639" visible="true" version="1" lat="-0.0003811013" lon="-0.0004845324" />
  <node id="2640" visible="true" version="1" lat="-0.00038177957" lon="-0.0004845306" />
  <node id="2641" visible="true" version="1" lat="-0.00038245785" lon="-0.00048452881" />
  <node id="2642" visible="true" version="1" lat="-0.00038372397" lon="-0.00048452521" />
  <node id="2643" visible="true" version="1" lat="-0.00038354581" lon="-0.00042164314" />
  <node id="2644" visible="true" version="1" lat="-0.00038227969" lon="-0.00042164674" />
  <node id="2645" visible="true" version="1" lat="-0.00038160141" lon="-0.00042164853" />
  <node id="2646" visible="true" version="1" lat="-0.00038092314" lon="-0.00042165033" />
  <node id="2647" visible="true" version="1" lat="-0.00038015442" lon="-0.00042165302" />
  <node id="2648" visible="true" version="1" lat="-0.00037938571" lon="-0.00042165482" />
  <node id="2649" visible="true" version="1" lat="-0.00037816481" lon="-0.00042165841" />
  <node id="2650" visible="true" version="1" lat="-0.00037694391" lon="-0.00042166201" />
  <node id="2651" visible="true" version="1" lat="-0.00037626563" lon="-0.0004216638" />
  <node id="2652" visible="true" version="1" lat="-0.00037558736" lon="-0.0004216656" />
  <node id="2653" visible="true" version="1" lat="-0.00037540648" lon="-0.0004216656" />
  <node id="2654" visible="true" version="1" lat="-0.00037522561" lon="-0.0004216665" />
  <node id="2655" visible="true" version="1" lat="-0.00037427602" lon="-0.00042166919" />
  <node id="2656" visible="true" version="1" lat="-0.00037332643" lon="-0.00042167189" />
  <node id="2657" visible="true" version="1" lat="-0.00037011592" lon="-0.00042168087" />
  <node id="2658" visible="true" version="1" lat="-0.00036690541" lon="-0.00042168986" />
  <node id="2659" visible="true" version="1" lat="-0.00021397744" lon="-0.00042211745" />
  <node id="2660" visible="true" version="1" lat="-0.00006104856" lon="-0.00042254415" />
  <node id="2661" visible="true" version="1" lat="-0.00003084352" lon="-0.0004226286" />
  <node id="2662" visible="true" version="1" lat="-0.00000063758" lon="-0.00042271304" />
  <node id="2663" visible="true" version="1" lat="-0.00000045671" lon="-0.00042271394" />
  <node id="2664" visible="true" version="1" lat="-0.00000027583" lon="-0.00042271483" />
  <node id="2665" visible="true" version="1" lat="0.00000044676" lon="-0.00042271663" />
  <node id="2666" visible="true" version="1" lat="0.00000117025" lon="-0.00042271843" />
  <node id="2667" visible="true" version="1" lat="0.00000383814" lon="-0.00042272561" />
  <node id="2668" visible="true" version="1" lat="0.00000650603" lon="-0.0004227337" />
  <node id="2669" visible="true" version="1" lat="0.00000903827" lon="-0.00042274088" />
  <node id="2670" visible="true" version="1" lat="0.0000115705" lon="-0.00042274717" />
  <node id="2671" visible="true" version="1" lat="0.00001220356" lon="-0.00042274897" />
  <node id="2672" visible="true" version="1" lat="0.00001283662" lon="-0.00042275077" />
  <node id="2673" visible="true" version="1" lat="0.00001315315" lon="-0.00042275166" />
  <node id="2674" visible="true" version="1" lat="0.00001346968" lon="-0.00042275256" />
  <node id="2675" visible="true" version="1" lat="0.0000135149" lon="-0.00042275256" />
  <node id="2676" visible="true" version="1" lat="0.00001356012" lon="-0.00042275346" />
  <node id="2677" visible="true" version="1" lat="0.00001378621" lon="-0.00042275346" />
  <node id="2678" visible="true" version="1" lat="0.0000140123" lon="-0.00042275436" />
  <node id="2679" visible="true" version="1" lat="0.00001464536" lon="-0.00042275616" />
  <node id="2680" visible="true" version="1" lat="-0.00038345718" lon="-0.00039020211" />
  <node id="2681" visible="true" version="1" lat="-0.00038219106" lon="-0.0003902057" />
  <node id="2682" visible="true" version="1" lat="-0.00038151279" lon="-0.0003902075" />
  <node id="2683" visible="true" version="1" lat="-0.00038083451" lon="-0.00039020929" />
  <node id="2684" visible="true" version="1" lat="-0.00038006579" lon="-0.00039021199" />
  <node id="2685" visible="true" version="1" lat="-0.00037929708" lon="-0.00039021379" />
  <node id="2686" visible="true" version="1" lat="-0.00037807618" lon="-0.00039021738" />
  <node id="2687" visible="true" version="1" lat="-0.00037685528" lon="-0.00039022097" />
  <node id="2688" visible="true" version="1" lat="-0.00037617701" lon="-0.00039022277" />
  <node id="2689" visible="true" version="1" lat="-0.00037549873" lon="-0.00039022457" />
  <node id="2690" visible="true" version="1" lat="-0.00037531785" lon="-0.00039022457" />
  <node id="2691" visible="true" version="1" lat="-0.00037513698" lon="-0.00039022546" />
  <node id="2692" visible="true" version="1" lat="-0.00037418739" lon="-0.00039022816" />
  <node id="2693" visible="true" version="1" lat="-0.00037323781" lon="-0.00039023085" />
  <node id="2694" visible="true" version="1" lat="-0.00037002729" lon="-0.00039023984" />
  <node id="2695" visible="true" version="1" lat="-0.00036681678" lon="-0.00039024882" />
  <node id="2696" visible="true" version="1" lat="-0.0002138879" lon="-0.00039067642" />
  <node id="2697" visible="true" version="1" lat="-0.00006095993" lon="-0.00039110402" />
  <node id="2698" visible="true" version="1" lat="-0.00003075399" lon="-0.00039118846" />
  <node id="2699" visible="true" version="1" lat="-0.00000054805" lon="-0.0003912729" />
  <node id="2700" visible="true" version="1" lat="-0.00000036717" lon="-0.0003912729" />
  <node id="2701" visible="true" version="1" lat="-0.0000001863" lon="-0.0003912738" />
  <node id="2702" visible="true" version="1" lat="0.00000053629" lon="-0.0003912756" />
  <node id="2703" visible="true" version="1" lat="0.00000125979" lon="-0.00039127739" />
  <node id="2704" visible="true" version="1" lat="0.00000392768" lon="-0.00039128548" />
  <node id="2705" visible="true" version="1" lat="0.00000659557" lon="-0.00039129266" />
  <node id="2706" visible="true" version="1" lat="0.0000091278" lon="-0.00039129985" />
  <node id="2707" visible="true" version="1" lat="0.00001166004" lon="-0.00039130704" />
  <node id="2708" visible="true" version="1" lat="0.00001229309" lon="-0.00039130883" />
  <node id="2709" visible="true" version="1" lat="0.00001292615" lon="-0.00039131063" />
  <node id="2710" visible="true" version="1" lat="0.00001324268" lon="-0.00039131063" />
  <node id="2711" visible="true" version="1" lat="0.00001355921" lon="-0.00039131153" />
  <node id="2712" visible="true" version="1" lat="0.00001360443" lon="-0.00039131243" />
  <node id="2713" visible="true" version="1" lat="0.00001364965" lon="-0.00039131243" />
  <node id="2714" visible="true" version="1" lat="0.00001387574" lon="-0.00039131243" />
  <node id="2715" visible="true" version="1" lat="0.00001410183" lon="-0.00039131332" />
  <node id="2716" visible="true" version="1" lat="0.00001473489" lon="-0.00039131512" />
  <node id="2717" visible="true" version="1" lat="-0.00038336765" lon="-0.00035876107" />
  <node id="2718" visible="true" version="1" lat="-0.00038210153" lon="-0.00035876467" />
  <node id="2719" visible="true" version="1" lat="-0.00038142325" lon="-0.00035876646" />
  <node id="2720" visible="true" version="1" lat="-0.00038074498" lon="-0.00035876826" />
  <node id="2721" visible="true" version="1" lat="-0.00037997626" lon="-0.00035877095" />
  <node id="2722" visible="true" version="1" lat="-0.00037920755" lon="-0.00035877275" />
  <node id="2723" visible="true" version="1" lat="-0.00037798665" lon="-0.00035877634" />
  <node id="2724" visible="true" version="1" lat="-0.00037676575" lon="-0.00035877994" />
  <node id="2725" visible="true" version="1" lat="-0.00037608747" lon="-0.00035878173" />
  <node id="2726" visible="true" version="1" lat="-0.0003754092" lon="-0.00035878353" />
  <node id="2727" visible="true" version="1" lat="-0.00037522832" lon="-0.00035878443" />
  <node id="2728" visible="true" version="1" lat="-0.00037504745" lon="-0.00035878443" />
  <node id="2729" visible="true" version="1" lat="-0.00037409786" lon="-0.00035878712" />
  <node id="2730" visible="true" version="1" lat="-0.00037314827" lon="-0.00035878982" />
  <node id="2731" visible="true" version="1" lat="-0.00036993776" lon="-0.0003587988" />
  <node id="2732" visible="true" version="1" lat="-0.00036672725" lon="-0.00035880779" />
  <node id="2733" visible="true" version="1" lat="-0.00021379927" lon="-0.00035923538" />
  <node id="2734" visible="true" version="1" lat="-0.0000608704" lon="-0.00035966298" />
  <node id="2735" visible="true" version="1" lat="-0.00003066536" lon="-0.00035974742" />
  <node id="2736" visible="true" version="1" lat="-0.00000045942" lon="-0.00035983187" />
  <node id="2737" visible="true" version="1" lat="-0.00000027855" lon="-0.00035983187" />
  <node id="2738" visible="true" version="1" lat="-0.00000009767" lon="-0.00035983276" />
  <node id="2739" visible="true" version="1" lat="0.00000062492" lon="-0.00035983456" />
  <node id="2740" visible="true" version="1" lat="0.00000134841" lon="-0.00035983636" />
  <node id="2741" visible="true" version="1" lat="0.0000040163" lon="-0.00035984444" />
  <node id="2742" visible="true" version="1" lat="0.00000668419" lon="-0.00035985163" />
  <node id="2743" visible="true" version="1" lat="0.00000921643" lon="-0.00035985881" />
  <node id="2744" visible="true" version="1" lat="0.00001174866" lon="-0.000359866" />
  <node id="2745" visible="true" version="1" lat="0.00001238172" lon="-0.0003598678" />
  <node id="2746" visible="true" version="1" lat="0.00001301478" lon="-0.00035986959" />
  <node id="2747" visible="true" version="1" lat="0.00001333131" lon="-0.00035987049" />
  <node id="2748" visible="true" version="1" lat="0.00001364784" lon="-0.00035987139" />
  <node id="2749" visible="true" version="1" lat="0.00009774657" lon="-0.00111357537" />
  <node id="2750" visible="true" version="1" lat="0.00001369306" lon="-0.00035987139" />
  <node id="2751" visible="true" version="1" lat="0.00001373828" lon="-0.00035987139" />
  <node id="2752" visible="true" version="1" lat="0.00001396437" lon="-0.00035987229" />
  <node id="2753" visible="true" version="1" lat="0.00001419046" lon="-0.00035987229" />
  <node id="2754" visible="true" version="1" lat="0.00001482352" lon="-0.00035987409" />
  <node id="2755" visible="true" version="1" lat="-0.00105614348" lon="-0.00041976297" />
  <node id="2756" visible="true" version="1" lat="-0.00106066532" lon="-0.00041981417" />
  <node id="2757" visible="true" version="1" lat="-0.00110173998" lon="-0.00042621197" />
  <node id="2758" visible="true" version="1" lat="-0.00113977233" lon="-0.00044289549" />
  <node id="2759" visible="true" version="1" lat="-0.00117220212" lon="-0.00046873912" />
  <node id="2760" visible="true" version="1" lat="-0.00117741219" lon="-0.000474403" />
  <node id="2761" visible="true" version="1" lat="-0.00118038123" lon="-0.00047779054" />
  <node id="2762" visible="true" version="1" lat="-0.00118448617" lon="-0.00048247436" />
  <node id="2763" visible="true" version="1" lat="-0.00118740276" lon="-0.00048590682" />
  <node id="2764" visible="true" version="1" lat="-0.00120827289" lon="-0.00051970683" />
  <node id="2765" visible="true" version="1" lat="-0.00121927093" lon="-0.00055782235" />
  <node id="2766" visible="true" version="1" lat="-0.0012202784" lon="-0.00059104205" />
  <node id="2767" visible="true" version="1" lat="-0.00121485037" lon="-0.00063043048" />
  <node id="2768" visible="true" version="1" lat="-0.00121380854" lon="-0.00063565239" />
  <node id="2769" visible="true" version="1" lat="-0.00121294848" lon="-0.00063969481" />
  <node id="2770" visible="true" version="1" lat="-0.00105623301" lon="-0.000451204" />
  <node id="2771" visible="true" version="1" lat="-0.00105986134" lon="-0.00045124443" />
  <node id="2772" visible="true" version="1" lat="-0.00109281837" lon="-0.0004563792" />
  <node id="2773" visible="true" version="1" lat="0.00009866009" lon="-0.00106104825" />
  <node id="2774" visible="true" version="1" lat="-0.00112333632" lon="-0.00046976499" />
  <node id="2775" visible="true" version="1" lat="-0.00114935684" lon="-0.0004905017" />
  <node id="2776" visible="true" version="1" lat="-0.00115353864" lon="-0.00049504628" />
  <node id="2777" visible="true" version="1" lat="-0.00115650769" lon="-0.00049843473" />
  <node id="2778" visible="true" version="1" lat="-0.00116061172" lon="-0.00050311764" />
  <node id="2779" visible="true" version="1" lat="-0.00116290339" lon="-0.00050581529" />
  <node id="2780" visible="true" version="1" lat="-0.00117930232" lon="-0.00053237308" />
  <node id="2781" visible="true" version="1" lat="-0.00118794357" lon="-0.00056232201" />
  <node id="2782" visible="true" version="1" lat="-0.0011887358" lon="-0.00058842436" />
  <node id="2783" visible="true" version="1" lat="-0.00118375996" lon="-0.00062453304" />
  <node id="2784" visible="true" version="1" lat="-0.00118280404" lon="-0.00062932016" />
  <node id="2785" visible="true" version="1" lat="-0.00118201543" lon="-0.00063302571" />
  <node id="2786" visible="true" version="1" lat="-0.00104436497" lon="-0.00045123724" />
  <node id="2787" visible="true" version="1" lat="-0.00104436497" lon="-0.00045123724" />
  <node id="2788" visible="true" version="1" lat="0.0000963763" lon="-0.00103775361" />
  <node id="2789" visible="true" version="1" lat="-0.00105995178" lon="-0.00045127946" />
  <node id="2790" visible="true" version="1" lat="-0.00109569155" lon="-0.00045786861" />
  <node id="2791" visible="true" version="1" lat="-0.00112791785" lon="-0.00047457278" />
  <node id="2792" visible="true" version="1" lat="-0.0011538" lon="-0.00049992593" />
  <node id="2793" visible="true" version="1" lat="-0.00116311953" lon="-0.00051419657" />
  <node id="2794" visible="true" version="1" lat="-0.00117952027" lon="-0.00055382215" />
  <node id="2795" visible="true" version="1" lat="-0.00118550177" lon="-0.00059625228" />
  <node id="2796" visible="true" version="1" lat="-0.0010444536" lon="-0.00048267828" />
  <node id="2797" visible="true" version="1" lat="-0.0010444536" lon="-0.00048267828" />
  <node id="2798" visible="true" version="1" lat="-0.00105885025" lon="-0.00048270163" />
  <node id="2799" visible="true" version="1" lat="-0.00108536727" lon="-0.00048759026" />
  <node id="2800" visible="true" version="1" lat="0.0000963763" lon="-0.0010066941" />
  <node id="2801" visible="true" version="1" lat="-0.00110927699" lon="-0.00049998432" />
  <node id="2802" visible="true" version="1" lat="-0.00112848037" lon="-0.00051879414" />
  <node id="2803" visible="true" version="1" lat="-0.00113558058" lon="-0.000529697" />
  <node id="2804" visible="true" version="1" lat="-0.00114896886" lon="-0.00056204443" />
  <node id="2805" visible="true" version="1" lat="-0.00115385155" lon="-0.00059668077" />
  <node id="2806" visible="true" version="1" lat="-0.00119182693" lon="-0.0002565849" />
  <node id="2807" visible="true" version="1" lat="-0.00119182512" lon="-0.00025689931" />
  <node id="2808" visible="true" version="1" lat="-0.00119181246" lon="-0.00025875433" />
  <node id="2809" visible="true" version="1" lat="-0.00118601365" lon="-0.00029611526" />
  <node id="2810" visible="true" version="1" lat="-0.0011699014" lon="-0.00033036173" />
  <node id="2811" visible="true" version="1" lat="-0.00115392029" lon="-0.00035020911" />
  <node id="2812" visible="true" version="1" lat="-0.00112464223" lon="-0.00037249901" />
  <node id="2813" visible="true" version="1" lat="-0.00109012787" lon="-0.00038543385" />
  <node id="2814" visible="true" version="1" lat="-0.00106300221" lon="-0.00038830307" />
  <node id="2815" visible="true" version="1" lat="-0.00105693842" lon="-0.00038831924" />
  <node id="2816" visible="true" version="1" lat="-0.00105056261" lon="-0.00038833721" />
  <node id="2817" visible="true" version="1" lat="-0.00104418681" lon="-0.00038835517" />
  <node id="2818" visible="true" version="1" lat="0.00009728982" lon="-0.00097837513" />
  <node id="2819" visible="true" version="1" lat="-0.00104188066" lon="-0.00038836146" />
  <node id="2820" visible="true" version="1" lat="-0.00116017491" lon="-0.00025639176" />
  <node id="2821" visible="true" version="1" lat="-0.0011601731" lon="-0.00025670617" />
  <node id="2822" visible="true" version="1" lat="-0.00116016134" lon="-0.00025841297" />
  <node id="2823" visible="true" version="1" lat="-0.00115572903" lon="-0.00028697221" />
  <node id="2824" visible="true" version="1" lat="-0.00114341242" lon="-0.00031315091" />
  <node id="2825" visible="true" version="1" lat="-0.00113120252" lon="-0.00032831537" />
  <node id="2826" visible="true" version="1" lat="-0.00110926252" lon="-0.00034501865" />
  <node id="2827" visible="true" version="1" lat="-0.00108339936" lon="-0.00035471147" />
  <node id="2828" visible="true" version="1" lat="-0.00106291359" lon="-0.00035686203" />
  <node id="2829" visible="true" version="1" lat="-0.00105684888" lon="-0.0003568791" />
  <node id="2830" visible="true" version="1" lat="-0.00105047308" lon="-0.00035689617" />
  <node id="2831" visible="true" version="1" lat="-0.00104409727" lon="-0.00035691414" />
  <node id="2832" visible="true" version="1" lat="-0.00104179113" lon="-0.00035692043" />
  <node id="2833" visible="true" version="1" lat="-0.00119182693" lon="-0.0002565849" />
  <node id="2834" visible="true" version="1" lat="0.00009728982" lon="-0.00097426431" />
  <node id="2835" visible="true" version="1" lat="-0.00119182512" lon="-0.00025689931" />
  <node id="2836" visible="true" version="1" lat="-0.00119182422" lon="-0.00025703405" />
  <node id="2837" visible="true" version="1" lat="-0.00119182332" lon="-0.0002571715" />
  <node id="2838" visible="true" version="1" lat="-0.00119173378" lon="-0.00027135949" />
  <node id="2839" visible="true" version="1" lat="-0.00118584815" lon="-0.00031402407" />
  <node id="2840" visible="true" version="1" lat="-0.00116953151" lon="-0.00035392185" />
  <node id="2841" visible="true" version="1" lat="-0.00115592256" lon="-0.00037446901" />
  <node id="2842" visible="true" version="1" lat="-0.00113028821" lon="-0.00039880438" />
  <node id="2843" visible="true" version="1" lat="-0.00109848244" lon="-0.00041437398" />
  <node id="2844" visible="true" version="1" lat="-0.00106343812" lon="-0.00041974231" />
  <node id="2845" visible="true" version="1" lat="-0.0010601019" lon="-0.00041975219" />
  <node id="2846" visible="true" version="1" lat="-0.00105856447" lon="-0.00041975668" />
  <node id="2847" visible="true" version="1" lat="-0.00105702704" lon="-0.00041976027" />
  <node id="2848" visible="true" version="1" lat="-0.00105065124" lon="-0.00041977824" />
  <node id="2849" visible="true" version="1" lat="-0.00104427544" lon="-0.00041979621" />
  <node id="2850" visible="true" version="1" lat="0.00009774657" lon="-0.0009432048" />
  <node id="2851" visible="true" version="1" lat="-0.00104196929" lon="-0.0004198025" />
  <node id="2852" visible="true" version="1" lat="-0.00116017491" lon="-0.00025639176" />
  <node id="2853" visible="true" version="1" lat="-0.0011601731" lon="-0.00025670617" />
  <node id="2854" visible="true" version="1" lat="-0.00116017219" lon="-0.00025684092" />
  <node id="2855" visible="true" version="1" lat="-0.00116017129" lon="-0.00025697836" />
  <node id="2856" visible="true" version="1" lat="-0.00116008266" lon="-0.00027100375" />
  <node id="2857" visible="true" version="1" lat="-0.00115526689" lon="-0.00030591049" />
  <node id="2858" visible="true" version="1" lat="-0.00114191749" lon="-0.00033855437" />
  <node id="2859" visible="true" version="1" lat="-0.00113083173" lon="-0.00035530166" />
  <node id="2860" visible="true" version="1" lat="-0.00111214746" lon="-0.00037303979" />
  <node id="2861" visible="true" version="1" lat="-0.00108896395" lon="-0.00038438821" />
  <node id="2862" visible="true" version="1" lat="-0.00106334949" lon="-0.00038830217" />
  <node id="2863" visible="true" version="1" lat="0.00009500603" lon="-0.00091123177" />
  <node id="2864" visible="true" version="1" lat="-0.00106001327" lon="-0.00038831115" />
  <node id="2865" visible="true" version="1" lat="-0.00105847584" lon="-0.00038831565" />
  <node id="2866" visible="true" version="1" lat="-0.00105693842" lon="-0.00038831924" />
  <node id="2867" visible="true" version="1" lat="-0.00105056261" lon="-0.00038833721" />
  <node id="2868" visible="true" version="1" lat="-0.00104418681" lon="-0.00038835517" />
  <node id="2869" visible="true" version="1" lat="-0.00104188066" lon="-0.00038836146" />
  <node id="2870" visible="true" version="1" lat="-0.00122347986" lon="-0.00025677803" />
  <node id="2871" visible="true" version="1" lat="-0.00122347806" lon="-0.00025709244" />
  <node id="2872" visible="true" version="1" lat="0.00009272224" lon="-0.00089022092" />
  <node id="2873" visible="true" version="1" lat="-0.00122347715" lon="-0.00025722719" />
  <node id="2874" visible="true" version="1" lat="-0.00122347625" lon="-0.00025736194" />
  <node id="2875" visible="true" version="1" lat="-0.00122346811" lon="-0.0002586645" />
  <node id="2876" visible="true" version="1" lat="-0.00122345997" lon="-0.00025996705" />
  <node id="2877" visible="true" version="1" lat="-0.00122327005" lon="-0.00029059871" />
  <node id="2878" visible="true" version="1" lat="-0.00122308104" lon="-0.00032123126" />
  <node id="2879" visible="true" version="1" lat="-0.0012226804" lon="-0.00038599799" />
  <node id="2880" visible="true" version="1" lat="-0.00122188727" lon="-0.00051409596" />
  <node id="2881" visible="true" version="1" lat="-0.00122188637" lon="-0.0005142307" />
  <node id="2882" visible="true" version="1" lat="-0.00122188637" lon="-0.00051436545" />
  <node id="2883" visible="true" version="1" lat="0.00008952494" lon="-0.00083403975" />
  <node id="2884" visible="true" version="1" lat="-0.00122165304" lon="-0.00055195905" />
  <node id="2885" visible="true" version="1" lat="-0.0012204032" lon="-0.0005895221" />
  <node id="2886" visible="true" version="1" lat="-0.0012203417" lon="-0.00059028297" />
  <node id="2887" visible="true" version="1" lat="-0.0012202784" lon="-0.00059104385" />
  <node id="2888" visible="true" version="1" lat="-0.0012177136" lon="-0.00061344424" />
  <node id="2889" visible="true" version="1" lat="-0.00121380854" lon="-0.00063565239" />
  <node id="2890" visible="true" version="1" lat="-0.00121294848" lon="-0.00063969481" />
  <node id="2891" visible="true" version="1" lat="-0.00119182693" lon="-0.0002565849" />
  <node id="2892" visible="true" version="1" lat="-0.00119182512" lon="-0.00025689931" />
  <node id="2893" visible="true" version="1" lat="-0.00119182422" lon="-0.00025703405" />
  <node id="2894" visible="true" version="1" lat="-0.00119182332" lon="-0.0002571688" />
  <node id="2895" visible="true" version="1" lat="-0.00119181608" lon="-0.00025847136" />
  <node id="2896" visible="true" version="1" lat="-0.00119180794" lon="-0.00025977392" />
  <node id="2897" visible="true" version="1" lat="-0.00119161802" lon="-0.00029040557" />
  <node id="2898" visible="true" version="1" lat="-0.00119142811" lon="-0.00032103812" />
  <node id="2899" visible="true" version="1" lat="-0.00119102747" lon="-0.00038580486" />
  <node id="2900" visible="true" version="1" lat="-0.00119023524" lon="-0.00051390282" />
  <node id="2901" visible="true" version="1" lat="-0.00119023434" lon="-0.00051403757" />
  <node id="2902" visible="true" version="1" lat="-0.00119023343" lon="-0.00051417231" />
  <node id="2903" visible="true" version="1" lat="-0.00119000101" lon="-0.00055176591" />
  <node id="2904" visible="true" version="1" lat="-0.00118884975" lon="-0.00058703017" />
  <node id="2905" visible="true" version="1" lat="-0.00118879368" lon="-0.00058772816" />
  <node id="2906" visible="true" version="1" lat="-0.0011887358" lon="-0.00058842526" />
  <node id="2907" visible="true" version="1" lat="-0.00118638444" lon="-0.00060896074" />
  <node id="2908" visible="true" version="1" lat="-0.00118280404" lon="-0.00062932016" />
  <node id="2909" visible="true" version="1" lat="-0.00118201543" lon="-0.00063302571" />
  <node id="2910" visible="true" version="1" lat="-0.00116017491" lon="-0.00025639176" />
  <node id="2911" visible="true" version="1" lat="-0.0011601731" lon="-0.00025670617" />
  <node id="2912" visible="true" version="1" lat="-0.00116017219" lon="-0.00025684092" />
  <node id="2913" visible="true" version="1" lat="-0.00116017129" lon="-0.00025697566" />
  <node id="2914" visible="true" version="1" lat="-0.00116016315" lon="-0.00025827822" />
  <node id="2915" visible="true" version="1" lat="-0.00116015501" lon="-0.00025958078" />
  <node id="2916" visible="true" version="1" lat="-0.001159966" lon="-0.00029021243" />
  <node id="2917" visible="true" version="1" lat="-0.00115977608" lon="-0.00032084498" />
  <node id="2918" visible="true" version="1" lat="-0.00115937544" lon="-0.00038561172" />
  <node id="2919" visible="true" version="1" lat="-0.00115858322" lon="-0.00051370968" />
  <node id="2920" visible="true" version="1" lat="-0.00115858231" lon="-0.00051384443" />
  <node id="2921" visible="true" version="1" lat="-0.00115858141" lon="-0.00051397917" />
  <node id="2922" visible="true" version="1" lat="-0.00115834898" lon="-0.00055157277" />
  <node id="2923" visible="true" version="1" lat="-0.0011572963" lon="-0.00058453915" />
  <node id="2924" visible="true" version="1" lat="-0.00115724475" lon="-0.00058517336" />
  <node id="2925" visible="true" version="1" lat="-0.00115719229" lon="-0.00058580757" />
  <node id="2926" visible="true" version="1" lat="-0.00115505527" lon="-0.00060447725" />
  <node id="2927" visible="true" version="1" lat="-0.00115179954" lon="-0.00062298794" />
  <node id="2928" visible="true" version="1" lat="-0.00115108328" lon="-0.00062635752" />
  <node id="2929" visible="true" version="1" lat="-0.00121294848" lon="-0.00063969481" />
  <node id="2930" visible="true" version="1" lat="-0.00121380854" lon="-0.00063565239" />
  <node id="2931" visible="true" version="1" lat="-0.0012177136" lon="-0.00061344424" />
  <node id="2932" visible="true" version="1" lat="-0.0012202784" lon="-0.00059104385" />
  <node id="2933" visible="true" version="1" lat="-0.0012203417" lon="-0.00059028297" />
  <node id="2934" visible="true" version="1" lat="-0.0012204032" lon="-0.0005895221" />
  <node id="2935" visible="true" version="1" lat="-0.00122181582" lon="-0.0005257516" />
  <node id="2936" visible="true" version="1" lat="-0.00122188637" lon="-0.00051436545" />
  <node id="2937" visible="true" version="1" lat="-0.00122188637" lon="-0.0005142307" />
  <node id="2938" visible="true" version="1" lat="-0.00122188727" lon="-0.00051409596" />
  <node id="2939" visible="true" version="1" lat="-0.00122409499" lon="-0.00041837693" />
  <node id="2940" visible="true" version="1" lat="-0.00122308104" lon="-0.00032123126" />
  <node id="2941" visible="true" version="1" lat="-0.00122327005" lon="-0.00029059871" />
  <node id="2942" visible="true" version="1" lat="-0.00122345997" lon="-0.00025996705" />
  <node id="2943" visible="true" version="1" lat="-0.00122346811" lon="-0.0002586645" />
  <node id="2944" visible="true" version="1" lat="-0.00122347625" lon="-0.00025736194" />
  <node id="2945" visible="true" version="1" lat="-0.00122347715" lon="-0.00025722719" />
  <node id="2946" visible="true" version="1" lat="-0.00122347806" lon="-0.00025709244" />
  <node id="2947" visible="true" version="1" lat="-0.00122347986" lon="-0.00025677803" />
  <node id="2948" visible="true" version="1" lat="-0.00124388154" lon="-0.0006463639" />
  <node id="2949" visible="true" version="1" lat="-0.00124481304" lon="-0.00064198461" />
  <node id="2950" visible="true" version="1" lat="-0.00124904368" lon="-0.00061792683" />
  <node id="2951" visible="true" version="1" lat="-0.001251821" lon="-0.00059366244" />
  <node id="2952" visible="true" version="1" lat="-0.00125188973" lon="-0.00059283778" />
  <node id="2953" visible="true" version="1" lat="-0.00125201414" lon="-0.00059178316" />
  <node id="2954" visible="true" version="1" lat="-0.00125346785" lon="-0.00052594473" />
  <node id="2955" visible="true" version="1" lat="-0.00125353839" lon="-0.00051455859" />
  <node id="2956" visible="true" version="1" lat="-0.0012535393" lon="-0.00051442384" />
  <node id="2957" visible="true" version="1" lat="-0.0012535402" lon="-0.00051428909" />
  <node id="2958" visible="true" version="1" lat="-0.00125413618" lon="-0.00041785674" />
  <node id="2959" visible="true" version="1" lat="-0.00125473306" lon="-0.0003214244" />
  <node id="2960" visible="true" version="1" lat="-0.00125492298" lon="-0.00029079274" />
  <node id="2961" visible="true" version="1" lat="-0.001255112" lon="-0.00026016019" />
  <node id="2962" visible="true" version="1" lat="-0.00125512014" lon="-0.00025885763" />
  <node id="2963" visible="true" version="1" lat="-0.00125512827" lon="-0.00025755508" />
  <node id="2964" visible="true" version="1" lat="-0.00125512918" lon="-0.00025742033" />
  <node id="2965" visible="true" version="1" lat="-0.00125513008" lon="-0.00025728558" />
  <node id="2966" visible="true" version="1" lat="-0.00125513189" lon="-0.00025697117" />
  <node id="2967" visible="true" version="1" lat="-0.00127481368" lon="-0.00065303299" />
  <node id="2968" visible="true" version="1" lat="-0.00127581753" lon="-0.00064831684" />
  <node id="2969" visible="true" version="1" lat="-0.00128037284" lon="-0.00062241032" />
  <node id="2970" visible="true" version="1" lat="-0.0012833645" lon="-0.00059628013" />
  <node id="2971" visible="true" version="1" lat="-0.00128343775" lon="-0.00059539259" />
  <node id="2972" visible="true" version="1" lat="-0.0012835101" lon="-0.00059450506" />
  <node id="2973" visible="true" version="1" lat="-0.00128511988" lon="-0.00052613787" />
  <node id="2974" visible="true" version="1" lat="-0.00128519042" lon="-0.00051475173" />
  <node id="2975" visible="true" version="1" lat="-0.00128519132" lon="-0.00051461698" />
  <node id="2976" visible="true" version="1" lat="-0.00128519223" lon="-0.00051448223" />
  <node id="2977" visible="true" version="1" lat="-0.00128578911" lon="-0.00041804988" />
  <node id="2978" visible="true" version="1" lat="-0.00128638509" lon="-0.00032161753" />
  <node id="2979" visible="true" version="1" lat="-0.00128657501" lon="-0.00029098588" />
  <node id="2980" visible="true" version="1" lat="-0.00128676493" lon="-0.00026035333" />
  <node id="2981" visible="true" version="1" lat="-0.00128677307" lon="-0.00025905077" />
  <node id="2982" visible="true" version="1" lat="-0.0012867803" lon="-0.00025774821" />
  <node id="2983" visible="true" version="1" lat="-0.00128678121" lon="-0.00025761347" />
  <node id="2984" visible="true" version="1" lat="-0.00128678211" lon="-0.00025747872" />
  <node id="2985" visible="true" version="1" lat="-0.00128678392" lon="-0.00025716431" />
  <node id="2986" visible="true" version="1" lat="0.00003852704" lon="0.00090860099" />
  <node id="2987" visible="true" version="1" lat="0.00003649221" lon="0.00090858752" />
  <node id="2988" visible="true" version="1" lat="0.00003540697" lon="0.00090858033" />
  <node id="2989" visible="true" version="1" lat="0.00003432173" lon="0.00090857225" />
  <node id="2990" visible="true" version="1" lat="0.00001971706" lon="0.00090847343" />
  <node id="2991" visible="true" version="1" lat="0.0000051115" lon="0.00090837462" />
  <node id="2992" visible="true" version="1" lat="0.00000429756" lon="0.00090836923" />
  <node id="2993" visible="true" version="1" lat="0.00000348363" lon="0.00090836384" />
  <node id="2994" visible="true" version="1" lat="0.0000026697" lon="0.00090835845" />
  <node id="2995" visible="true" version="1" lat="0.00000185577" lon="0.00090835306" />
  <node id="2996" visible="true" version="1" lat="-0.00000031382" lon="0.00090833779" />
  <node id="2997" visible="true" version="1" lat="-0.0000024843" lon="0.00090832341" />
  <node id="2998" visible="true" version="1" lat="-0.00000466293" lon="0.00090830814" />
  <node id="2999" visible="true" version="1" lat="-0.00000684156" lon="0.00090829377" />
  <node id="3000" visible="true" version="1" lat="-0.00110432933" lon="-0.00056927691" />
  <node id="3001" visible="true" version="1" lat="-0.00017795911" lon="0.00090713494" />
  <node id="3002" visible="true" version="1" lat="-0.00110665472" lon="-0.00056939024" />
  <node id="3003" visible="true" version="1" lat="-0.00034907667" lon="0.00090597522" />
  <node id="3004" visible="true" version="1" lat="-0.00035791598" lon="0.00090591593" />
  <node id="3005" visible="true" version="1" lat="-0.00133647443" lon="-0.00054482634" />
  <node id="3006" visible="true" version="1" lat="-0.00036675528" lon="0.00090585574" />
  <node id="3007" visible="true" version="1" lat="-0.00133638481" lon="-0.00053871934" />
  <node id="3008" visible="true" version="1" lat="-0.00036820228" lon="0.00090584586" />
  <node id="3009" visible="true" version="1" lat="-0.00036964927" lon="0.00090583598" />
  <node id="3010" visible="true" version="1" lat="-0.00037082495" lon="0.00090582789" />
  <node id="3011" visible="true" version="1" lat="-0.00037200063" lon="0.00090581981" />
  <node id="3012" visible="true" version="1" lat="-0.00037349284" lon="0.00090580993" />
  <node id="3013" visible="true" version="1" lat="-0.00037498505" lon="0.00090580005" />
  <node id="3014" visible="true" version="1" lat="-0.00037503027" lon="0.00090580005" />
  <node id="3015" visible="true" version="1" lat="-0.00037507548" lon="0.00090579915" />
  <node id="3016" visible="true" version="1" lat="-0.00037566332" lon="0.00090579556" />
  <node id="3017" visible="true" version="1" lat="-0.00037625116" lon="0.00090579106" />
  <node id="3018" visible="true" version="1" lat="-0.00037697466" lon="0.00090578657" />
  <node id="3019" visible="true" version="1" lat="-0.00037769816" lon="0.00090578118" />
  <node id="3020" visible="true" version="1" lat="-0.00037946168" lon="0.0009057695" />
  <node id="3021" visible="true" version="1" lat="0.00003874319" lon="0.00087716086" />
  <node id="3022" visible="true" version="1" lat="0.00003670836" lon="0.00087714738" />
  <node id="3023" visible="true" version="1" lat="0.00003562311" lon="0.0008771393" />
  <node id="3024" visible="true" version="1" lat="0.00003453787" lon="0.00087713211" />
  <node id="3025" visible="true" version="1" lat="0.00001993321" lon="0.0008770333" />
  <node id="3026" visible="true" version="1" lat="0.00000532764" lon="0.00087693448" />
  <node id="3027" visible="true" version="1" lat="0.00000451371" lon="0.00087692909" />
  <node id="3028" visible="true" version="1" lat="0.00000369978" lon="0.0008769237" />
  <node id="3029" visible="true" version="1" lat="0.00000288584" lon="0.00087691831" />
  <node id="3030" visible="true" version="1" lat="0.00000207191" lon="0.00087691202" />
  <node id="3031" visible="true" version="1" lat="-0.00000009767" lon="0.00087689765" />
  <node id="3032" visible="true" version="1" lat="-0.00000226816" lon="0.00087688328" />
  <node id="3033" visible="true" version="1" lat="-0.00000444678" lon="0.00087686801" />
  <node id="3034" visible="true" version="1" lat="-0.00000662541" lon="0.00087685363" />
  <node id="3035" visible="true" version="1" lat="-0.00017774297" lon="0.00087569391" />
  <node id="3036" visible="true" version="1" lat="-0.00034886143" lon="0.00087453508" />
  <node id="3037" visible="true" version="1" lat="-0.00035770074" lon="0.00087447489" />
  <node id="3038" visible="true" version="1" lat="-0.00036654004" lon="0.00087441561" />
  <node id="3039" visible="true" version="1" lat="-0.00036798613" lon="0.00087440572" />
  <node id="3040" visible="true" version="1" lat="-0.00036943312" lon="0.00087439584" />
  <node id="3041" visible="true" version="1" lat="-0.0003706088" lon="0.00087438776" />
  <node id="3042" visible="true" version="1" lat="-0.00037178448" lon="0.00087437967" />
  <node id="3043" visible="true" version="1" lat="-0.00037327669" lon="0.00087436979" />
  <node id="3044" visible="true" version="1" lat="-0.0003747689" lon="0.00087435991" />
  <node id="3045" visible="true" version="1" lat="-0.00037481412" lon="0.00087435901" />
  <node id="3046" visible="true" version="1" lat="-0.00037485934" lon="0.00087435901" />
  <node id="3047" visible="true" version="1" lat="-0.00037544718" lon="0.00087435542" />
  <node id="3048" visible="true" version="1" lat="-0.00037603502" lon="0.00087435093" />
  <node id="3049" visible="true" version="1" lat="-0.00037675852" lon="0.00087434644" />
  <node id="3050" visible="true" version="1" lat="-0.00037748201" lon="0.00087434105" />
  <node id="3051" visible="true" version="1" lat="-0.00037924553" lon="0.00087432937" />
  <node id="3052" visible="true" version="1" lat="-0.00037967782" lon="0.00093720964" />
  <node id="3053" visible="true" version="1" lat="-0.0003779143" lon="0.00093722222" />
  <node id="3054" visible="true" version="1" lat="-0.0003771908" lon="0.00093722671" />
  <node id="3055" visible="true" version="1" lat="-0.00037646731" lon="0.0009372312" />
  <node id="3056" visible="true" version="1" lat="-0.00037587947" lon="0.00093723569" />
  <node id="3057" visible="true" version="1" lat="-0.00037529163" lon="0.00093723929" />
  <node id="3058" visible="true" version="1" lat="-0.00037524641" lon="0.00093724018" />
  <node id="3059" visible="true" version="1" lat="-0.00037520119" lon="0.00093724018" />
  <node id="3060" visible="true" version="1" lat="-0.00037370898" lon="0.00093725007" />
  <node id="3061" visible="true" version="1" lat="-0.00037221677" lon="0.00093726084" />
  <node id="3062" visible="true" version="1" lat="-0.00037104109" lon="0.00093726803" />
  <node id="3063" visible="true" version="1" lat="-0.00036986541" lon="0.00093727612" />
  <node id="3064" visible="true" version="1" lat="-0.00036841842" lon="0.000937286" />
  <node id="3065" visible="true" version="1" lat="-0.00036697143" lon="0.00093729588" />
  <node id="3066" visible="true" version="1" lat="-0.00035813212" lon="0.00093735607" />
  <node id="3067" visible="true" version="1" lat="-0.00034929281" lon="0.00093741536" />
  <node id="3068" visible="true" version="1" lat="-0.00017817526" lon="0.00093903184" />
  <node id="3069" visible="true" version="1" lat="-0.0000070568" lon="0.00093973391" />
  <node id="3070" visible="true" version="1" lat="-0.00000487817" lon="0.00093974918" />
  <node id="3071" visible="true" version="1" lat="-0.00000269954" lon="0.00093976355" />
  <node id="3072" visible="true" version="1" lat="-0.00000052906" lon="0.00093977792" />
  <node id="3073" visible="true" version="1" lat="0.00000164053" lon="0.0009397932" />
  <node id="3074" visible="true" version="1" lat="0.00000245446" lon="0.00093979859" />
  <node id="3075" visible="true" version="1" lat="0.00000326839" lon="0.00093980398" />
  <node id="3076" visible="true" version="1" lat="0.00000408232" lon="0.00093980937" />
  <node id="3077" visible="true" version="1" lat="0.00000489626" lon="0.00093981476" />
  <node id="3078" visible="true" version="1" lat="0.00001950092" lon="0.00093991447" />
  <node id="3079" visible="true" version="1" lat="0.00003410649" lon="0.00094001328" />
  <node id="3080" visible="true" version="1" lat="0.00003519173" lon="0.00094002047" />
  <node id="3081" visible="true" version="1" lat="0.00003627697" lon="0.00094002766" />
  <node id="3082" visible="true" version="1" lat="0.0000383118" lon="0.00094004113" />
  <node id="3083" visible="true" version="1" lat="-0.00037989306" lon="0.00096864978" />
  <node id="3084" visible="true" version="1" lat="-0.00037812954" lon="0.00096866235" />
  <node id="3085" visible="true" version="1" lat="-0.00037740604" lon="0.00096866685" />
  <node id="3086" visible="true" version="1" lat="-0.00037668255" lon="0.00096867224" />
  <node id="3087" visible="true" version="1" lat="-0.00037609471" lon="0.00096867583" />
  <node id="3088" visible="true" version="1" lat="-0.00037550687" lon="0.00096868032" />
  <node id="3089" visible="true" version="1" lat="-0.00037546165" lon="0.00096868032" />
  <node id="3090" visible="true" version="1" lat="-0.00037541643" lon="0.00096868032" />
  <node id="3091" visible="true" version="1" lat="-0.00037392422" lon="0.0009686902" />
  <node id="3092" visible="true" version="1" lat="-0.00037243201" lon="0.00096870098" />
  <node id="3093" visible="true" version="1" lat="-0.00037125724" lon="0.00096870907" />
  <node id="3094" visible="true" version="1" lat="-0.00037008156" lon="0.00096871625" />
  <node id="3095" visible="true" version="1" lat="-0.00036863456" lon="0.00096872613" />
  <node id="3096" visible="true" version="1" lat="-0.00036718757" lon="0.00096873602" />
  <node id="3097" visible="true" version="1" lat="-0.00035834827" lon="0.0009687962" />
  <node id="3098" visible="true" version="1" lat="-0.00034950896" lon="0.00096885639" />
  <node id="3099" visible="true" version="1" lat="-0.0001783905" lon="0.00097001522" />
  <node id="3100" visible="true" version="1" lat="-0.00000727294" lon="0.00097117404" />
  <node id="3101" visible="true" version="1" lat="-0.00000509431" lon="0.00097118931" />
  <node id="3102" visible="true" version="1" lat="-0.00000291569" lon="0.00097120369" />
  <node id="3103" visible="true" version="1" lat="-0.0000007452" lon="0.00097121896" />
  <node id="3104" visible="true" version="1" lat="-0.00018418755" lon="-0.00083342876" />
  <node id="3105" visible="true" version="1" lat="0.00000223831" lon="0.00097123872" />
  <node id="3106" visible="true" version="1" lat="0.00000305225" lon="0.00097124411" />
  <node id="3107" visible="true" version="1" lat="0.00000386618" lon="0.0009712495" />
  <node id="3108" visible="true" version="1" lat="0.00000468011" lon="0.00097125579" />
  <node id="3109" visible="true" version="1" lat="0.00001928477" lon="0.0009713546" />
  <node id="3110" visible="true" version="1" lat="-0.0000292664" lon="-0.0010795439" />
  <node id="3111" visible="true" version="1" lat="0.00003389034" lon="0.00097145342" />
  <node id="3112" visible="true" version="1" lat="-0.00003288369" lon="-0.00107982427" />
  <node id="3113" visible="true" version="1" lat="0.00003497559" lon="0.00097146061" />
  <node id="3114" visible="true" version="1" lat="-0.00017122757" lon="-0.00108841052" />
  <node id="3115" visible="true" version="1" lat="0.00003606083" lon="0.00097146779" />
  <node id="3116" visible="true" version="1" lat="-0.00017136727" lon="-0.00108448332" />
  <node id="3117" visible="true" version="1" lat="0.00003809566" lon="0.00097148217" />
  <node id="3118" visible="true" version="1" lat="-0.0003801092" lon="0.00100009081" />
  <node id="3119" visible="true" version="1" lat="-0.00037834568" lon="0.00100010249" />
  <node id="3120" visible="true" version="1" lat="-0.00037762219" lon="0.00100010698" />
  <node id="3121" visible="true" version="1" lat="-0.00037689869" lon="0.00100011237" />
  <node id="3122" visible="true" version="1" lat="-0.00037631085" lon="0.00100011597" />
  <node id="3123" visible="true" version="1" lat="-0.00037572301" lon="0.00100012046" />
  <node id="3124" visible="true" version="1" lat="-0.00037567779" lon="0.00100012046" />
  <node id="3125" visible="true" version="1" lat="-0.00037563258" lon="0.00100012046" />
  <node id="3126" visible="true" version="1" lat="-0.00037414037" lon="0.00100013124" />
  <node id="3127" visible="true" version="1" lat="-0.00037264816" lon="0.00100014112" />
  <node id="3128" visible="true" version="1" lat="-0.00037147248" lon="0.0010001492" />
  <node id="3129" visible="true" version="1" lat="-0.0003702968" lon="0.00100015729" />
  <node id="3130" visible="true" version="1" lat="-0.0003688498" lon="0.00100016717" />
  <node id="3131" visible="true" version="1" lat="-0.00035856351" lon="0.00100023634" />
  <node id="3132" visible="true" version="1" lat="-0.0003497242" lon="0.00100029653" />
  <node id="3133" visible="true" version="1" lat="-0.00017860664" lon="0.00100145535" />
  <node id="3134" visible="true" version="1" lat="-0.00000748908" lon="0.00100261508" />
  <node id="3135" visible="true" version="1" lat="-0.00000531046" lon="0.00100262945" />
  <node id="3136" visible="true" version="1" lat="-0.00000313183" lon="0.00100264382" />
  <node id="3137" visible="true" version="1" lat="-0.00000096134" lon="0.0010026591" />
  <node id="3138" visible="true" version="1" lat="0.00000120824" lon="0.00100267347" />
  <node id="3139" visible="true" version="1" lat="0.00000202217" lon="0.00100267886" />
  <node id="3140" visible="true" version="1" lat="0.0000028361" lon="0.00100268425" />
  <node id="3141" visible="true" version="1" lat="0.00000365004" lon="0.00100269054" />
  <node id="3142" visible="true" version="1" lat="0.00000446397" lon="0.00100269593" />
  <node id="3143" visible="true" version="1" lat="0.00001906953" lon="0.00100279474" />
  <node id="3144" visible="true" version="1" lat="0.00003475944" lon="0.00100290074" />
  <node id="3145" visible="true" version="1" lat="0.00003584468" lon="0.00100290793" />
  <node id="3146" visible="true" version="1" lat="0.00003787952" lon="0.0010029223" />
  <node id="3147" visible="true" version="1" lat="-0.00024114831" lon="0.0007463958" />
  <node id="3148" visible="true" version="1" lat="-0.00024115012" lon="0.00074684495" />
  <node id="3149" visible="true" version="1" lat="-0.00024115645" lon="0.00074931532" />
  <node id="3150" visible="true" version="1" lat="-0.00024116369" lon="0.00075178569" />
  <node id="3151" visible="true" version="1" lat="-0.00024141781" lon="0.00079521833" />
  <node id="3152" visible="true" version="1" lat="-0.0002485768" lon="0.00083172407" />
  <node id="3153" visible="true" version="1" lat="-0.00026590814" lon="0.00086469134" />
  <node id="3154" visible="true" version="1" lat="-0.00029998749" lon="0.00089473819" />
  <node id="3155" visible="true" version="1" lat="-0.00033054976" lon="0.00090486041" />
  <node id="3156" visible="true" version="1" lat="-0.00035191368" lon="0.00090595635" />
  <node id="3157" visible="true" version="1" lat="-0.00037625116" lon="0.00090579106" />
  <node id="3158" visible="true" version="1" lat="-0.00037697466" lon="0.00090578657" />
  <node id="3159" visible="true" version="1" lat="-0.00037769816" lon="0.00090578118" />
  <node id="3160" visible="true" version="1" lat="-0.00037946168" lon="0.0009057695" />
  <node id="3161" visible="true" version="1" lat="-0.00027280124" lon="0.00074630776" />
  <node id="3162" visible="true" version="1" lat="-0.00027280305" lon="0.00074675692" />
  <node id="3163" visible="true" version="1" lat="-0.00027280938" lon="0.00074922729" />
  <node id="3164" visible="true" version="1" lat="-0.00038639733" lon="-0.0009712464" />
  <node id="3165" visible="true" version="1" lat="-0.00027281662" lon="0.00075169765" />
  <node id="3166" visible="true" version="1" lat="-0.00038639733" lon="-0.00095422872" />
  <node id="3167" visible="true" version="1" lat="-0.00027303457" lon="0.00079371096" />
  <node id="3168" visible="true" version="1" lat="-0.00038639733" lon="-0.00093890911" />
  <node id="3169" visible="true" version="1" lat="-0.00027845174" lon="0.00082133326" />
  <node id="3170" visible="true" version="1" lat="-0.00038639733" lon="-0.00092327123" />
  <node id="3171" visible="true" version="1" lat="-0.0002915651" lon="0.00084627857" />
  <node id="3172" visible="true" version="1" lat="-0.00029772476" lon="0.00085385047" />
  <node id="3173" visible="true" version="1" lat="-0.0003148698" lon="0.00086698923" />
  <node id="3174" visible="true" version="1" lat="-0.00035169844" lon="0.00087451622" />
  <node id="3175" visible="true" version="1" lat="-0.00037603502" lon="0.00087435093" />
  <node id="3176" visible="true" version="1" lat="-0.00037675852" lon="0.00087434644" />
  <node id="3177" visible="true" version="1" lat="-0.00037748201" lon="0.00087434105" />
  <node id="3178" visible="true" version="1" lat="-0.00037924553" lon="0.00087432937" />
  <node id="3179" visible="true" version="1" lat="-0.00018344427" lon="-0.00058668072" />
  <node id="3180" visible="true" version="1" lat="-0.00037967782" lon="0.00093720964" />
  <node id="3181" visible="true" version="1" lat="-0.00018337838" lon="-0.00058231322" />
  <node id="3182" visible="true" version="1" lat="-0.0003779143" lon="0.00093722222" />
  <node id="3183" visible="true" version="1" lat="-0.00018661639" lon="-0.00027582368" />
  <node id="3184" visible="true" version="1" lat="-0.0003771908" lon="0.00093722671" />
  <node id="3185" visible="true" version="1" lat="-0.00018682854" lon="-0.00027989596" />
  <node id="3186" visible="true" version="1" lat="-0.00037646731" lon="0.0009372312" />
  <node id="3187" visible="true" version="1" lat="-0.00032797667" lon="-0.00026324335" />
  <node id="3188" visible="true" version="1" lat="-0.00037587947" lon="0.00093723569" />
  <node id="3189" visible="true" version="1" lat="-0.0003233746" lon="-0.00026324992" />
  <node id="3190" visible="true" version="1" lat="-0.00037529163" lon="0.00093723929" />
  <node id="3191" visible="true" version="1" lat="-0.00004235023" lon="-0.00059592953" />
  <node id="3192" visible="true" version="1" lat="-0.00037524641" lon="0.00093724018" />
  <node id="3193" visible="true" version="1" lat="-0.00004769423" lon="-0.00059583465" />
  <node id="3194" visible="true" version="1" lat="-0.00037520119" lon="0.00093724018" />
  <node id="3195" visible="true" version="1" lat="-0.00037370898" lon="0.00093725007" />
  <node id="3196" visible="true" version="1" lat="-0.00037104109" lon="0.00093726803" />
  <node id="3197" visible="true" version="1" lat="-0.00036986541" lon="0.00093727612" />
  <node id="3198" visible="true" version="1" lat="-0.00036841842" lon="0.000937286" />
  <node id="3199" visible="true" version="1" lat="-0.00036696781" lon="0.00093729588" />
  <node id="3200" visible="true" version="1" lat="-0.0002491565" lon="0.00093724917" />
  <node id="3201" visible="true" version="1" lat="-0.00021398286" lon="0.00092797586" />
  <node id="3202" visible="true" version="1" lat="-0.00018308327" lon="0.00090887947" />
  <node id="3203" visible="true" version="1" lat="-0.00016466669" lon="0.00088958635" />
  <node id="3204" visible="true" version="1" lat="-0.00014618952" lon="0.00085693888" />
  <node id="3205" visible="true" version="1" lat="-0.00013776532" lon="0.00082043225" />
  <node id="3206" visible="true" version="1" lat="-0.00013728419" lon="0.00079570612" />
  <node id="3207" visible="true" version="1" lat="-0.00013718109" lon="0.00075916894" />
  <node id="3208" visible="true" version="1" lat="-0.00013717748" lon="0.00075782147" />
  <node id="3209" visible="true" version="1" lat="-0.00013717386" lon="0.000756474" />
  <node id="3210" visible="true" version="1" lat="-0.00013716572" lon="0.00075341972" />
  <node id="3211" visible="true" version="1" lat="-0.00013716391" lon="0.00075274599" />
  <node id="3212" visible="true" version="1" lat="-0.0001371621" lon="0.00075207225" />
  <node id="3213" visible="true" version="1" lat="-0.00013715487" lon="0.00074960188" />
  <node id="3214" visible="true" version="1" lat="-0.00013714763" lon="0.00074713152" />
  <node id="3215" visible="true" version="1" lat="-0.00013714673" lon="0.00074668236" />
  <node id="3216" visible="true" version="1" lat="-0.00037989306" lon="0.00096864978" />
  <node id="3217" visible="true" version="1" lat="-0.00037812954" lon="0.00096866235" />
  <node id="3218" visible="true" version="1" lat="-0.00037740604" lon="0.00096866685" />
  <node id="3219" visible="true" version="1" lat="-0.00037668255" lon="0.00096867224" />
  <node id="3220" visible="true" version="1" lat="-0.00037609471" lon="0.00096867583" />
  <node id="3221" visible="true" version="1" lat="-0.00037546165" lon="0.00096868032" />
  <node id="3222" visible="true" version="1" lat="-0.00037541643" lon="0.00096868032" />
  <node id="3223" visible="true" version="1" lat="-0.00037392422" lon="0.0009686902" />
  <node id="3224" visible="true" version="1" lat="-0.00037243201" lon="0.00096870098" />
  <node id="3225" visible="true" version="1" lat="-0.00037125724" lon="0.00096870907" />
  <node id="3226" visible="true" version="1" lat="-0.00037008156" lon="0.00096871625" />
  <node id="3227" visible="true" version="1" lat="-0.00036863456" lon="0.00096872613" />
  <node id="3228" visible="true" version="1" lat="-0.00024565388" lon="0.00096849706" />
  <node id="3229" visible="true" version="1" lat="-0.00020142388" lon="0.00095683603" />
  <node id="3230" visible="true" version="1" lat="-0.00016256765" lon="0.00093282317" />
  <node id="3231" visible="true" version="1" lat="-0.00013957496" lon="0.00090875281" />
  <node id="3232" visible="true" version="1" lat="-0.00011666366" lon="0.00086827113" />
  <node id="3233" visible="true" version="1" lat="-0.0001062182" lon="0.00082300412" />
  <node id="3234" visible="true" version="1" lat="-0.00010563126" lon="0.00079579326" />
  <node id="3235" visible="true" version="1" lat="-0.00010552907" lon="0.00075925608" />
  <node id="3236" visible="true" version="1" lat="-0.00010552454" lon="0.00075790861" />
  <node id="3237" visible="true" version="1" lat="-0.00010551731" lon="0.000755034" />
  <node id="3238" visible="true" version="1" lat="-0.00010551279" lon="0.00075350686" />
  <node id="3239" visible="true" version="1" lat="-0.00010551098" lon="0.00075283312" />
  <node id="3240" visible="true" version="1" lat="-0.00010550917" lon="0.00075215939" />
  <node id="3241" visible="true" version="1" lat="-0.00010550193" lon="0.00074968902" />
  <node id="3242" visible="true" version="1" lat="-0.0001054947" lon="0.00074721865" />
  <node id="3243" visible="true" version="1" lat="-0.0001054938" lon="0.0007467695" />
  <node id="3244" visible="true" version="1" lat="-0.00037967782" lon="0.00093720964" />
  <node id="3245" visible="true" version="1" lat="-0.0003779143" lon="0.00093722222" />
  <node id="3246" visible="true" version="1" lat="-0.0003771908" lon="0.00093722671" />
  <node id="3247" visible="true" version="1" lat="-0.00037646731" lon="0.0009372312" />
  <node id="3248" visible="true" version="1" lat="-0.00037587947" lon="0.00093723569" />
  <node id="3249" visible="true" version="1" lat="-0.00037529163" lon="0.00093723929" />
  <node id="3250" visible="true" version="1" lat="-0.00037524641" lon="0.00093724018" />
  <node id="3251" visible="true" version="1" lat="0.00044462468" lon="-0.00054996745" />
  <node id="3252" visible="true" version="1" lat="-0.00037520119" lon="0.00093724018" />
  <node id="3253" visible="true" version="1" lat="0.00045011629" lon="-0.0005498436" />
  <node id="3254" visible="true" version="1" lat="-0.00037370898" lon="0.00093725007" />
  <node id="3255" visible="true" version="1" lat="-0.00037221677" lon="0.00093726084" />
  <node id="3256" visible="true" version="1" lat="0.00044714974" lon="-0.00029202824" />
  <node id="3257" visible="true" version="1" lat="-0.00037104109" lon="0.00093726803" />
  <node id="3258" visible="true" version="1" lat="0.00044743435" lon="-0.00028670934" />
  <node id="3259" visible="true" version="1" lat="-0.00036986179" lon="0.00093727612" />
  <node id="3260" visible="true" version="1" lat="0.00068454065" lon="-0.00041330411" />
  <node id="3261" visible="true" version="1" lat="-0.00030993556" lon="0.00093729588" />
  <node id="3262" visible="true" version="1" lat="0.00068145025" lon="-0.00041352149" />
  <node id="3263" visible="true" version="1" lat="-0.00026758032" lon="0.00092937723" />
  <node id="3264" visible="true" version="1" lat="-0.00022853417" lon="0.00091125282" />
  <node id="3265" visible="true" version="1" lat="-0.00020705539" lon="0.00089511908" />
  <node id="3266" visible="true" version="1" lat="-0.00018476268" lon="0.0008672192" />
  <node id="3267" visible="true" version="1" lat="-0.00017181483" lon="0.0008340031" />
  <node id="3268" visible="true" version="1" lat="-0.00016894436" lon="0.00079845496" />
  <node id="3269" visible="true" version="1" lat="-0.00016882679" lon="0.00075638686" />
  <node id="3270" visible="true" version="1" lat="-0.00016882227" lon="0.00075485972" />
  <node id="3271" visible="true" version="1" lat="-0.00016881865" lon="0.00075333259" />
  <node id="3272" visible="true" version="1" lat="-0.00016881594" lon="0.00075265885" />
  <node id="3273" visible="true" version="1" lat="-0.00016881413" lon="0.00075198511" />
  <node id="3274" visible="true" version="1" lat="-0.0001688078" lon="0.00074951475" />
  <node id="3275" visible="true" version="1" lat="-0.00016880056" lon="0.00074704438" />
  <node id="3276" visible="true" version="1" lat="-0.00016879966" lon="0.00074659522" />
  <node id="3277" visible="true" version="1" lat="-0.00037989306" lon="0.00096864978" />
  <node id="3278" visible="true" version="1" lat="-0.00037812954" lon="0.00096866235" />
  <node id="3279" visible="true" version="1" lat="-0.00037740604" lon="0.00096866685" />
  <node id="3280" visible="true" version="1" lat="-0.00037668255" lon="0.00096867224" />
  <node id="3281" visible="true" version="1" lat="-0.00037609471" lon="0.00096867583" />
  <node id="3282" visible="true" version="1" lat="-0.00037550687" lon="0.00096868032" />
  <node id="3283" visible="true" version="1" lat="-0.00037546165" lon="0.00096868032" />
  <node id="3284" visible="true" version="1" lat="-0.00037541643" lon="0.00096868032" />
  <node id="3285" visible="true" version="1" lat="-0.00037392422" lon="0.0009686902" />
  <node id="3286" visible="true" version="1" lat="-0.00037243201" lon="0.00096870098" />
  <node id="3287" visible="true" version="1" lat="-0.00037125724" lon="0.00096870907" />
  <node id="3288" visible="true" version="1" lat="-0.00037007703" lon="0.00096871625" />
  <node id="3289" visible="true" version="1" lat="-0.00030802282" lon="0.00096867942" />
  <node id="3290" visible="true" version="1" lat="-0.00025787553" lon="0.0009593046" />
  <node id="3291" visible="true" version="1" lat="-0.00018549975" lon="0.000918142" />
  <node id="3292" visible="true" version="1" lat="-0.00015729517" lon="0.00088284629" />
  <node id="3293" visible="true" version="1" lat="-0.00014091614" lon="0.00084082311" />
  <node id="3294" visible="true" version="1" lat="-0.00013729143" lon="0.0007985421" />
  <node id="3295" visible="true" version="1" lat="-0.00013717386" lon="0.000756474" />
  <node id="3296" visible="true" version="1" lat="-0.00034028145" lon="0.00105468301" />
  <node id="3297" visible="true" version="1" lat="-0.00013716934" lon="0.00075494686" />
  <node id="3298" visible="true" version="1" lat="-0.00033541878" lon="0.00105463063" />
  <node id="3299" visible="true" version="1" lat="-0.00013716572" lon="0.00075341972" />
  <node id="3300" visible="true" version="1" lat="-0.000190657" lon="0.00105264158" />
  <node id="3301" visible="true" version="1" lat="-0.00013716391" lon="0.00075274599" />
  <node id="3302" visible="true" version="1" lat="-0.00019067545" lon="0.00104890937" />
  <node id="3303" visible="true" version="1" lat="-0.0001371621" lon="0.00075207225" />
  <node id="3304" visible="true" version="1" lat="-0.00018720682" lon="0.00078612722" />
  <node id="3305" visible="true" version="1" lat="-0.00013715487" lon="0.00074960188" />
  <node id="3306" visible="true" version="1" lat="-0.00018716859" lon="0.00078983963" />
  <node id="3307" visible="true" version="1" lat="-0.00013714763" lon="0.00074713152" />
  <node id="3308" visible="true" version="1" lat="-0.00013714673" lon="0.00074668236" />
  <node id="3309" visible="true" version="1" lat="-0.00024114831" lon="0.0007463958" />
  <node id="3310" visible="true" version="1" lat="-0.00024115012" lon="0.00074684495" />
  <node id="3311" visible="true" version="1" lat="-0.00024115645" lon="0.00074931532" />
  <node id="3312" visible="true" version="1" lat="-0.00024116369" lon="0.00075178569" />
  <node id="3313" visible="true" version="1" lat="-0.0002411655" lon="0.00075245942" />
  <node id="3314" visible="true" version="1" lat="-0.0002411673" lon="0.00075313316" />
  <node id="3315" visible="true" version="1" lat="-0.00024138164" lon="0.00078421128" />
  <node id="3316" visible="true" version="1" lat="-0.00024855781" lon="0.00083047092" />
  <node id="3317" visible="true" version="1" lat="-0.00026615413" lon="0.00087389009" />
  <node id="3318" visible="true" version="1" lat="-0.00068159301" lon="0.0002862423" />
  <node id="3319" visible="true" version="1" lat="-0.00027833056" lon="0.00089325238" />
  <node id="3320" visible="true" version="1" lat="-0.00069617019" lon="0.00028359191" />
  <node id="3321" visible="true" version="1" lat="-0.00030295292" lon="0.00091714667" />
  <node id="3322" visible="true" version="1" lat="-0.00033380006" lon="0.00093232011" />
  <node id="3323" visible="true" version="1" lat="-0.00036785862" lon="0.00093728959" />
  <node id="3324" visible="true" version="1" lat="-0.00050357476" lon="0.00035338566" />
  <node id="3325" visible="true" version="1" lat="-0.00037221677" lon="0.00093726084" />
  <node id="3326" visible="true" version="1" lat="-0.00050335411" lon="0.00037591425" />
  <node id="3327" visible="true" version="1" lat="-0.00037370898" lon="0.00093725007" />
  <node id="3328" visible="true" version="1" lat="-0.00052720768" lon="0.00028270866" />
  <node id="3329" visible="true" version="1" lat="-0.00037520119" lon="0.00093724018" />
  <node id="3330" visible="true" version="1" lat="-0.00053206673" lon="0.00029353111" />
  <node id="3331" visible="true" version="1" lat="-0.00037524641" lon="0.00093724018" />
  <node id="3332" visible="true" version="1" lat="-0.00037529163" lon="0.00093723929" />
  <node id="3333" visible="true" version="1" lat="-0.00037587947" lon="0.00093723569" />
  <node id="3334" visible="true" version="1" lat="-0.00037646731" lon="0.0009372312" />
  <node id="3335" visible="true" version="1" lat="-0.00052831179" lon="0.0005013661" />
  <node id="3336" visible="true" version="1" lat="-0.0003771908" lon="0.00093722671" />
  <node id="3337" visible="true" version="1" lat="-0.00054642282" lon="0.00049915743" />
  <node id="3338" visible="true" version="1" lat="-0.0003779143" lon="0.00093722222" />
  <node id="3339" visible="true" version="1" lat="-0.00037967782" lon="0.00093720964" />
  <node id="3340" visible="true" version="1" lat="-0.00027280124" lon="0.00074630776" />
  <node id="3341" visible="true" version="1" lat="-0.00027280305" lon="0.00074675692" />
  <node id="3342" visible="true" version="1" lat="-0.00027280938" lon="0.00074922729" />
  <node id="3343" visible="true" version="1" lat="-0.00027281662" lon="0.00075169765" />
  <node id="3344" visible="true" version="1" lat="-0.00027281843" lon="0.00075237139" />
  <node id="3345" visible="true" version="1" lat="-0.00027282024" lon="0.00075304513" />
  <node id="3346" visible="true" version="1" lat="-0.00027301196" lon="0.00078301742" />
  <node id="3347" visible="true" version="1" lat="-0.00027908299" lon="0.00082215162" />
  <node id="3348" visible="true" version="1" lat="-0.00029396801" lon="0.00085888194" />
  <node id="3349" visible="true" version="1" lat="-0.00030371802" lon="0.00087447489" />
  <node id="3350" visible="true" version="1" lat="-0.00032126098" lon="0.00089149887" />
  <node id="3351" visible="true" version="1" lat="-0.00034323987" lon="0.00090231009" />
  <node id="3352" visible="true" version="1" lat="-0.00036764247" lon="0.00090584945" />
  <node id="3353" visible="true" version="1" lat="-0.00037200063" lon="0.00090581981" />
  <node id="3354" visible="true" version="1" lat="-0.00037349284" lon="0.00090580993" />
  <node id="3355" visible="true" version="1" lat="-0.00037498505" lon="0.00090580005" />
  <node id="3356" visible="true" version="1" lat="-0.00037503027" lon="0.00090580005" />
  <node id="3357" visible="true" version="1" lat="-0.00037507548" lon="0.00090579915" />
  <node id="3358" visible="true" version="1" lat="-0.00037566332" lon="0.00090579556" />
  <node id="3359" visible="true" version="1" lat="-0.00037625116" lon="0.00090579106" />
  <node id="3360" visible="true" version="1" lat="-0.00037697466" lon="0.00090578657" />
  <node id="3361" visible="true" version="1" lat="-0.00037769816" lon="0.00090578118" />
  <node id="3362" visible="true" version="1" lat="-0.00037946168" lon="0.0009057695" />
  <node id="3363" visible="true" version="1" lat="-0.00020969615" lon="0.00081799152" />
  <node id="3364" visible="true" version="1" lat="-0.00020441192" lon="0.00085642505" />
  <node id="3365" visible="true" version="1" lat="-0.00018874734" lon="0.00089195701" />
  <node id="3366" visible="true" version="1" lat="-0.00016389707" lon="0.00092187989" />
  <node id="3367" visible="true" version="1" lat="-0.00015646858" lon="0.00092819595" />
  <node id="3368" visible="true" version="1" lat="-0.0001172506" lon="0.00095241003" />
  <node id="3369" visible="true" version="1" lat="-0.00007344204" lon="0.00096691064" />
  <node id="3370" visible="true" version="1" lat="-0.00003471965" lon="0.00097098809" />
  <node id="3371" visible="true" version="1" lat="-0.00000291569" lon="0.00097120369" />
  <node id="3372" visible="true" version="1" lat="-0.0000007452" lon="0.00097121896" />
  <node id="3373" visible="true" version="1" lat="0.00000142438" lon="0.00097123333" />
  <node id="3374" visible="true" version="1" lat="0.00000223831" lon="0.00097123872" />
  <node id="3375" visible="true" version="1" lat="0.00000305225" lon="0.00097124411" />
  <node id="3376" visible="true" version="1" lat="0.00000386618" lon="0.0009712495" />
  <node id="3377" visible="true" version="1" lat="0.00000468011" lon="0.00097125579" />
  <node id="3378" visible="true" version="1" lat="0.00001928477" lon="0.0009713546" />
  <node id="3379" visible="true" version="1" lat="0.00003389034" lon="0.00097145342" />
  <node id="3380" visible="true" version="1" lat="0.00003497559" lon="0.00097146061" />
  <node id="3381" visible="true" version="1" lat="0.00003606083" lon="0.00097146779" />
  <node id="3382" visible="true" version="1" lat="0.00003809566" lon="0.00097148217" />
  <node id="3383" visible="true" version="1" lat="-0.00024134908" lon="0.00081790439" />
  <node id="3384" visible="true" version="1" lat="-0.00023488194" lon="0.00086493928" />
  <node id="3385" visible="true" version="1" lat="-0.00021571202" lon="0.00090842492" />
  <node id="3386" visible="true" version="1" lat="-0.00018529988" lon="0.00094504475" />
  <node id="3387" visible="true" version="1" lat="-0.00017620825" lon="0.00095277475" />
  <node id="3388" visible="true" version="1" lat="-0.00013070129" lon="0.00098087136" />
  <node id="3389" visible="true" version="1" lat="-0.00007986668" lon="0.0009976977" />
  <node id="3390" visible="true" version="1" lat="-0.00003493489" lon="0.00100242913" />
  <node id="3391" visible="true" version="1" lat="-0.00000313183" lon="0.00100264382" />
  <node id="3392" visible="true" version="1" lat="-0.00000096134" lon="0.0010026591" />
  <node id="3393" visible="true" version="1" lat="0.00000120824" lon="0.00100267347" />
  <node id="3394" visible="true" version="1" lat="0.00000202217" lon="0.00100267886" />
  <node id="3395" visible="true" version="1" lat="0.0000028361" lon="0.00100268425" />
  <node id="3396" visible="true" version="1" lat="0.00000365004" lon="0.00100269054" />
  <node id="3397" visible="true" version="1" lat="0.00000446397" lon="0.00100269593" />
  <node id="3398" visible="true" version="1" lat="0.00001906953" lon="0.00100279474" />
  <node id="3399" visible="true" version="1" lat="0.0000336742" lon="0.00100289356" />
  <node id="3400" visible="true" version="1" lat="0.00003475944" lon="0.00100290074" />
  <node id="3401" visible="true" version="1" lat="0.00003584468" lon="0.00100290793" />
  <node id="3402" visible="true" version="1" lat="-0.00020949719" lon="0.00074693209" />
  <node id="3403" visible="true" version="1" lat="-0.00018841091" lon="0.00088648088" />
  <node id="3404" visible="true" version="1" lat="-0.00016427419" lon="0.00090803506" />
  <node id="3405" visible="true" version="1" lat="-0.000157921" lon="0.00091172084" />
  <node id="3406" visible="true" version="1" lat="-0.00011159919" lon="0.00093051809" />
  <node id="3407" visible="true" version="1" lat="-0.00006229297" lon="0.00093899459" />
  <node id="3408" visible="true" version="1" lat="-0.0000483494" lon="0.00093945453" />
  <node id="3409" visible="true" version="1" lat="0.00000164053" lon="0.0009397932" />
  <node id="3410" visible="true" version="1" lat="0.00000245446" lon="0.00093979859" />
  <node id="3411" visible="true" version="1" lat="0.00000326839" lon="0.00093980398" />
  <node id="3412" visible="true" version="1" lat="0.00000408232" lon="0.00093980937" />
  <node id="3413" visible="true" version="1" lat="0.00000489626" lon="0.00093981476" />
  <node id="3414" visible="true" version="1" lat="0.00001950092" lon="0.00093991447" />
  <node id="3415" visible="true" version="1" lat="0.00003410649" lon="0.00094001328" />
  <node id="3416" visible="true" version="1" lat="0.00003519173" lon="0.00094002047" />
  <node id="3417" visible="true" version="1" lat="0.00003627697" lon="0.00094002766" />
  <node id="3418" visible="true" version="1" lat="0.0000383118" lon="0.00094004113" />
  <node id="3419" visible="true" version="1" lat="-0.00024114831" lon="0.0007463958" />
  <node id="3420" visible="true" version="1" lat="-0.00024115012" lon="0.00074684495" />
  <node id="3421" visible="true" version="1" lat="-0.00024136807" lon="0.00082672135" />
  <node id="3422" visible="true" version="1" lat="-0.00023398118" lon="0.00086874095" />
  <node id="3423" visible="true" version="1" lat="-0.00021317888" lon="0.00090605786" />
  <node id="3424" visible="true" version="1" lat="-0.00018124469" lon="0.00093457488" />
  <node id="3425" visible="true" version="1" lat="-0.00017298689" lon="0.00093937189" />
  <node id="3426" visible="true" version="1" lat="-0.0001203345" lon="0.00096073831" />
  <node id="3427" visible="true" version="1" lat="-0.00006429072" lon="0.00097037364" />
  <node id="3428" visible="true" version="1" lat="-0.00004856555" lon="0.00097089467" />
  <node id="3429" visible="true" version="1" lat="0.00000142438" lon="0.00097123333" />
  <node id="3430" visible="true" version="1" lat="0.00000223831" lon="0.00097123872" />
  <node id="3431" visible="true" version="1" lat="0.00000305225" lon="0.00097124411" />
  <node id="3432" visible="true" version="1" lat="0.00000386618" lon="0.0009712495" />
  <node id="3433" visible="true" version="1" lat="0.00000468011" lon="0.00097125579" />
  <node id="3434" visible="true" version="1" lat="0.00001928477" lon="0.0009713546" />
  <node id="3435" visible="true" version="1" lat="0.00003389034" lon="0.00097145342" />
  <node id="3436" visible="true" version="1" lat="0.00003497559" lon="0.00097146061" />
  <node id="3437" visible="true" version="1" lat="0.00003606083" lon="0.00097146779" />
  <node id="3438" visible="true" version="1" lat="0.00003809566" lon="0.00097148217" />
  <node id="3439" visible="true" version="1" lat="-0.00002288778" lon="0.00074991719" />
  <node id="3440" visible="true" version="1" lat="-0.00002289502" lon="0.00075238756" />
  <node id="3441" visible="true" version="1" lat="-0.00002289683" lon="0.0007530613" />
  <node id="3442" visible="true" version="1" lat="-0.00002289864" lon="0.00075373503" />
  <node id="3443" visible="true" version="1" lat="-0.00002290316" lon="0.00075526217" />
  <node id="3444" visible="true" version="1" lat="-0.00002290768" lon="0.0007567893" />
  <node id="3445" visible="true" version="1" lat="-0.0000229113" lon="0.00075813678" />
  <node id="3446" visible="true" version="1" lat="-0.00002291491" lon="0.00075948425" />
  <node id="3447" visible="true" version="1" lat="-0.00002291582" lon="0.00075984358" />
  <node id="3448" visible="true" version="1" lat="-0.00002291672" lon="0.0007602029" />
  <node id="3449" visible="true" version="1" lat="-0.00002292124" lon="0.0007619097" />
  <node id="3450" visible="true" version="1" lat="-0.00002292667" lon="0.0007636165" />
  <node id="3451" visible="true" version="1" lat="-0.00002267978" lon="0.00077303803" />
  <node id="3452" visible="true" version="1" lat="-0.00001938697" lon="0.00078376481" />
  <node id="3453" visible="true" version="1" lat="-0.00001290716" lon="0.00079253596" />
  <node id="3454" visible="true" version="1" lat="-0.00000544159" lon="0.00079738327" />
  <node id="3455" visible="true" version="1" lat="0.00000325754" lon="0.00079933262" />
  <node id="3456" visible="true" version="1" lat="0.00000586393" lon="0.00079936675" />
  <node id="3457" visible="true" version="1" lat="0.00002046498" lon="0.00079946557" />
  <node id="3458" visible="true" version="1" lat="0.00003507054" lon="0.00079956438" />
  <node id="3459" visible="true" version="1" lat="0.00003615579" lon="0.00079957157" />
  <node id="3460" visible="true" version="1" lat="0.00003724103" lon="0.00079957965" />
  <node id="3461" visible="true" version="1" lat="-0.00007714995" lon="0.00074976717" />
  <node id="3462" visible="true" version="1" lat="-0.00007715719" lon="0.00075223754" />
  <node id="3463" visible="true" version="1" lat="-0.000077159" lon="0.00075291128" />
  <node id="3464" visible="true" version="1" lat="-0.0000771608" lon="0.00075358501" />
  <node id="3465" visible="true" version="1" lat="-0.00007716533" lon="0.00075511215" />
  <node id="3466" visible="true" version="1" lat="-0.00007716894" lon="0.00075663929" />
  <node id="3467" visible="true" version="1" lat="-0.00007717346" lon="0.00075798676" />
  <node id="3468" visible="true" version="1" lat="-0.00007717708" lon="0.00075933423" />
  <node id="3469" visible="true" version="1" lat="-0.00007717799" lon="0.00075969356" />
  <node id="3470" visible="true" version="1" lat="-0.00007717889" lon="0.00076005288" />
  <node id="3471" visible="true" version="1" lat="-0.00007718341" lon="0.00076175968" />
  <node id="3472" visible="true" version="1" lat="-0.00007718884" lon="0.00076346648" />
  <node id="3473" visible="true" version="1" lat="-0.00007651599" lon="0.00077977899" />
  <node id="3474" visible="true" version="1" lat="-0.00006785122" lon="0.00080800675" />
  <node id="3475" visible="true" version="1" lat="-0.0000501907" lon="0.00083169622" />
  <node id="3476" visible="true" version="1" lat="-0.00002659389" lon="0.00084701789" />
  <node id="3477" visible="true" version="1" lat="0.00000090618" lon="0.00085318123" />
  <node id="3478" visible="true" version="1" lat="0.00000549404" lon="0.00085326477" />
  <node id="3479" visible="true" version="1" lat="0.00002009509" lon="0.00085336359" />
  <node id="3480" visible="true" version="1" lat="0.00003470066" lon="0.0008534624" />
  <node id="3481" visible="true" version="1" lat="0.0000357859" lon="0.00085346959" />
  <node id="3482" visible="true" version="1" lat="0.00003687114" lon="0.00085347677" />
  <node id="3483" visible="true" version="1" lat="0.00003852704" lon="0.00090860099" />
  <node id="3484" visible="true" version="1" lat="0.00003649221" lon="0.00090858752" />
  <node id="3485" visible="true" version="1" lat="0.00003540697" lon="0.00090858033" />
  <node id="3486" visible="true" version="1" lat="0.00003432173" lon="0.00090857225" />
  <node id="3487" visible="true" version="1" lat="0.0000280861" lon="0.00090853003" />
  <node id="3488" visible="true" version="1" lat="-0.00001343803" lon="0.00090808985" />
  <node id="3489" visible="true" version="1" lat="-0.0000487835" lon="0.00090068055" />
  <node id="3490" visible="true" version="1" lat="-0.00008035775" lon="0.00088324874" />
  <node id="3491" visible="true" version="1" lat="-0.00010506965" lon="0.00085781654" />
  <node id="3492" visible="true" version="1" lat="-0.00013718381" lon="0.00075988939" />
  <node id="3493" visible="true" version="1" lat="-0.0001371829" lon="0.00075952827" />
  <node id="3494" visible="true" version="1" lat="-0.00013718109" lon="0.00075916894" />
  <node id="3495" visible="true" version="1" lat="-0.00013717748" lon="0.00075782147" />
  <node id="3496" visible="true" version="1" lat="-0.0001371621" lon="0.00075207225" />
  <node id="3497" visible="true" version="1" lat="-0.00013715487" lon="0.00074960188" />
  <node id="3498" visible="true" version="1" lat="-0.00013714763" lon="0.00074713152" />
  <node id="3499" visible="true" version="1" lat="-0.00013714673" lon="0.00074668236" />
  <node id="3500" visible="true" version="1" lat="0.00003874319" lon="0.00087716086" />
  <node id="3501" visible="true" version="1" lat="0.00003670836" lon="0.00087714738" />
  <node id="3502" visible="true" version="1" lat="0.00003562311" lon="0.0008771393" />
  <node id="3503" visible="true" version="1" lat="0.00003453787" lon="0.00087713211" />
  <node id="3504" visible="true" version="1" lat="0.00002830134" lon="0.00087708989" />
  <node id="3505" visible="true" version="1" lat="-0.00001159311" lon="0.00087670182" />
  <node id="3506" visible="true" version="1" lat="-0.00003770316" lon="0.00087122838" />
  <node id="3507" visible="true" version="1" lat="-0.00006102776" lon="0.00085835193" />
  <node id="3508" visible="true" version="1" lat="-0.00007954924" lon="0.00083921782" />
  <node id="3509" visible="true" version="1" lat="-0.00009610734" lon="0.00080946831" />
  <node id="3510" visible="true" version="1" lat="-0.00010454692" lon="0.00077652529" />
  <node id="3511" visible="true" version="1" lat="-0.00010553087" lon="0.00075997653" />
  <node id="3512" visible="true" version="1" lat="-0.00010552997" lon="0.0007596154" />
  <node id="3513" visible="true" version="1" lat="-0.00010552907" lon="0.00075925608" />
  <node id="3514" visible="true" version="1" lat="-0.00010552454" lon="0.00075790861" />
  <node id="3515" visible="true" version="1" lat="-0.00010552093" lon="0.00075656113" />
  <node id="3516" visible="true" version="1" lat="-0.00010551731" lon="0.000755034" />
  <node id="3517" visible="true" version="1" lat="-0.00010551279" lon="0.00075350686" />
  <node id="3518" visible="true" version="1" lat="-0.00010551098" lon="0.00075283312" />
  <node id="3519" visible="true" version="1" lat="-0.00010550917" lon="0.00075215939" />
  <node id="3520" visible="true" version="1" lat="-0.00010550193" lon="0.00074968902" />
  <node id="3521" visible="true" version="1" lat="-0.0001054947" lon="0.00074721865" />
  <node id="3522" visible="true" version="1" lat="-0.0001054938" lon="0.0007467695" />
  <node id="3523" visible="true" version="1" lat="-0.00074962776" lon="0.00093838374" />
  <node id="3524" visible="true" version="1" lat="-0.00074920642" lon="0.00093812772" />
  <node id="3525" visible="true" version="1" lat="-0.00074846677" lon="0.00093769922" />
  <node id="3526" visible="true" version="1" lat="-0.00074801459" lon="0.00093770282" />
  <node id="3527" visible="true" version="1" lat="-0.0007477885" lon="0.00093770461" />
  <node id="3528" visible="true" version="1" lat="-0.0007475624" lon="0.00093770551" />
  <node id="3529" visible="true" version="1" lat="-0.00071814869" lon="0.00093790494" />
  <node id="3530" visible="true" version="1" lat="-0.00068873588" lon="0.00093810436" />
  <node id="3531" visible="true" version="1" lat="-0.00062278564" lon="0.00093855083" />
  <node id="3532" visible="true" version="1" lat="-0.0005568354" lon="0.00093899819" />
  <node id="3533" visible="true" version="1" lat="-0.00055043699" lon="0.00093904131" />
  <node id="3534" visible="true" version="1" lat="-0.00054403857" lon="0.00093908442" />
  <node id="3535" visible="true" version="1" lat="-0.00051448921" lon="0.00093928475" />
  <node id="3536" visible="true" version="1" lat="-0.00048493984" lon="0.00093948507" />
  <node id="3537" visible="true" version="1" lat="-0.00048412591" lon="0.00093949046" />
  <node id="3538" visible="true" version="1" lat="-0.00048331197" lon="0.00093949585" />
  <node id="3539" visible="true" version="1" lat="-0.00048326675" lon="0.00093949585" />
  <node id="3540" visible="true" version="1" lat="-0.00048322154" lon="0.00093949675" />
  <node id="3541" visible="true" version="1" lat="-0.00048231717" lon="0.00093950304" />
  <node id="3542" visible="true" version="1" lat="-0.00074977204" lon="0.00096614438" />
  <node id="3543" visible="true" version="1" lat="-0.00074936507" lon="0.00096614707" />
  <node id="3544" visible="true" version="1" lat="-0.00074891289" lon="0.00096615066" />
  <node id="3545" visible="true" version="1" lat="-0.00068918109" lon="0.00096655491" />
  <node id="3546" visible="true" version="1" lat="-0.00062323176" lon="0.00096700137" />
  <node id="3547" visible="true" version="1" lat="-0.00055728152" lon="0.00096744873" />
  <node id="3548" visible="true" version="1" lat="-0.0005508822" lon="0.00096749185" />
  <node id="3549" visible="true" version="1" lat="-0.00054448378" lon="0.00096753497" />
  <node id="3550" visible="true" version="1" lat="-0.00051493441" lon="0.00096773529" />
  <node id="3551" visible="true" version="1" lat="-0.00048538595" lon="0.00096793562" />
  <node id="3552" visible="true" version="1" lat="-0.00048457202" lon="0.00096794101" />
  <node id="3553" visible="true" version="1" lat="-0.00074845075" lon="0.00099759529" />
  <node id="3554" visible="true" version="1" lat="-0.00074822466" lon="0.00099759709" />
  <node id="3555" visible="true" version="1" lat="-0.00071881095" lon="0.00099779562" />
  <node id="3556" visible="true" version="1" lat="-0.00068939723" lon="0.00099799504" />
  <node id="3557" visible="true" version="1" lat="-0.000623447" lon="0.0009984424" />
  <node id="3558" visible="true" version="1" lat="-0.00055749676" lon="0.00099888887" />
  <node id="3559" visible="true" version="1" lat="-0.00055109834" lon="0.00099893199" />
  <node id="3560" visible="true" version="1" lat="-0.00054469993" lon="0.0009989751" />
  <node id="3561" visible="true" version="1" lat="-0.00051515056" lon="0.00099917543" />
  <node id="3562" visible="true" version="1" lat="-0.00048560119" lon="0.00099937575" />
  <node id="3563" visible="true" version="1" lat="-0.00048478726" lon="0.00099938114" />
  <node id="3564" visible="true" version="1" lat="-0.00048397333" lon="0.00099938653" />
  <node id="3565" visible="true" version="1" lat="-0.00048392811" lon="0.00099938743" />
  <node id="3566" visible="true" version="1" lat="-0.00048388289" lon="0.00099938743" />
  <node id="3567" visible="true" version="1" lat="-0.00048297852" lon="0.00099939372" />
  <node id="3568" visible="true" version="1" lat="-0.00048233099" lon="0.00090507241" />
  <node id="3569" visible="true" version="1" lat="-0.00048323536" lon="0.00090506702" />
  <node id="3570" visible="true" version="1" lat="-0.00048328058" lon="0.00090506612" />
  <node id="3571" visible="true" version="1" lat="-0.0004833258" lon="0.00090506612" />
  <node id="3572" visible="true" version="1" lat="-0.00048413973" lon="0.00090506073" />
  <node id="3573" visible="true" version="1" lat="-0.00048495366" lon="0.00090505534" />
  <node id="3574" visible="true" version="1" lat="-0.0004884807" lon="0.00090503109" />
  <node id="3575" visible="true" version="1" lat="-0.0005440524" lon="0.0009046547" />
  <node id="3576" visible="true" version="1" lat="-0.00055045081" lon="0.00090461158" />
  <node id="3577" visible="true" version="1" lat="-0.00055684923" lon="0.00090456756" />
  <node id="3578" visible="true" version="1" lat="-0.00063227183" lon="0.00090405732" />
  <node id="3579" visible="true" version="1" lat="-0.00068874971" lon="0.00090367463" />
  <node id="3580" visible="true" version="1" lat="-0.00071816342" lon="0.00090347521" />
  <node id="3581" visible="true" version="1" lat="-0.00074757623" lon="0.00090327578" />
  <node id="3582" visible="true" version="1" lat="-0.00074780232" lon="0.00090327398" />
  <node id="3583" visible="true" version="1" lat="-0.00074802841" lon="0.00090327309" />
  <node id="3584" visible="true" version="1" lat="-0.0007484806" lon="0.00090326949" />
  <node id="3585" visible="true" version="1" lat="-0.00074893278" lon="0.0009032668" />
  <node id="3586" visible="true" version="1" lat="-0.00074933975" lon="0.0009032641" />
  <node id="3587" visible="true" version="1" lat="-0.00048211575" lon="0.00087363228" />
  <node id="3588" visible="true" version="1" lat="-0.00048302012" lon="0.00087362599" />
  <node id="3589" visible="true" version="1" lat="-0.00048306534" lon="0.00087362599" />
  <node id="3590" visible="true" version="1" lat="-0.00048311056" lon="0.00087362599" />
  <node id="3591" visible="true" version="1" lat="-0.00048392449" lon="0.0008736206" />
  <node id="3592" visible="true" version="1" lat="-0.00048473752" lon="0.00087361431" />
  <node id="3593" visible="true" version="1" lat="-0.00048826456" lon="0.00087359095" />
  <node id="3594" visible="true" version="1" lat="-0.00054383625" lon="0.00087321456" />
  <node id="3595" visible="true" version="1" lat="-0.00063205659" lon="0.00087261628" />
  <node id="3596" visible="true" version="1" lat="-0.00074781317" lon="0.00087183295" />
  <node id="3597" visible="true" version="1" lat="-0.00074826536" lon="0.00087182936" />
  <node id="3598" visible="true" version="1" lat="-0.00074871754" lon="0.00087182666" />
  <node id="3599" visible="true" version="1" lat="-0.00074912451" lon="0.00087182397" />
  <node id="3600" visible="true" version="1" lat="-0.00051198979" lon="0.00090487209" />
  <node id="3601" visible="true" version="1" lat="-0.00051650983" lon="0.00090474542" />
  <node id="3602" visible="true" version="1" lat="-0.00054947228" lon="0.00089776731" />
  <node id="3603" visible="true" version="1" lat="-0.00057854053" lon="0.00088082688" />
  <node id="3604" visible="true" version="1" lat="-0.00058549784" lon="0.00087457551" />
  <node id="3605" visible="true" version="1" lat="-0.00058864143" lon="0.00087134786" />
  <node id="3606" visible="true" version="1" lat="-0.00060698204" lon="0.0008438109" />
  <node id="3607" visible="true" version="1" lat="-0.00061550844" lon="0.00081189735" />
  <node id="3608" visible="true" version="1" lat="-0.00061598956" lon="0.00080189731" />
  <node id="3609" visible="true" version="1" lat="-0.00061598414" lon="0.00079740573" />
  <node id="3610" visible="true" version="1" lat="-0.00061597238" lon="0.00078800576" />
  <node id="3611" visible="true" version="1" lat="-0.00061597148" lon="0.00078737335" />
  <node id="3612" visible="true" version="1" lat="-0.00061597057" lon="0.00078674453" />
  <node id="3613" visible="true" version="1" lat="-0.00061596153" lon="0.00077964784" />
  <node id="3614" visible="true" version="1" lat="-0.00061595249" lon="0.00077255114" />
  <node id="3615" visible="true" version="1" lat="-0.00061595249" lon="0.00077246131" />
  <node id="3616" visible="true" version="1" lat="-0.00051177455" lon="0.00087343105" />
  <node id="3617" visible="true" version="1" lat="-0.00051493894" lon="0.00087334302" />
  <node id="3618" visible="true" version="1" lat="-0.00053801754" lon="0.00086845708" />
  <node id="3619" visible="true" version="1" lat="-0.00055837038" lon="0.00085659573" />
  <node id="3620" visible="true" version="1" lat="-0.00056324131" lon="0.00085221913" />
  <node id="3621" visible="true" version="1" lat="-0.00056541632" lon="0.00084998682" />
  <node id="3622" visible="true" version="1" lat="-0.00057810462" lon="0.00083093535" />
  <node id="3623" visible="true" version="1" lat="-0.00058400382" lon="0.00080885566" />
  <node id="3624" visible="true" version="1" lat="-0.00058433663" lon="0.00080193773" />
  <node id="3625" visible="true" version="1" lat="-0.00058433121" lon="0.00079744616" />
  <node id="3626" visible="true" version="1" lat="-0.00058431945" lon="0.00078804618" />
  <node id="3627" visible="true" version="1" lat="-0.00058431855" lon="0.00078741287" />
  <node id="3628" visible="true" version="1" lat="-0.00058431764" lon="0.00078678405" />
  <node id="3629" visible="true" version="1" lat="-0.00061597057" lon="0.00078674453" />
  <node id="3630" visible="true" version="1" lat="-0.00061708837" lon="0.00082251185" />
  <node id="3631" visible="true" version="1" lat="-0.00062716757" lon="0.00085306624" />
  <node id="3632" visible="true" version="1" lat="-0.00064676888" lon="0.00087865296" />
  <node id="3633" visible="true" version="1" lat="-0.00067319907" lon="0.00089587815" />
  <node id="3634" visible="true" version="1" lat="-0.00070391236" lon="0.00090331171" />
  <node id="3635" visible="true" version="1" lat="-0.00072535225" lon="0.0009034267" />
  <node id="3636" visible="true" version="1" lat="-0.00074756899" lon="0.00090327578" />
  <node id="3637" visible="true" version="1" lat="-0.00074780232" lon="0.00090327398" />
  <node id="3638" visible="true" version="1" lat="-0.00074802841" lon="0.00090327309" />
  <node id="3639" visible="true" version="1" lat="-0.00074933975" lon="0.0009032641" />
  <node id="3640" visible="true" version="1" lat="-0.00064760542" lon="0.00077242089" />
  <node id="3641" visible="true" version="1" lat="-0.00065519217" lon="0.00083845066" />
  <node id="3642" visible="true" version="1" lat="-0.00066837878" lon="0.00085567944" />
  <node id="3643" visible="true" version="1" lat="-0.00068581141" lon="0.00086704044" />
  <node id="3644" visible="true" version="1" lat="-0.00074735285" lon="0.00087183564" />
  <node id="3645" visible="true" version="1" lat="-0.00074758708" lon="0.00087183385" />
  <node id="3646" visible="true" version="1" lat="-0.00074781317" lon="0.00087183295" />
  <node id="3647" visible="true" version="1" lat="-0.00074826536" lon="0.00087182936" />
  <node id="3648" visible="true" version="1" lat="-0.00074871754" lon="0.00087182666" />
  <node id="3649" visible="true" version="1" lat="-0.00074912451" lon="0.00087182397" />
  <node id="3650" visible="true" version="1" lat="-0.00074238515" lon="0.00079306148" />
  <node id="3651" visible="true" version="1" lat="-0.00073666682" lon="0.00078956164" />
  <node id="3652" visible="true" version="1" lat="-0.00073640817" lon="0.00078932269" />
  <node id="3653" visible="true" version="1" lat="-0.00073489787" lon="0.00078788449" />
  <node id="3654" visible="true" version="1" lat="-0.00073149654" lon="0.00078277128" />
  <node id="3655" visible="true" version="1" lat="-0.00073022771" lon="0.00077677412" />
  <node id="3656" visible="true" version="1" lat="-0.00072297014" lon="0.00084339229" />
  <node id="3657" visible="true" version="1" lat="-0.00070013481" lon="0.0008294145" />
  <node id="3658" visible="true" version="1" lat="0.00000531136" lon="-0.00097453374" />
  <node id="3659" visible="true" version="1" lat="0.00000544702" lon="-0.00097453195" />
  <node id="3660" visible="true" version="1" lat="0.00000558267" lon="-0.00097453105" />
  <node id="3661" visible="true" version="1" lat="0.00000630617" lon="-0.00097452296" />
  <node id="3662" visible="true" version="1" lat="-0.00005694905" lon="-0.00093202097" />
  <node id="3663" visible="true" version="1" lat="-0.00003592969" lon="-0.00094116313" />
  <node id="3664" visible="true" version="1" lat="-0.0000176126" lon="-0.00094334603" />
  <node id="3665" visible="true" version="1" lat="0.00000495594" lon="-0.0009430945" />
  <node id="3666" visible="true" version="1" lat="0.0000050925" lon="-0.00094309271" />
  <node id="3667" visible="true" version="1" lat="0.00000522816" lon="-0.00094309181" />
  <node id="3668" visible="true" version="1" lat="0.00000595166" lon="-0.00094308372" />
  <node id="3669" visible="true" version="1" lat="0.00000667515" lon="-0.00094307564" />
  <node id="3670" visible="true" version="1" lat="0.00000676559" lon="-0.00094307474" />
  <node id="3671" visible="true" version="1" lat="0.00000685512" lon="-0.00094307384" />
  <node id="3672" visible="true" version="1" lat="0.00000866386" lon="-0.00094305318" />
  <node id="3673" visible="true" version="1" lat="0.0000104726" lon="-0.00094303342" />
  <node id="3674" visible="true" version="1" lat="0.00001531098" lon="-0.00094297952" />
  <node id="3675" visible="true" version="1" lat="-0.00037859167" lon="0.00037853838" />
  <node id="3676" visible="true" version="1" lat="-0.00035037806" lon="0.00037817097" />
  <node id="3677" visible="true" version="1" lat="-0.00024049898" lon="0.00048777262" />
  <node id="3678" visible="true" version="1" lat="-0.00024046551" lon="0.0005022346" />
  <node id="3679" visible="true" version="1" lat="-0.00024048451" lon="0.00050897197" />
  <node id="3680" visible="true" version="1" lat="-0.00037817657" lon="0.00040997672" />
  <node id="3681" visible="true" version="1" lat="-0.00029352397" lon="0.00031504007" />
  <node id="3682" visible="true" version="1" lat="-0.00030456541" lon="0.00032628338" />
  <node id="3683" visible="true" version="1" lat="-0.00032671252" lon="0.00033994855" />
  <node id="3684" visible="true" version="1" lat="-0.0003519589" lon="0.00034641822" />
  <node id="3685" visible="true" version="1" lat="-0.0003604663" lon="0.0003468584" />
  <node id="3686" visible="true" version="1" lat="-0.00036946658" lon="0.00034697518" />
  <node id="3687" visible="true" version="1" lat="-0.00037900678" lon="0.00034710004" />
  <node id="3688" visible="true" version="1" lat="-0.00020808999" lon="0.00024401208" />
  <node id="3689" visible="true" version="1" lat="-0.00020810898" lon="0.00025070452" />
  <node id="3690" visible="true" version="1" lat="-0.0002081135" lon="0.00025236641" />
  <node id="3691" visible="true" version="1" lat="-0.00020811712" lon="0.0002534893" />
  <node id="3692" visible="true" version="1" lat="-0.00020819038" lon="0.00027964824" />
  <node id="3693" visible="true" version="1" lat="-0.00020826363" lon="0.00030580629" />
  <node id="3694" visible="true" version="1" lat="-0.0002084644" lon="0.00037767869" />
  <node id="3695" visible="true" version="1" lat="-0.00020866517" lon="0.00044955021" />
  <node id="3696" visible="true" version="1" lat="-0.000208733" lon="0.0004738694" />
  <node id="3697" visible="true" version="1" lat="-0.00020880173" lon="0.00049818949" />
  <node id="3698" visible="true" version="1" lat="-0.00020880444" lon="0.00049944713" />
  <node id="3699" visible="true" version="1" lat="-0.00020881077" lon="0.00050151325" />
  <node id="3700" visible="true" version="1" lat="-0.00020881258" lon="0.00050232174" />
  <node id="3701" visible="true" version="1" lat="-0.00020883157" lon="0.0005090591" />
  <node id="3702" visible="true" version="1" lat="-0.00023974292" lon="0.00024392494" />
  <node id="3703" visible="true" version="1" lat="-0.00023976191" lon="0.00025061739" />
  <node id="3704" visible="true" version="1" lat="-0.00023976282" lon="0.00025088688" />
  <node id="3705" visible="true" version="1" lat="-0.00023976644" lon="0.00025227927" />
  <node id="3706" visible="true" version="1" lat="-0.00023977005" lon="0.00025340217" />
  <node id="3707" visible="true" version="1" lat="-0.0002398424" lon="0.00027956021" />
  <node id="3708" visible="true" version="1" lat="-0.00023991566" lon="0.00030571915" />
  <node id="3709" visible="true" version="1" lat="-0.00024011733" lon="0.00037759066" />
  <node id="3710" visible="true" version="1" lat="-0.0002403181" lon="0.00044946307" />
  <node id="3711" visible="true" version="1" lat="-0.00024038593" lon="0.00047378226" />
  <node id="3712" visible="true" version="1" lat="-0.00024045376" lon="0.00049810235" />
  <node id="3713" visible="true" version="1" lat="-0.00024045737" lon="0.00049935999" />
  <node id="3714" visible="true" version="1" lat="-0.00024046099" lon="0.00050061763" />
  <node id="3715" visible="true" version="1" lat="-0.0002404637" lon="0.00050142612" />
  <node id="3716" visible="true" version="1" lat="-0.00024046551" lon="0.0005022346" />
  <node id="3717" visible="true" version="1" lat="-0.00024048451" lon="0.00050897197" />
  <node id="3718" visible="true" version="1" lat="-0.00027139585" lon="0.0002438378" />
  <node id="3719" visible="true" version="1" lat="-0.00027141485" lon="0.00025052935" />
  <node id="3720" visible="true" version="1" lat="-0.00027141575" lon="0.00025079885" />
  <node id="3721" visible="true" version="1" lat="-0.00027141575" lon="0.00025106834" />
  <node id="3722" visible="true" version="1" lat="-0.00027141937" lon="0.00025219124" />
  <node id="3723" visible="true" version="1" lat="-0.00027142208" lon="0.00025331413" />
  <node id="3724" visible="true" version="1" lat="-0.00027149533" lon="0.00027947307" />
  <node id="3725" visible="true" version="1" lat="-0.00027156859" lon="0.00030563201" />
  <node id="3726" visible="true" version="1" lat="-0.00027177026" lon="0.00037750352" />
  <node id="3727" visible="true" version="1" lat="-0.00027203886" lon="0.00047369512" />
  <node id="3728" visible="true" version="1" lat="-0.00027210669" lon="0.00049801432" />
  <node id="3729" visible="true" version="1" lat="-0.00027211031" lon="0.00049927196" />
  <node id="3730" visible="true" version="1" lat="-0.00027211392" lon="0.0005005296" />
  <node id="3731" visible="true" version="1" lat="-0.00027211664" lon="0.00050133808" />
  <node id="3732" visible="true" version="1" lat="-0.00027211845" lon="0.00050214657" />
  <node id="3733" visible="true" version="1" lat="-0.00027213744" lon="0.00050888393" />
  <node id="3734" visible="true" version="1" lat="-0.000076478" lon="0.00050942472" />
  <node id="3735" visible="true" version="1" lat="-0.00007645901" lon="0.00050268735" />
  <node id="3736" visible="true" version="1" lat="-0.00007645087" lon="0.00049981274" />
  <node id="3737" visible="true" version="1" lat="-0.00007644726" lon="0.0004985551" />
  <node id="3738" visible="true" version="1" lat="-0.00007639842" lon="0.00048094812" />
  <node id="3739" visible="true" version="1" lat="-0.0000763116" lon="0.00044991582" />
  <node id="3740" visible="true" version="1" lat="-0.00007575994" lon="0.00025273202" />
  <node id="3741" visible="true" version="1" lat="-0.00007575632" lon="0.00025160913" />
  <node id="3742" visible="true" version="1" lat="-0.00007575541" lon="0.00025133963" />
  <node id="3743" visible="true" version="1" lat="-0.00007575541" lon="0.00025107014" />
  <node id="3744" visible="true" version="1" lat="-0.00007573642" lon="0.00024437769" />
  <node id="3745" visible="true" version="1" lat="-0.00002221584" lon="0.00050957384" />
  <node id="3746" visible="true" version="1" lat="-0.00002219232" lon="0.0005012195" />
  <node id="3747" visible="true" version="1" lat="-0.00002218509" lon="0.00049870422" />
  <node id="3748" visible="true" version="1" lat="-0.00002213625" lon="0.00048109724" />
  <node id="3749" visible="true" version="1" lat="-0.00002204943" lon="0.00045006494" />
  <node id="3750" visible="true" version="1" lat="-0.00002186404" lon="0.00038381958" />
  <node id="3751" visible="true" version="1" lat="-0.00002164699" lon="0.00030632192" />
  <node id="3752" visible="true" version="1" lat="-0.00002157373" lon="0.00028016298" />
  <node id="3753" visible="true" version="1" lat="-0.00001309165" lon="-0.00094329573" />
  <node id="3754" visible="true" version="1" lat="-0.00016625884" lon="-0.00013885521" />
  <node id="3755" visible="true" version="1" lat="-0.00058364389" lon="0.00026342647" />
  <node id="3756" visible="true" version="1" lat="-0.00002150138" lon="0.00025400404" />
  <node id="3757" visible="true" version="1" lat="-0.00002149505" lon="0.00025175825" />
  <node id="3758" visible="true" version="1" lat="-0.00002149324" lon="0.00025121926" />
  <node id="3759" visible="true" version="1" lat="-0.00002147425" lon="0.00024452681" />
  <node id="3760" visible="true" version="1" lat="-0.00072891185" lon="-0.00024291344" />
  <node id="3761" visible="true" version="1" lat="-0.00072891185" lon="-0.00024295835" />
  <node id="3762" visible="true" version="1" lat="-0.00072891185" lon="-0.00024304818" />
  <node id="3763" visible="true" version="1" lat="-0.00072891185" lon="-0.00024340751" />
  <node id="3764" visible="true" version="1" lat="-0.00072891095" lon="-0.0002439465" />
  <node id="3765" visible="true" version="1" lat="-0.00072889195" lon="-0.0002587687" />
  <node id="3766" visible="true" version="1" lat="-0.0007290882" lon="-0.00026533269" />
  <node id="3767" visible="true" version="1" lat="-0.0007461834" lon="-0.00028018993" />
  <node id="3768" visible="true" version="1" lat="-0.00103941807" lon="-0.000333257" />
  <node id="3769" visible="true" version="1" lat="-0.00089327286" lon="-0.00033366574" />
  <node id="3770" visible="true" version="1" lat="-0.00074712676" lon="-0.00033407357" />
  <node id="3771" visible="true" version="1" lat="-0.00104157137" lon="-0.0002793518" />
  <node id="3772" visible="true" version="1" lat="-0.00104387751" lon="-0.00027934551" />
  <node id="3773" visible="true" version="1" lat="-0.00105025332" lon="-0.00027932754" />
  <node id="3774" visible="true" version="1" lat="-0.00105662912" lon="-0.00027930958" />
  <node id="3775" visible="true" version="1" lat="-0.00105816655" lon="-0.00027930509" />
  <node id="3776" visible="true" version="1" lat="-0.00106250752" lon="-0.00027929341" />
  <node id="3777" visible="true" version="1" lat="-0.00107358424" lon="-0.00027827202" />
  <node id="3778" visible="true" version="1" lat="-0.00107938939" lon="-0.00027494916" />
  <node id="3779" visible="true" version="1" lat="-0.00108199126" lon="-0.00026987547" />
  <node id="3780" visible="true" version="1" lat="-0.00067464968" lon="-0.00024297901" />
  <node id="3781" visible="true" version="1" lat="-0.00067464968" lon="-0.00024333834" />
  <node id="3782" visible="true" version="1" lat="-0.00067464878" lon="-0.00024387733" />
  <node id="3783" visible="true" version="1" lat="-0.00067462979" lon="-0.00025869953" />
  <node id="3784" visible="true" version="1" lat="-0.00067547899" lon="-0.00027366636" />
  <node id="3785" visible="true" version="1" lat="-0.00070190195" lon="-0.00031843031" />
  <node id="3786" visible="true" version="1" lat="-0.00072558468" lon="-0.00033087108" />
  <node id="3787" visible="true" version="1" lat="-0.00106266036" lon="-0.00033319143" />
  <node id="3788" visible="true" version="1" lat="-0.00106546662" lon="-0.00033318424" />
  <node id="3789" visible="true" version="1" lat="-0.00109149437" lon="-0.0003291508" />
  <node id="3790" visible="true" version="1" lat="-0.00037846416" lon="0.00034709286" />
  <node id="3791" visible="true" version="1" lat="-0.00007399381" lon="-0.00013885521" />
  <node id="3792" visible="true" version="1" lat="-0.0001343052" lon="-0.00026917299" />
  <node id="3793" visible="true" version="1" lat="-0.00111472672" lon="-0.00031585215" />
  <node id="3794" visible="true" version="1" lat="-0.00113010824" lon="-0.00029610987" />
  <node id="3795" visible="true" version="1" lat="-0.00113618651" lon="-0.00027254886" />
  <node id="3796" visible="true" version="1" lat="-0.00113634296" lon="-0.00025656064" />
  <node id="3797" visible="true" version="1" lat="0.00000142438" lon="0.00097123333" />
  <node id="3798" visible="true" version="1" lat="-0.00018426135" lon="-0.00083780402" />
  <node id="3799" visible="true" version="1" lat="-0.00074000304" lon="-0.00038920588" />
  <node id="3800" visible="true" version="1" lat="-0.00073272286" lon="-0.00038922564" />
  <node id="3801" visible="true" version="1" lat="-0.00073028107" lon="-0.00038923283" />
  <node id="3802" visible="true" version="1" lat="-0.00067438199" lon="-0.00037726637" />
  <node id="3803" visible="true" version="1" lat="-0.00064844105" lon="-0.00035726089" />
  <node id="3804" visible="true" version="1" lat="-0.00061952022" lon="-0.00030516489" />
  <node id="3805" visible="true" version="1" lat="-0.00061461311" lon="-0.00026805908" />
  <node id="3806" visible="true" version="1" lat="-0.00020880806" lon="0.00050070477" />
  <node id="3807" visible="true" version="1" lat="-0.00002009642" lon="-0.00013885521" />
  <node id="3808" visible="true" version="1" lat="-0.00013344514" lon="-0.0005766196" />
  <node id="3809" visible="true" version="1" lat="-0.00061464477" lon="-0.00024326468" />
  <node id="3810" visible="true" version="1" lat="-0.00061464477" lon="-0.0002430374" />
  <node id="3811" visible="true" version="1" lat="-0.00061464477" lon="-0.00024281282" />
  <node id="3812" visible="true" version="1" lat="-0.00061464567" lon="-0.00024276791" />
  <node id="3813" visible="true" version="1" lat="-0.00073991441" lon="-0.00035776484" />
  <node id="3814" visible="true" version="1" lat="-0.00073263424" lon="-0.0003577846" />
  <node id="3815" visible="true" version="1" lat="-0.00073141334" lon="-0.0003577882" />
  <node id="3816" visible="true" version="1" lat="-0.00023976372" lon="0.00025115638" />
  <node id="3817" visible="true" version="1" lat="-0.00002009642" lon="0.00011875605" />
  <node id="3818" visible="true" version="1" lat="-0.00013338817" lon="-0.00059701135" />
  <node id="3819" visible="true" version="1" lat="-0.00073019244" lon="-0.00035779179" />
  <node id="3820" visible="true" version="1" lat="-0.00071069061" lon="-0.00035686922" />
  <node id="3821" visible="true" version="1" lat="-0.00068943703" lon="-0.00034960904" />
  <node id="3822" visible="true" version="1" lat="-0.00066159601" lon="-0.0003226479" />
  <node id="3823" visible="true" version="1" lat="-0.00036740281" lon="0.00100017615" />
  <node id="3824" visible="true" version="1" lat="-0.00064999295" lon="-0.00029665964" />
  <node id="3825" visible="true" version="1" lat="-0.00064626514" lon="-0.0002680986" />
  <node id="3826" visible="true" version="1" lat="-0.0006462977" lon="-0.0002433051" />
  <node id="3827" visible="true" version="1" lat="-0.0006462977" lon="-0.00024307783" />
  <node id="3828" visible="true" version="1" lat="-0.0006462977" lon="-0.00024285325" />
  <node id="3829" visible="true" version="1" lat="-0.0006462977" lon="-0.00024280833" />
  <node id="3830" visible="true" version="1" lat="-0.00048212208" lon="-0.00042136736" />
  <node id="3831" visible="true" version="1" lat="-0.00049650156" lon="-0.00042132694" />
  <node id="3832" visible="true" version="1" lat="-0.00049794855" lon="-0.00042132334" />
  <node id="3833" visible="true" version="1" lat="-0.00049939554" lon="-0.00042131885" />
  <node id="3834" visible="true" version="1" lat="-0.00052089692" lon="-0.00042125956" />
  <node id="3835" visible="true" version="1" lat="-0.00061364365" lon="-0.00041971112" />
  <node id="3836" visible="true" version="1" lat="-0.00068709833" lon="-0.00042079424" />
  <node id="3837" visible="true" version="1" lat="0.0000336742" lon="0.00100289356" />
  <node id="3838" visible="true" version="1" lat="-0.0007303706" lon="-0.00042067386" />
  <node id="3839" visible="true" version="1" lat="-0.0007315915" lon="-0.00042067027" />
  <node id="3840" visible="true" version="1" lat="-0.0007328124" lon="-0.00042066667" />
  <node id="3841" visible="true" version="1" lat="-0.00027197103" lon="0.00044937593" />
  <node id="3842" visible="true" version="1" lat="-0.00007582084" lon="0.00011966956" />
  <node id="3843" visible="true" version="1" lat="-0.00010264594" lon="-0.00027142057" />
  <node id="3844" visible="true" version="1" lat="-0.00074009167" lon="-0.00042064691" />
  <node id="3845" visible="true" version="1" lat="-0.00048221071" lon="-0.0004528084" />
  <node id="3846" visible="true" version="1" lat="-0.00049659018" lon="-0.00045276797" />
  <node id="3847" visible="true" version="1" lat="-0.00049803718" lon="-0.00045276438" />
  <node id="3848" visible="true" version="1" lat="-0.00049948417" lon="-0.00045275989" />
  <node id="3849" visible="true" version="1" lat="-0.00054248784" lon="-0.00045264041" />
  <node id="3850" visible="true" version="1" lat="-0.00027447975" lon="0.00087518995" />
  <node id="3851" visible="true" version="1" lat="-0.0006148383" lon="-0.00045243739" />
  <node id="3852" visible="true" version="1" lat="-0.00070882309" lon="-0.00045217508" />
  <node id="3853" visible="true" version="1" lat="-0.00073290102" lon="-0.00045210771" />
  <node id="3854" visible="true" version="1" lat="-0.0004995737" lon="-0.00048420092" />
  <node id="3855" visible="true" version="1" lat="-0.00052107508" lon="-0.00048414073" />
  <node id="3856" visible="true" version="1" lat="-0.00068727649" lon="-0.00048367631" />
  <node id="3857" visible="true" version="1" lat="-0.0001010036" lon="-0.0008406686" />
  <node id="3858" visible="true" version="1" lat="0.00000495685" lon="-0.0009430945" />
  <node id="3859" visible="true" version="1" lat="-0.00048194392" lon="-0.00035848619" />
  <node id="3860" visible="true" version="1" lat="-0.00020553998" lon="-0.00013976872" />
  <node id="3861" visible="true" version="1" lat="-0.00056514049" lon="0.0003219041" />
  <node id="3862" visible="true" version="1" lat="-0.00009562351" lon="-0.00087410748" />
  <node id="3863" visible="true" version="1" lat="0.0000050925" lon="-0.00094309271" />
  <node id="3864" visible="true" version="1" lat="-0.00007580877" lon="-0.00091420828" />
  <node id="3865" visible="true" version="1" lat="0.00000595166" lon="-0.00094308372" />
  <node id="3866" visible="true" version="1" lat="-0.00068718786" lon="-0.00045223527" />
  <node id="3867" visible="true" version="1" lat="-0.00007392316" lon="-0.00091668314" />
  <node id="3868" visible="true" version="1" lat="0.00000667515" lon="-0.00094307564" />
  <node id="3869" visible="true" version="1" lat="-0.00037763395" lon="0.00040996954" />
  <node id="3870" visible="true" version="1" lat="-0.00013271622" lon="-0.00083712654" />
  <node id="3871" visible="true" version="1" lat="-0.0003596388" lon="0.00040973508" />
  <node id="3872" visible="true" version="1" lat="-0.00023934004" lon="-0.00013885521" />
  <node id="3873" visible="true" version="1" lat="-0.00061530405" lon="0.00026900051" />
  <node id="3874" visible="true" version="1" lat="-0.00012598409" lon="-0.00088299991" />
  <node id="3875" visible="true" version="1" lat="-0.00023976191" lon="0.00025061739" />
  <node id="3876" visible="true" version="1" lat="-0.00026906348" lon="0.00033499524" />
  <node id="3877" visible="true" version="1" lat="0.00000721054" lon="-0.00097451218" />
  <node id="3878" visible="true" version="1" lat="-0.00034877371" lon="0.00037769936" />
  <node id="3879" visible="true" version="1" lat="0.00001566549" lon="-0.00097441876" />
  <node id="3880" visible="true" version="1" lat="-0.00036005119" lon="0.00037829674" />
  <node id="3881" visible="true" version="1" lat="-0.00010106329" lon="-0.0008370394" />
  <node id="3882" visible="true" version="1" lat="-0.00036905148" lon="0.00037841352" />
  <node id="3883" visible="true" version="1" lat="-0.00027141485" lon="0.00025052935" />
  <node id="3884" visible="true" version="1" lat="-0.00027198369" lon="0.00026407146" />
  <node id="3885" visible="true" version="1" lat="-0.00027900522" lon="0.00029111883" />
  <node id="3886" visible="true" version="1" lat="-0.00020811079" lon="0.00025124351" />
  <node id="3887" visible="true" version="1" lat="-0.00036863637" lon="0.00040985186" />
  <node id="3888" visible="true" version="1" lat="-0.00013264206" lon="-0.00084161811" />
  <node id="3889" visible="true" version="1" lat="-0.00073119991" lon="-0.00027120049" />
  <node id="3890" visible="true" version="1" lat="-0.00105678196" lon="-0.0003332085" />
  <node id="3891" visible="true" version="1" lat="-0.00070873446" lon="-0.00042073405" />
  <node id="3892" visible="true" version="1" lat="-0.00073150196" lon="-0.00038922923" />
  <node id="3893" visible="true" version="1" lat="-0.00031426568" lon="0.00036885634" />
  <node id="3894" visible="true" version="1" lat="0.00001082802" lon="-0.00097447266" />
  <node id="3895" visible="true" version="1" lat="-0.00024981941" lon="0.00030328831" />
  <node id="3896" visible="true" version="1" lat="0.0000071201" lon="-0.00097451398" />
  <node id="3897" visible="true" version="1" lat="-0.00073168013" lon="-0.0004521113" />
  <node id="3898" visible="true" version="1" lat="-0.00055663399" lon="0.00087312742" />
  <node id="3899" visible="true" version="1" lat="-0.00035105091" lon="-0.00081419704" />
  <node id="3900" visible="true" version="1" lat="0.00047605747" lon="-0.00070524814" />
  <node id="3901" visible="true" version="1" lat="-0.00125390828" lon="0.00089103264" />
  <node id="3902" visible="true" version="1" lat="-0.00106531378" lon="-0.00027928532" />
  <node id="3903" visible="true" version="1" lat="-0.00023842653" lon="0.0001214966" />
  <node id="3904" visible="true" version="1" lat="-0.00023738252" lon="-0.00060003868" />
  <node id="3905" visible="true" version="1" lat="-0.00049794855" lon="-0.00042132334" />
  <node id="3906" visible="true" version="1" lat="-0.0000818789" lon="-0.00090509667" />
  <node id="3907" visible="true" version="1" lat="0.00000522816" lon="-0.00094309181" />
  <node id="3908" visible="true" version="1" lat="-0.00067168425" lon="-0.00033591871" />
  <node id="3909" visible="true" version="1" lat="0.00000921643" lon="-0.00035985881" />
  <node id="3910" visible="true" version="1" lat="0.00033069338" lon="-0.00039098538" />
  <node id="3911" visible="true" version="1" lat="0.00001387574" lon="-0.00039131243" />
  <node id="3912" visible="true" version="1" lat="-0.00035105905" lon="-0.00081132243" />
  <node id="3913" visible="true" version="1" lat="-0.00068441416" lon="-0.00029850298" />
  <node id="3914" visible="true" version="1" lat="-0.00026948604" lon="0.00012241011" />
  <node id="3915" visible="true" version="1" lat="-0.00023745035" lon="-0.00057582908" />
  <node id="3916" visible="true" version="1" lat="-0.00049641202" lon="-0.0003898868" />
  <node id="3917" visible="true" version="1" lat="-0.00073198942" lon="-0.00056112096" />
  <node id="3918" visible="true" version="1" lat="-0.00074161643" lon="-0.00027937875" />
  <node id="3919" visible="true" version="1" lat="-0.00020736701" lon="0.00012058308" />
  <node id="3920" visible="true" version="1" lat="-0.00020665566" lon="-0.00026892326" />
  <node id="3921" visible="true" version="1" lat="-0.0005843086" lon="0.00077968736" />
  <node id="3922" visible="true" version="1" lat="-0.00029683034" lon="-0.00079913499" />
  <node id="3923" visible="true" version="1" lat="-0.00105985682" lon="-0.00033319951" />
  <node id="3924" visible="true" version="1" lat="-0.00029963204" lon="0.00012332363" />
  <node id="3925" visible="true" version="1" lat="-0.00023830769" lon="-0.0002693248" />
  <node id="3926" visible="true" version="1" lat="-0.0004963234" lon="-0.00035844576" />
  <node id="3927" visible="true" version="1" lat="-0.00027139585" lon="0.0002438378" />
  <node id="3928" visible="true" version="1" lat="0.00001455673" lon="-0.00045419719" />
  <node id="3929" visible="true" version="1" lat="0.0003316069" lon="-0.00050791531" />
  <node id="3930" visible="true" version="1" lat="0.0000135149" lon="-0.00042275256" />
  <node id="3931" visible="true" version="1" lat="0.00000422612" lon="-0.00097454542" />
  <node id="3932" visible="true" version="1" lat="-0.00068734432" lon="-0.00050734691" />
  <node id="3933" visible="true" version="1" lat="-0.00073572537" lon="-0.00027628405" />
  <node id="3934" visible="true" version="1" lat="-0.00026212607" lon="-0.00034126998" />
  <node id="3935" visible="true" version="1" lat="0.00033069338" lon="-0.00048507743" />
  <node id="3936" visible="true" version="1" lat="-0.0002373997" lon="-0.00059393013" />
  <node id="3937" visible="true" version="1" lat="-0.00039474914" lon="-0.00094754566" />
  <node id="3938" visible="true" version="1" lat="-0.00054279713" lon="-0.00056165007" />
  <node id="3939" visible="true" version="1" lat="-0.00032688525" lon="0.0004130301" />
  <node id="3940" visible="true" version="1" lat="-0.00009873454" lon="-0.00093620622" />
  <node id="3941" visible="true" version="1" lat="-0.00074687882" lon="-0.00033404123" />
  <node id="3942" visible="true" version="1" lat="-0.00048375809" lon="0.0009679464" />
  <node id="3943" visible="true" version="1" lat="-0.00038122972" lon="-0.00094739474" />
  <node id="3944" visible="true" version="1" lat="-0.00030608928" lon="0.00042354218" />
  <node id="3945" visible="true" version="1" lat="-0.00007417458" lon="-0.0009583991" />
  <node id="3946" visible="true" version="1" lat="-0.00103955269" lon="-0.00027934371" />
  <node id="3947" visible="true" version="1" lat="-0.00037804905" lon="0.0003785312" />
  <node id="3948" visible="true" version="1" lat="-0.00010322629" lon="-0.00013885521" />
  <node id="3949" visible="true" version="1" lat="-0.00013433595" lon="-0.00025812371" />
  <node id="3950" visible="true" version="1" lat="-0.00048371287" lon="0.0009679473" />
  <node id="3951" visible="true" version="1" lat="-0.00037901401" lon="-0.00094736959" />
  <node id="3952" visible="true" version="1" lat="-0.00027213744" lon="0.00050888393" />
  <node id="3953" visible="true" version="1" lat="-0.00104403035" lon="-0.00033324353" />
  <node id="3954" visible="true" version="1" lat="-0.00074912813" lon="0.0009975908" />
  <node id="3955" visible="true" version="1" lat="-0.00036990339" lon="-0.00094726898" />
  <node id="3956" visible="true" version="1" lat="-0.00070873446" lon="-0.00042073405" />
  <node id="3957" visible="true" version="1" lat="-0.00020810989" lon="0.00025097402" />
  <node id="3958" visible="true" version="1" lat="-0.00013716934" lon="0.00075494686" />
  <node id="3959" visible="true" version="1" lat="-0.00074009167" lon="-0.00042064691" />
  <node id="3960" visible="true" version="1" lat="-0.00023974292" lon="0.00024392494" />
  <node id="3961" visible="true" version="1" lat="-0.00105040616" lon="-0.00033322646" />
  <node id="3962" visible="true" version="1" lat="-0.00074867594" lon="0.0009975935" />
  <node id="3963" visible="true" version="1" lat="-0.00036413894" lon="-0.0009472043" />
  <node id="3964" visible="true" version="1" lat="-0.00035521553" lon="0.00037823385" />
  <node id="3965" visible="true" version="1" lat="0.00000460143" lon="-0.00091165527" />
  <node id="3966" visible="true" version="1" lat="-0.00020949628" lon="0.00074648293" />
  <node id="3967" visible="true" version="1" lat="-0.00073045923" lon="-0.0004521149" />
  <node id="3968" visible="true" version="1" lat="-0.00055023467" lon="0.00087317054" />
  <node id="3969" visible="true" version="1" lat="-0.00035105272" lon="-0.00081361314" />
  <node id="3970" visible="true" version="1" lat="0.00045926567" lon="-0.00074561785" />
  <node id="3971" visible="true" version="1" lat="-0.00130420841" lon="0.00082263671" />
  <node id="3972" visible="true" version="1" lat="0.00000278727" lon="-0.00094311876" />
  <node id="3973" visible="true" version="1" lat="-0.00051782749" lon="-0.00035518398" />
  <node id="3974" visible="true" version="1" lat="-0.00063479412" lon="-0.00033937453" />
  <node id="3975" visible="true" version="1" lat="-0.0000984587" lon="-0.00029389642" />
  <node id="3976" visible="true" version="1" lat="0.0003316069" lon="-0.00042204489" />
  <node id="3977" visible="true" version="1" lat="-0.00005732617" lon="-0.00039546713" />
  <node id="3978" visible="true" version="1" lat="-0.00026847836" lon="-0.00079905684" />
  <node id="3979" visible="true" version="1" lat="-0.00048203255" lon="-0.00038992633" />
  <node id="3980" visible="true" version="1" lat="-0.00028911426" lon="0.00044051854" />
  <node id="3981" visible="true" version="1" lat="-0.00004376063" lon="-0.00097162679" />
  <node id="3982" visible="true" version="1" lat="-0.00089312003" lon="-0.00027976682" />
  <node id="3983" visible="true" version="1" lat="-0.00048366765" lon="0.0009679473" />
  <node id="3984" visible="true" version="1" lat="-0.00037797399" lon="-0.00094735881" />
  <node id="3985" visible="true" version="1" lat="-0.00070864493" lon="-0.00038929301" />
  <node id="3986" visible="true" version="1" lat="-0.00049812671" lon="-0.00048420541" />
  <node id="3987" visible="true" version="1" lat="-0.00064760542" lon="0.00077251072" />
  <node id="3988" visible="true" version="1" lat="-0.00039537044" lon="-0.00089243671" />
  <node id="3989" visible="true" version="1" lat="-0.00074758708" lon="0.00087183385" />
  <node id="3990" visible="true" version="1" lat="-0.00036080634" lon="-0.00083154351" />
  <node id="3991" visible="true" version="1" lat="-0.00037804905" lon="0.0003785312" />
  <node id="3992" visible="true" version="1" lat="-0.00000404163" lon="-0.00091175228" />
  <node id="3993" visible="true" version="1" lat="-0.00074697392" lon="-0.00028017555" />
  <node id="3994" visible="true" version="1" lat="-0.00048276328" lon="0.00096795358" />
  <node id="3995" visible="true" version="1" lat="-0.00037693396" lon="-0.00094734713" />
  <node id="3996" visible="true" version="1" lat="-0.00067464968" lon="-0.00024288918" />
  <node id="3997" visible="true" version="1" lat="-0.0007185948" lon="0.00096635548" />
  <node id="3998" visible="true" version="1" lat="0.0000071201" lon="-0.00097451398" />
  <node id="3999" visible="true" version="1" lat="-0.00037859167" lon="0.00037853838" />
  <node id="4000" visible="true" version="1" lat="-0.00037221677" lon="0.00093726084" />
  <node id="4001" visible="true" version="1" lat="-0.00002149415" lon="0.00025148875" />
  <node id="4002" visible="true" version="1" lat="-0.00016534532" lon="0.0001214966" />
  <node id="4003" visible="true" version="1" lat="-0.0002058354" lon="-0.00056217738" />
  <node id="4004" visible="true" version="1" lat="-0.00073305748" lon="-0.00050721935" />
  <node id="4005" visible="true" version="1" lat="-0.00002218871" lon="0.00049996186" />
  <node id="4006" visible="true" version="1" lat="-0.0002383312" lon="-0.00026079081" />
  <node id="4007" visible="true" version="1" lat="0.00033434744" lon="-0.0005618127" />
  <node id="4008" visible="true" version="1" lat="0.00000044676" lon="-0.00042271663" />
  <node id="4009" visible="true" version="1" lat="-0.00037594639" lon="-0.00097877918" />
  <node id="4010" visible="true" version="1" lat="-0.00073176966" lon="-0.00048355234" />
  <node id="4011" visible="true" version="1" lat="-0.00002219684" lon="0.00050283647" />
  <node id="4012" visible="true" version="1" lat="-0.00036005391" lon="0.00037829674" />
  <node id="4013" visible="true" version="1" lat="0.00003787952" lon="0.0010029223" />
  <node id="4014" visible="true" version="1" lat="-0.00027039956" lon="-0.00013885521" />
  <node id="4015" visible="true" version="1" lat="-0.000476165" lon="0.0003798086" />
  <node id="4016" visible="true" version="1" lat="0.00000351619" lon="-0.00091166784" />
  <node id="4017" visible="true" version="1" lat="-0.00104172421" lon="-0.00033325072" />
  <node id="4018" visible="true" version="1" lat="-0.00074958031" lon="0.00099758721" />
  <node id="4019" visible="true" version="1" lat="-0.00037566785" lon="-0.00094733276" />
  <node id="4020" visible="true" version="1" lat="-0.00002149777" lon="0.00025288114" />
  <node id="4021" visible="true" version="1" lat="-0.00020513994" lon="-0.00081073943" />
  <node id="4022" visible="true" version="1" lat="-0.00035261592" lon="-0.00013885521" />
  <node id="4023" visible="true" version="1" lat="-0.00047548672" lon="0.00037979962" />
  <node id="4024" visible="true" version="1" lat="0.00000387161" lon="-0.00094310708" />
  <node id="4025" visible="true" version="1" lat="-0.0004963234" lon="-0.00035844576" />
  <node id="4026" visible="true" version="1" lat="-0.00024051254" lon="0.00026743834" />
  <node id="4027" visible="true" version="1" lat="0.00000702966" lon="-0.00097451488" />
  <node id="4028" visible="true" version="1" lat="-0.00105970398" lon="-0.00027930059" />
  <node id="4029" visible="true" version="1" lat="-0.00037550687" lon="0.00096868032" />
  <node id="4030" visible="true" version="1" lat="-0.00048212208" lon="-0.00042136736" />
  <node id="4031" visible="true" version="1" lat="-0.00013428581" lon="-0.00013794169" />
  <node id="4032" visible="true" version="1" lat="-0.00016598164" lon="-0.00026059138" />
  <node id="4033" visible="true" version="1" lat="-0.00036905148" lon="0.00037841352" />
  <node id="4034" visible="true" version="1" lat="0.00000243275" lon="-0.00091167952" />
  <node id="4035" visible="true" version="1" lat="-0.00104082663" lon="-0.000333257" />
  <node id="4036" visible="true" version="1" lat="-0.00074998728" lon="0.00099758451" />
  <node id="4037" visible="true" version="1" lat="-0.0003763009" lon="-0.00094733994" />
  <node id="4038" visible="true" version="1" lat="-0.00073320941" lon="-0.00056111827" />
  <node id="4039" visible="true" version="1" lat="-0.00058415942" lon="0.00077281884" />
  <node id="4040" visible="true" version="1" lat="-0.00029682763" lon="-0.00080021297" />
  <node id="4041" visible="true" version="1" lat="-0.00049667972" lon="-0.00048420901" />
  <node id="4042" visible="true" version="1" lat="-0.00074736099" lon="0.00087183564" />
  <node id="4043" visible="true" version="1" lat="-0.00035428584" lon="-0.00082508462" />
  <node id="4044" visible="true" version="1" lat="-0.00027211845" lon="0.00050214657" />
  <node id="4045" visible="true" version="1" lat="-0.00048230024" lon="-0.00048424943" />
  <node id="4046" visible="true" version="1" lat="-0.00071794727" lon="0.00087203507" />
  <node id="4047" visible="true" version="1" lat="-0.00035151123" lon="-0.00081866346" />
  <node id="4048" visible="true" version="1" lat="-0.00027213472" lon="0.0004887958" />
  <node id="4049" visible="true" version="1" lat="-0.00001273624" lon="-0.00097473497" />
  <node id="4050" visible="true" version="1" lat="-0.0007401812" lon="-0.00045208705" />
  <node id="4051" visible="true" version="1" lat="-0.00068853356" lon="0.0008722345" />
  <node id="4052" visible="true" version="1" lat="-0.00035105" lon="-0.00081446654" />
  <node id="4053" visible="true" version="1" lat="0.000486065" lon="-0.0006333049" />
  <node id="4054" visible="true" version="1" lat="-0.00112497775" lon="0.00099494796" />
  <node id="4055" visible="true" version="1" lat="-0.00034996295" lon="0.00040960931" />
  <node id="4056" visible="true" version="1" lat="-0.00010146302" lon="-0.00093262554" />
  <node id="4057" visible="true" version="1" lat="-0.00007612621" lon="0.00038366956" />
  <node id="4058" visible="true" version="1" lat="-0.00013717386" lon="0.000756474" />
  <node id="4059" visible="true" version="1" lat="-0.000387166" lon="-0.00101034688" />
  <node id="4060" visible="true" version="1" lat="-0.00049964062" lon="-0.00050787153" />
  <node id="4061" visible="true" version="1" lat="-0.00058299184" lon="-0.0002427733" />
  <node id="4062" visible="true" version="1" lat="-0.00033541165" lon="0.00087379218" />
  <node id="4063" visible="true" version="1" lat="-0.00073054876" lon="-0.00048355593" />
  <node id="4064" visible="true" version="1" lat="-0.0000758359" lon="0.00028001296" />
  <node id="4065" visible="true" version="1" lat="-0.00013716572" lon="0.00075341972" />
  <node id="4066" visible="true" version="1" lat="-0.00039403921" lon="-0.00101042323" />
  <node id="4067" visible="true" version="1" lat="-0.00074893278" lon="0.0009032668" />
  <node id="4068" visible="true" version="1" lat="-0.00038406401" lon="-0.00089231094" />
  <node id="4069" visible="true" version="1" lat="-0.00073272286" lon="-0.00038922564" />
  <node id="4070" visible="true" version="1" lat="-0.00024702581" lon="0.00045299794" />
  <node id="4071" visible="true" version="1" lat="0.00000641017" lon="-0.0009116355" />
  <node id="4072" visible="true" version="1" lat="-0.00070543804" lon="-0.00038787368" />
  <node id="4073" visible="true" version="1" lat="-0.00035444295" lon="0.00012332363" />
  <node id="4074" visible="true" version="1" lat="-0.00023833844" lon="-0.00025809586" />
  <node id="4075" visible="true" version="1" lat="-0.00058299274" lon="-0.00024272838" />
  <node id="4076" visible="true" version="1" lat="-0.00067464968" lon="-0.00024284427" />
  <node id="4077" visible="true" version="1" lat="-0.00074800852" lon="0.00096615605" />
  <node id="4078" visible="true" version="1" lat="0.00000702966" lon="-0.00097451488" />
  <node id="4079" visible="true" version="1" lat="-0.00026371866" lon="0.00042175004" />
  <node id="4080" visible="true" version="1" lat="0.00000631973" lon="-0.0009116364" />
  <node id="4081" visible="true" version="1" lat="-0.00052098646" lon="-0.0004526997" />
  <node id="4082" visible="true" version="1" lat="0.00000044676" lon="-0.00042271663" />
  <node id="4083" visible="true" version="1" lat="0.00033252041" lon="-0.00033526096" />
  <node id="4084" visible="true" version="1" lat="-0.00001074843" lon="-0.00035980312" />
  <node id="4085" visible="true" version="1" lat="-0.00073371043" lon="-0.00089421178" />
  <node id="4086" visible="true" version="1" lat="-0.00074823461" lon="0.00096615516" />
  <node id="4087" visible="true" version="1" lat="0.00000630617" lon="-0.00097452296" />
  <node id="4088" visible="true" version="1" lat="-0.00007645449" lon="0.00050107038" />
  <node id="4089" visible="true" version="1" lat="-0.00013596743" lon="0.00078032786" />
  <node id="4090" visible="true" version="1" lat="-0.00037622403" lon="-0.00101022471" />
  <node id="4091" visible="true" version="1" lat="-0.00054239921" lon="-0.00042119938" />
  <node id="4092" visible="true" version="1" lat="-0.00105831939" lon="-0.000333204" />
  <node id="4093" visible="true" version="1" lat="0.0000091278" lon="-0.00039129985" />
  <node id="4094" visible="true" version="1" lat="0.0003316069" lon="-0.00042661247" />
  <node id="4095" visible="true" version="1" lat="-0.00020573682" lon="-0.00059721078" />
  <node id="4096" visible="true" version="1" lat="-0.00023682271" lon="-0.00080004768" />
  <node id="4097" visible="true" version="1" lat="-0.00061457061" lon="-0.00035811518" />
  <node id="4098" visible="true" version="1" lat="-0.00028738963" lon="0.00039817466" />
  <node id="4099" visible="true" version="1" lat="-0.00020413247" lon="0.00085827737" />
  <node id="4100" visible="true" version="1" lat="0.00000559624" lon="-0.00091164449" />
  <node id="4101" visible="true" version="1" lat="-0.0010820826" lon="-0.00025622916" />
  <node id="4102" visible="true" version="1" lat="-0.0007484607" lon="0.00096615336" />
  <node id="4103" visible="true" version="1" lat="0.00000558267" lon="-0.00097453105" />
  <node id="4104" visible="true" version="1" lat="-0.0000764563" lon="0.00050187887" />
  <node id="4105" visible="true" version="1" lat="-0.00012553643" lon="0.00082104669" />
  <node id="4106" visible="true" version="1" lat="-0.00037559097" lon="-0.00101021752" />
  <node id="4107" visible="true" version="1" lat="-0.00036718305" lon="0.00096873602" />
  <node id="4108" visible="true" version="1" lat="-0.00054230968" lon="-0.00038975834" />
  <node id="4109" visible="true" version="1" lat="-0.00061474877" lon="-0.00042099725" />
  <node id="4110" visible="true" version="1" lat="-0.00031724558" lon="0.00038308296" />
  <node id="4111" visible="true" version="1" lat="0.00000487274" lon="-0.00091165257" />
  <node id="4112" visible="true" version="1" lat="-0.00020971605" lon="0.00082651923" />
  <node id="4113" visible="true" version="1" lat="-0.00010322629" lon="0.0001214966" />
  <node id="4114" visible="true" version="1" lat="-0.00010173704" lon="-0.0005962954" />
  <node id="4115" visible="true" version="1" lat="-0.00007590916" lon="0.0003061719" />
  <node id="4116" visible="true" version="1" lat="-0.00013716934" lon="0.00075494686" />
  <node id="4117" visible="true" version="1" lat="-0.00039159741" lon="-0.00101039629" />
  <node id="4118" visible="true" version="1" lat="-0.00010552093" lon="0.00075656113" />
  <node id="4119" visible="true" version="1" lat="-0.0007085563" lon="-0.00035785198" />
  <node id="4120" visible="true" version="1" lat="-0.00073028107" lon="-0.00038923283" />
  <node id="4121" visible="true" version="1" lat="-0.00027690708" lon="0.00046336719" />
  <node id="4122" visible="true" version="1" lat="-0.00001725808" lon="-0.00097478527" />
  <node id="4123" visible="true" version="1" lat="-0.00054257737" lon="-0.00048408055" />
  <node id="4124" visible="true" version="1" lat="-0.00037626563" lon="-0.0004216638" />
  <node id="4125" visible="true" version="1" lat="0.00033343393" lon="-0.00028136357" />
  <node id="4126" visible="true" version="1" lat="0.00001482352" lon="-0.00035987409" />
  <node id="4127" visible="true" version="1" lat="-0.00104236722" lon="-0.00056025409" />
  <node id="4128" visible="true" version="1" lat="-0.00007576265" lon="0.00025385492" />
  <node id="4129" visible="true" version="1" lat="-0.00013716391" lon="0.00075274599" />
  <node id="4130" visible="true" version="1" lat="0.00001637542" lon="-0.00103729634" />
  <node id="4131" visible="true" version="1" lat="-0.00073150196" lon="-0.00038922923" />
  <node id="4132" visible="true" version="1" lat="-0.00074033765" lon="-0.00050719869" />
  <node id="4133" visible="true" version="1" lat="-0.00028399282" lon="0.00035017767" />
  <node id="4134" visible="true" version="1" lat="0.00000901928" lon="-0.00097449242" />
  <node id="4135" visible="true" version="1" lat="-0.00035480133" lon="0.00040967219" />
  <node id="4136" visible="true" version="1" lat="-0.00010897471" lon="-0.00092134899" />
  <node id="4137" visible="true" version="1" lat="-0.00074000304" lon="-0.00038920588" />
  <node id="4138" visible="true" version="1" lat="-0.0007484806" lon="0.00090326949" />
  <node id="4139" visible="true" version="1" lat="-0.00035468376" lon="-0.00088818319" />
  <node id="4140" visible="true" version="1" lat="-0.00054239921" lon="-0.00042119938" />
  <node id="4141" visible="true" version="1" lat="-0.00021164778" lon="0.00093784565" />
  <node id="4142" visible="true" version="1" lat="0.00051742972" lon="-0.00081098478" />
  <node id="4143" visible="true" version="1" lat="-0.00020517973" lon="-0.00079654694" />
  <node id="4144" visible="true" version="1" lat="0.00001378621" lon="-0.00042275346" />
  <node id="4145" visible="true" version="1" lat="0.00033343393" lon="-0.00035809883" />
  <node id="4146" visible="true" version="1" lat="-0.00023744492" lon="-0.00057753588" />
  <node id="4147" visible="true" version="1" lat="-0.00039353728" lon="-0.00083851444" />
  <node id="4148" visible="true" version="1" lat="-0.00108129761" lon="-0.00027256323" />
  <node id="4149" visible="true" version="1" lat="-0.00026999046" lon="-0.00025872199" />
  <node id="4150" visible="true" version="1" lat="0.00033069338" lon="-0.00045401792" />
  <node id="4151" visible="true" version="1" lat="-0.00003075399" lon="-0.00039118846" />
  <node id="4152" visible="true" version="1" lat="0.00000278636" lon="-0.00094311876" />
  <node id="4153" visible="true" version="1" lat="-0.00049939554" lon="-0.00042131885" />
  <node id="4154" visible="true" version="1" lat="-0.00000368711" lon="-0.00094319062" />
  <node id="4155" visible="true" version="1" lat="-0.00053886855" lon="-0.00034480485" />
  <node id="4156" visible="true" version="1" lat="-0.00003372484" lon="-0.00094029176" />
  <node id="4157" visible="true" version="1" lat="-0.00055553156" lon="-0.0003283558" />
  <node id="4158" visible="true" version="1" lat="-0.000067059" lon="-0.00092729224" />
  <node id="4159" visible="true" version="1" lat="-0.00055652456" lon="-0.00032699485" />
  <node id="4160" visible="true" version="1" lat="-0.00009499407" lon="-0.00090503558" />
  <node id="4161" visible="true" version="1" lat="-0.00056556192" lon="-0.00031289489" />
  <node id="4162" visible="true" version="1" lat="-0.000110173" lon="-0.00088536697" />
  <node id="4163" visible="true" version="1" lat="-0.00057852968" lon="-0.00028066514" />
  <node id="4164" visible="true" version="1" lat="-0.00013282565" lon="-0.00079787375" />
  <node id="4165" visible="true" version="1" lat="-0.00049641202" lon="-0.0003898868" />
  <node id="4166" visible="true" version="1" lat="-0.00013282836" lon="-0.00079711019" />
  <node id="4167" visible="true" version="1" lat="-0.00052718772" lon="-0.00038521915" />
  <node id="4168" visible="true" version="1" lat="-0.00026848288" lon="-0.00079748478" />
  <node id="4169" visible="true" version="1" lat="-0.00055730141" lon="-0.00037036461" />
  <node id="4170" visible="true" version="1" lat="-0.00026848107" lon="-0.00079824835" />
  <node id="4171" visible="true" version="1" lat="-0.00058114873" lon="-0.00034682246" />
  <node id="4172" visible="true" version="1" lat="-0.00026848017" lon="-0.00079865259" />
  <node id="4173" visible="true" version="1" lat="-0.00058215801" lon="-0.00034543996" />
  <node id="4174" visible="true" version="1" lat="-0.00026847836" lon="-0.00079905684" />
  <node id="4175" visible="true" version="1" lat="-0.00059324286" lon="-0.0003281429" />
  <node id="4176" visible="true" version="1" lat="-0.00026847564" lon="-0.00080013481" />
  <node id="4177" visible="true" version="1" lat="-0.0006091661" lon="-0.00028856762" />
  <node id="4178" visible="true" version="1" lat="-0.00026847293" lon="-0.00080121279" />
  <node id="4179" visible="true" version="1" lat="-0.00061464025" lon="-0.00024629739" />
  <node id="4180" visible="true" version="1" lat="-0.00026844309" lon="-0.00081194766" />
  <node id="4181" visible="true" version="1" lat="-0.00049777039" lon="-0.00035844127" />
  <node id="4182" visible="true" version="1" lat="-0.00026844037" lon="-0.00081280106" />
  <node id="4183" visible="true" version="1" lat="-0.00049921738" lon="-0.00035843768" />
  <node id="4184" visible="true" version="1" lat="-0.00026843857" lon="-0.00081338496" />
  <node id="4185" visible="true" version="1" lat="-0.00052071876" lon="-0.00035837749" />
  <node id="4186" visible="true" version="1" lat="-0.00026843676" lon="-0.00081397156" />
  <node id="4187" visible="true" version="1" lat="-0.00054222105" lon="-0.00035831731" />
  <node id="4188" visible="true" version="1" lat="-0.00026032637" lon="-0.00090447593" />
  <node id="4189" visible="true" version="1" lat="-0.00023966605" lon="-0.0009460302" />
  <node id="4190" visible="true" version="1" lat="-0.00073019244" lon="-0.00035779179" />
  <node id="4191" visible="true" version="1" lat="-0.00022041022" lon="-0.00096885909" />
  <node id="4192" visible="true" version="1" lat="-0.00073141334" lon="-0.0003577882" />
  <node id="4193" visible="true" version="1" lat="-0.0001844959" lon="-0.00099381428" />
  <node id="4194" visible="true" version="1" lat="-0.00002219504" lon="0.00050202799" />
  <node id="4195" visible="true" version="1" lat="-0.00013519932" lon="0.00012058308" />
  <node id="4196" visible="true" version="1" lat="-0.00020573682" lon="-0.00059721078" />
  <node id="4197" visible="true" version="1" lat="-0.00074026983" lon="-0.00048352808" />
  <node id="4198" visible="true" version="1" lat="-0.00073263424" lon="-0.0003577846" />
  <node id="4199" visible="true" version="1" lat="-0.00023671148" lon="-0.0008399724" />
  <node id="4200" visible="true" version="1" lat="-0.00061596153" lon="0.00077964784" />
  <node id="4201" visible="true" version="1" lat="-0.00029679778" lon="-0.00081099275" />
  <node id="4202" visible="true" version="1" lat="-0.0007315915" lon="-0.00042067027" />
  <node id="4203" visible="true" version="1" lat="-0.00013839747" lon="-0.0009750898" />
  <node id="4204" visible="true" version="1" lat="-0.00073076852" lon="-0.00056112456" />
  <node id="4205" visible="true" version="1" lat="0.0004834649" lon="-0.00066487844" />
  <node id="4206" visible="true" version="1" lat="-0.00119975825" lon="0.00094304869" />
  <node id="4207" visible="true" version="1" lat="0.00059814874" lon="-0.00024376695" />
  <node id="4208" visible="true" version="1" lat="-0.0005836475" lon="0.00026630107" />
  <node id="4209" visible="true" version="1" lat="-0.0002220625" lon="-0.0009152117" />
  <node id="4210" visible="true" version="1" lat="-0.00073299056" lon="-0.00048354874" />
  <node id="4211" visible="true" version="1" lat="0.00000856182" lon="-0.00045767289" />
  <node id="4212" visible="true" version="1" lat="-0.0006152715" lon="0.00024407226" />
  <node id="4213" visible="true" version="1" lat="-0.00020517521" lon="-0.00079807408" />
  <node id="4214" visible="true" version="1" lat="-0.00061492693" lon="-0.00048387843" />
  <node id="4215" visible="true" version="1" lat="-0.00052080829" lon="-0.00038981853" />
  <node id="4216" visible="true" version="1" lat="0.00043568777" lon="-0.00078291726" />
  <node id="4217" visible="true" version="1" lat="-0.00134122606" lon="0.00074633291" />
  <node id="4218" visible="true" version="1" lat="0.00040610645" lon="-0.00081221213" />
  <node id="4219" visible="true" version="1" lat="-0.00136373943" lon="0.00066463653" />
  <node id="4220" visible="true" version="1" lat="0.00039653649" lon="-0.00082053945" />
  <node id="4221" visible="true" version="1" lat="-0.00137100785" lon="0.0005802434" />
  <node id="4222" visible="true" version="1" lat="0.00035307229" lon="-0.00085043142" />
  <node id="4223" visible="true" version="1" lat="-0.00136871527" lon="0.00017312781" />
  <node id="4224" visible="true" version="1" lat="0.00030468593" lon="-0.00087076555" />
  <node id="4225" visible="true" version="1" lat="-0.00136864292" lon="0.00016024507" />
  <node id="4226" visible="true" version="1" lat="0.00025121605" lon="-0.00088509627" />
  <node id="4227" visible="true" version="1" lat="-0.00136773041" lon="0.00009095712" />
  <node id="4228" visible="true" version="1" lat="0.00019835538" lon="-0.00088971986" />
  <node id="4229" visible="true" version="1" lat="-0.00136738223" lon="0.00007412628" />
  <node id="4230" visible="true" version="1" lat="-0.00058298822" lon="-0.0002462408" />
  <node id="4231" visible="true" version="1" lat="-0.00061464477" lon="-0.00024281282" />
  <node id="4232" visible="true" version="1" lat="-0.00061464567" lon="-0.00024276791" />
  <node id="4233" visible="true" version="1" lat="-0.00048194392" lon="-0.00035848619" />
  <node id="4234" visible="true" version="1" lat="-0.00068692017" lon="-0.00035791306" />
  <node id="4235" visible="true" version="1" lat="-0.00073991441" lon="-0.00035776484" />
  <node id="4236" visible="true" version="1" lat="-0.00072513611" lon="0.00087198656" />
  <node id="4237" visible="true" version="1" lat="-0.00091799561" lon="-0.0007891601" />
  <node id="4238" visible="true" version="1" lat="-0.00048203255" lon="-0.00038992633" />
  <node id="4239" visible="true" version="1" lat="-0.00070606929" lon="0.00087194434" />
  <node id="4240" visible="true" version="1" lat="-0.00097456483" lon="-0.00075648208" />
  <node id="4241" visible="true" version="1" lat="-0.00049785901" lon="-0.00038988231" />
  <node id="4242" visible="true" version="1" lat="-0.00049930601" lon="-0.00038987871" />
  <node id="4243" visible="true" version="1" lat="-0.0006483877" lon="0.00081781995" />
  <node id="4244" visible="true" version="1" lat="-0.00106193958" lon="-0.00065056532" />
  <node id="4245" visible="true" version="1" lat="-0.0006476235" lon="0.0007867041" />
  <node id="4246" visible="true" version="1" lat="-0.00107419921" lon="-0.00061243722" />
  <node id="4247" visible="true" version="1" lat="-0.00061466014" lon="-0.00038955622" />
  <node id="4248" visible="true" version="1" lat="-0.00064761446" lon="0.00077960741" />
  <node id="4249" visible="true" version="1" lat="-0.00039781224" lon="-0.00089246456" />
  <node id="4250" visible="true" version="1" lat="-0.0006870097" lon="-0.0003893541" />
  <node id="4251" visible="true" version="1" lat="-0.00049650156" lon="-0.00042132694" />
  <node id="4252" visible="true" version="1" lat="-0.00052089692" lon="-0.00042125956" />
  <node id="4253" visible="true" version="1" lat="-0.00068709833" lon="-0.00042079424" />
  <node id="4254" visible="true" version="1" lat="-0.0007303706" lon="-0.00042067386" />
  <node id="4255" visible="true" version="1" lat="-0.00061595249" lon="0.00077255114" />
  <node id="4256" visible="true" version="1" lat="-0.00029679778" lon="-0.00081081309" />
  <node id="4257" visible="true" version="1" lat="-0.0007328124" lon="-0.00042066667" />
  <node id="4258" visible="true" version="1" lat="-0.00061595249" lon="0.00077246131" />
  <node id="4259" visible="true" version="1" lat="-0.00029681135" lon="-0.00080605202" />
  <node id="4260" visible="true" version="1" lat="-0.00058416481" lon="0.00077261403" />
  <node id="4261" visible="true" version="1" lat="-0.00029682491" lon="-0.00080129095" />
  <node id="4262" visible="true" version="1" lat="-0.00074048959" lon="-0.00056109761" />
  <node id="4263" visible="true" version="1" lat="-0.00070913239" lon="-0.00056118474" />
  <node id="4264" visible="true" version="1" lat="-0.00068749625" lon="-0.00056124583" />
  <node id="4265" visible="true" version="1" lat="-0.00061514669" lon="-0.00056144795" />
  <node id="4266" visible="true" version="1" lat="-0.00052129485" lon="-0.00056171026" />
  <node id="4267" visible="true" version="1" lat="-0.00049979346" lon="-0.00056177045" />
  <node id="4268" visible="true" version="1" lat="-0.00049834647" lon="-0.00056177404" />
  <node id="4269" visible="true" version="1" lat="-0.00049689948" lon="-0.00056177853" />
  <node id="4270" visible="true" version="1" lat="-0.00048252" lon="-0.00056181896" />
  <node id="4271" visible="true" version="1" lat="-0.00073183658" lon="-0.00050722295" />
  <node id="4272" visible="true" version="1" lat="-0.00073061568" lon="-0.00050722564" />
  <node id="4273" visible="true" version="1" lat="-0.00070897955" lon="-0.00050728673" />
  <node id="4274" visible="true" version="1" lat="-0.00061499385" lon="-0.00050754903" />
  <node id="4275" visible="true" version="1" lat="-0.0005426443" lon="-0.00050775115" />
  <node id="4276" visible="true" version="1" lat="-0.00052114201" lon="-0.00050781134" />
  <node id="4277" visible="true" version="1" lat="-0.00049819363" lon="-0.00050787602" />
  <node id="4278" visible="true" version="1" lat="-0.00049674664" lon="-0.00050787961" />
  <node id="4279" visible="true" version="1" lat="-0.00048236717" lon="-0.00050792004" />
  <node id="4280" visible="true" version="1" lat="-0.00070891262" lon="-0.00048361612" />
  <node id="4281" visible="true" version="1" lat="0.00001495646" lon="-0.00091154028" />
  <node id="4282" visible="true" version="1" lat="0.00001011809" lon="-0.00091159418" />
  <node id="4283" visible="true" version="1" lat="0.00000830935" lon="-0.00091161394" />
  <node id="4284" visible="true" version="1" lat="0.00000650061" lon="-0.0009116346" />
  <node id="4285" visible="true" version="1" lat="0.00000473709" lon="-0.00091165437" />
  <node id="4286" visible="true" version="1" lat="-0.0000267196" lon="-0.00090963046" />
  <node id="4287" visible="true" version="1" lat="-0.00005119183" lon="-0.00090008676" />
  <node id="4288" visible="true" version="1" lat="-0.00007170113" lon="-0.00088374641" />
  <node id="4289" visible="true" version="1" lat="-0.00008347963" lon="-0.00086847056" />
  <node id="4290" visible="true" version="1" lat="-0.00009633163" lon="-0.00084065512" />
  <node id="4291" visible="true" version="1" lat="-0.00010112298" lon="-0.00081042142" />
  <node id="4292" visible="true" version="1" lat="-0.00010117091" lon="-0.0007985951" />
  <node id="4293" visible="true" version="1" lat="-0.00010117181" lon="-0.00079819086" />
  <node id="4294" visible="true" version="1" lat="-0.00010117362" lon="-0.00079778662" />
  <node id="4295" visible="true" version="1" lat="-0.00029871853" lon="-0.00013885521" />
  <node id="4296" visible="true" version="1" lat="-0.00052380718" lon="0.00040990935" />
  <node id="4297" visible="true" version="1" lat="-0.00010117543" lon="-0.00079702305" />
  <node id="4298" visible="true" version="1" lat="0.00001531098" lon="-0.00094297952" />
  <node id="4299" visible="true" version="1" lat="0.0000104726" lon="-0.00094303342" />
  <node id="4300" visible="true" version="1" lat="0.00000866386" lon="-0.00094305318" />
  <node id="4301" visible="true" version="1" lat="0.00000685512" lon="-0.00094307384" />
  <node id="4302" visible="true" version="1" lat="0.00000676559" lon="-0.00094307474" />
  <node id="4303" visible="true" version="1" lat="-0.00012663343" lon="-0.00084974248" />
  <node id="4304" visible="true" version="1" lat="-0.00013277048" lon="-0.0008110206" />
  <node id="4305" visible="true" version="1" lat="-0.00013282384" lon="-0.00079868224" />
  <node id="4306" visible="true" version="1" lat="-0.00013282475" lon="-0.000798278" />
  <node id="4307" visible="true" version="1" lat="-0.00026845937" lon="-0.00080597386" />
  <node id="4308" visible="true" version="1" lat="-0.0002684458" lon="-0.00081073493" />
  <node id="4309" visible="true" version="1" lat="-0.0002684458" lon="-0.0008109146" />
  <node id="4310" visible="true" version="1" lat="-0.0002684449" lon="-0.00081109426" />
  <node id="4311" visible="true" version="1" lat="-0.00026836441" lon="-0.00084005954" />
  <node id="4312" visible="true" version="1" lat="-0.00026826402" lon="-0.00085880468" />
  <node id="4313" visible="true" version="1" lat="-0.00014249698" lon="-0.00100626583" />
  <node id="4314" visible="true" version="1" lat="-0.00000898039" lon="-0.00100613558" />
  <node id="4315" visible="true" version="1" lat="0.00000593719" lon="-0.00100596939" />
  <node id="4316" visible="true" version="1" lat="0.00000666068" lon="-0.0010059613" />
  <node id="4317" visible="true" version="1" lat="0.00000738418" lon="-0.00100595322" />
  <node id="4318" visible="true" version="1" lat="0.00000747461" lon="-0.00100595232" />
  <node id="4319" visible="true" version="1" lat="0.00000756505" lon="-0.00100595142" />
  <node id="4320" visible="true" version="1" lat="0.00000937379" lon="-0.00100593166" />
  <node id="4321" visible="true" version="1" lat="0.00001118253" lon="-0.001005911" />
  <node id="4322" visible="true" version="1" lat="0.00001602091" lon="-0.0010058571" />
  <node id="4323" visible="true" version="1" lat="-0.00023682995" lon="-0.00079739765" />
  <node id="4324" visible="true" version="1" lat="-0.00023682814" lon="-0.00079816121" />
  <node id="4325" visible="true" version="1" lat="-0.00023682723" lon="-0.00079856546" />
  <node id="4326" visible="true" version="1" lat="-0.00023682633" lon="-0.0007989697" />
  <node id="4327" visible="true" version="1" lat="-0.00023682271" lon="-0.00080004768" />
  <node id="4328" visible="true" version="1" lat="-0.00023682" lon="-0.00080112566" />
  <node id="4329" visible="true" version="1" lat="-0.00023680643" lon="-0.00080588673" />
  <node id="4330" visible="true" version="1" lat="-0.00023679287" lon="-0.0008106478" />
  <node id="4331" visible="true" version="1" lat="-0.00023679287" lon="-0.00081082746" />
  <node id="4332" visible="true" version="1" lat="-0.00023679196" lon="-0.00081100712" />
  <node id="4333" visible="true" version="1" lat="-0.00023679016" lon="-0.00081186052" />
  <node id="4334" visible="true" version="1" lat="-0.00023678744" lon="-0.00081271392" />
  <node id="4335" visible="true" version="1" lat="-0.00023678563" lon="-0.00081329783" />
  <node id="4336" visible="true" version="1" lat="-0.00023678383" lon="-0.00081388443" />
  <node id="4337" visible="true" version="1" lat="-0.00023662194" lon="-0.00085795398" />
  <node id="4338" visible="true" version="1" lat="-0.00023022896" lon="-0.00089473909" />
  <node id="4339" visible="true" version="1" lat="-0.00021358856" lon="-0.00092820942" />
  <node id="4340" visible="true" version="1" lat="-0.00019836169" lon="-0.00094629969" />
  <node id="4341" visible="true" version="1" lat="-0.00017072054" lon="-0.00096550657" />
  <node id="4342" visible="true" version="1" lat="-0.0000093349" lon="-0.00097469724" />
  <node id="4343" visible="true" version="1" lat="0.00000558267" lon="-0.00097453105" />
  <node id="4344" visible="true" version="1" lat="-0.00064210859" lon="0.00077564091" />
  <node id="4345" visible="true" version="1" lat="-0.00051616074" lon="0.00034888589" />
  <node id="4346" visible="true" version="1" lat="0.00000630617" lon="-0.00097452296" />
  <node id="4347" visible="true" version="1" lat="-0.00062279122" lon="0.00077518097" />
  <node id="4348" visible="true" version="1" lat="-0.00047594705" lon="0.00034836218" />
  <node id="4349" visible="true" version="1" lat="0.00000702966" lon="-0.00097451488" />
  <node id="4350" visible="true" version="1" lat="0.0000071201" lon="-0.00097451398" />
  <node id="4351" visible="true" version="1" lat="0.00000721054" lon="-0.00097451218" />
  <node id="4352" visible="true" version="1" lat="0.00000901928" lon="-0.00097449242" />
  <node id="4353" visible="true" version="1" lat="0.00001082802" lon="-0.00097447266" />
  <node id="4354" visible="true" version="1" lat="0.00001566549" lon="-0.00097441876" />
  <node id="4355" visible="true" version="1" lat="-0.00023682995" lon="-0.00079739765" />
  <node id="4356" visible="true" version="1" lat="-0.00023682814" lon="-0.00079816121" />
  <node id="4357" visible="true" version="1" lat="-0.00023682723" lon="-0.00079856546" />
  <node id="4358" visible="true" version="1" lat="-0.00023682633" lon="-0.0007989697" />
  <node id="4359" visible="true" version="1" lat="-0.00023682271" lon="-0.00080004768" />
  <node id="4360" visible="true" version="1" lat="-0.00037415823" lon="0.00099599426" />
  <node id="4361" visible="true" version="1" lat="-0.0005497228" lon="0.00038614082" />
  <node id="4362" visible="true" version="1" lat="-0.00023682" lon="-0.00080112566" />
  <node id="4363" visible="true" version="1" lat="-0.00037415823" lon="0.00097230749" />
  <node id="4364" visible="true" version="1" lat="-0.00051571941" lon="0.00038032334" />
  <node id="4365" visible="true" version="1" lat="-0.00023680643" lon="-0.00080588673" />
  <node id="4366" visible="true" version="1" lat="-0.00037428145" lon="0.0009626488" />
  <node id="4367" visible="true" version="1" lat="-0.00047553194" lon="0.00037980052" />
  <node id="4368" visible="true" version="1" lat="-0.00023679287" lon="-0.0008106478" />
  <node id="4369" visible="true" version="1" lat="-0.00037428145" lon="0.0009442513" />
  <node id="4370" visible="true" version="1" lat="-0.00047548672" lon="0.00037979962" />
  <node id="4371" visible="true" version="1" lat="-0.00023679287" lon="-0.00081082746" />
  <node id="4372" visible="true" version="1" lat="0.00039950593" lon="-0.00036471413" />
  <node id="4373" visible="true" version="1" lat="-0.00058361856" lon="0.00024397794" />
  <node id="4374" visible="true" version="1" lat="-0.00023679196" lon="-0.00081100712" />
  <node id="4375" visible="true" version="1" lat="0.00039950593" lon="-0.00038380154" />
  <node id="4376" visible="true" version="1" lat="-0.00058361856" lon="0.00024411269" />
  <node id="4377" visible="true" version="1" lat="-0.00023679016" lon="-0.00081186052" />
  <node id="4378" visible="true" version="1" lat="0.00040015893" lon="-0.00039602283" />
  <node id="4379" visible="true" version="1" lat="-0.00058363122" lon="0.00025376958" />
  <node id="4380" visible="true" version="1" lat="-0.00023678744" lon="-0.00081271482" />
  <node id="4381" visible="true" version="1" lat="0.00040015893" lon="-0.00041419036" />
  <node id="4382" visible="true" version="1" lat="-0.00058364389" lon="0.00026342647" />
  <node id="4383" visible="true" version="1" lat="-0.0002367169" lon="-0.00083781914" />
  <node id="4384" visible="true" version="1" lat="0.00057354208" lon="-0.00024376695" />
  <node id="4385" visible="true" version="1" lat="-0.00058364569" lon="0.00026486377" />
  <node id="4386" visible="true" version="1" lat="-0.00023515777" lon="-0.00087204944" />
  <node id="4387" visible="true" version="1" lat="0.00060642761" lon="-0.00024376695" />
  <node id="4388" visible="true" version="1" lat="-0.00058365112" lon="0.00026904094" />
  <node id="4389" visible="true" version="1" lat="-0.00019666147" lon="-0.00095256993" />
  <node id="4390" visible="true" version="1" lat="0.00062919451" lon="-0.00024388193" />
  <node id="4391" visible="true" version="1" lat="-0.00058365474" lon="0.0002717808" />
  <node id="4392" visible="true" version="1" lat="-0.00017333145" lon="-0.00097313237" />
  <node id="4393" visible="true" version="1" lat="0.00051408705" lon="-0.00059854227" />
  <node id="4394" visible="true" version="1" lat="-0.00058380577" lon="0.00038914569" />
  <node id="4395" visible="true" version="1" lat="-0.00013106756" lon="-0.00099579327" />
  <node id="4396" visible="true" version="1" lat="0.00053685395" lon="-0.00059854227" />
  <node id="4397" visible="true" version="1" lat="-0.0005839568" lon="0.00050651058" />
  <node id="4398" visible="true" version="1" lat="-0.00008419861" lon="-0.00100620744" />
  <node id="4399" visible="true" version="1" lat="0.00054817183" lon="-0.0005974827" />
  <node id="4400" visible="true" version="1" lat="-0.00058396222" lon="0.00051091233" />
  <node id="4401" visible="true" version="1" lat="-0.00000608641" lon="-0.00100610324" />
  <node id="4402" visible="true" version="1" lat="0.00056541948" lon="-0.0005974827" />
  <node id="4403" visible="true" version="1" lat="-0.00058396765" lon="0.00051531407" />
  <node id="4404" visible="true" version="1" lat="0.00000738418" lon="-0.00100595322" />
  <node id="4405" visible="true" version="1" lat="0.00000492243" lon="-0.0009809768" />
  <node id="4406" visible="true" version="1" lat="-0.00058397036" lon="0.00051697595" />
  <node id="4407" visible="true" version="1" lat="0.00000747461" lon="-0.00100595232" />
  <node id="4408" visible="true" version="1" lat="0.00000492243" lon="-0.00100213392" />
  <node id="4409" visible="true" version="1" lat="-0.00058397217" lon="0.00051863784" />
  <node id="4410" visible="true" version="1" lat="0.00000756505" lon="-0.00100595142" />
  <node id="4411" visible="true" version="1" lat="0.00000509902" lon="-0.00101278661" />
  <node id="4412" visible="true" version="1" lat="-0.00058397308" lon="0.00051895225" />
  <node id="4413" visible="true" version="1" lat="0.00000937379" lon="-0.00100593166" />
  <node id="4414" visible="true" version="1" lat="0.00000509936" lon="-0.00103382909" />
  <node id="4415" visible="true" version="1" lat="-0.00058397308" lon="0.00051926666" />
  <node id="4416" visible="true" version="1" lat="0.00001118253" lon="-0.001005911" />
  <node id="4417" visible="true" version="1" lat="0.00000847352" lon="-0.00042570922" />
  <node id="4418" visible="true" version="1" lat="-0.00058397488" lon="0.00052038955" />
  <node id="4419" visible="true" version="1" lat="0.00001602091" lon="-0.0010058571" />
  <node id="4420" visible="true" version="1" lat="0.00000847352" lon="-0.00044985594" />
  <node id="4421" visible="true" version="1" lat="-0.0006152715" lon="0.00024393752" />
  <node id="4422" visible="true" version="1" lat="-0.00020517792" lon="-0.00079731051" />
  <node id="4423" visible="true" version="1" lat="0.00000856182" lon="-0.00048273948" />
  <node id="4424" visible="true" version="1" lat="-0.00061528416" lon="0.00025372915" />
  <node id="4425" visible="true" version="1" lat="-0.0002051743" lon="-0.00079847832" />
  <node id="4426" visible="true" version="1" lat="-0.00037562832" lon="-0.00036253767" />
  <node id="4427" visible="true" version="1" lat="-0.00061529682" lon="0.00026338604" />
  <node id="4428" visible="true" version="1" lat="-0.0002051734" lon="-0.00079888256" />
  <node id="4429" visible="true" version="1" lat="-0.00037562832" lon="-0.00038553454" />
  <node id="4430" visible="true" version="1" lat="-0.00061529863" lon="0.00026482335" />
  <node id="4431" visible="true" version="1" lat="-0.00020516978" lon="-0.00079996054" />
  <node id="4432" visible="true" version="1" lat="-0.00037598151" lon="-0.00039392016" />
  <node id="4433" visible="true" version="1" lat="-0.00061530043" lon="0.00026626065" />
  <node id="4434" visible="true" version="1" lat="-0.00020516707" lon="-0.00080103852" />
  <node id="4435" visible="true" version="1" lat="-0.00037598151" lon="-0.00041576719" />
  <node id="4436" visible="true" version="1" lat="-0.00061530405" lon="0.00026900051" />
  <node id="4437" visible="true" version="1" lat="-0.0002051535" lon="-0.00080579869" />
  <node id="4438" visible="true" version="1" lat="-0.00020514084" lon="-0.00081055976" />
  <node id="4439" visible="true" version="1" lat="-0.00020513903" lon="-0.00081091909" />
  <node id="4440" visible="true" version="1" lat="-0.00020513722" lon="-0.00081177249" />
  <node id="4441" visible="true" version="1" lat="-0.00061125661" lon="0.0005245584" />
  <node id="4442" visible="true" version="1" lat="-0.00061562058" lon="0.00051527365" />
  <node id="4443" visible="true" version="1" lat="-0.00020513451" lon="-0.00081262768" />
  <node id="4444" visible="true" version="1" lat="-0.0005877998" lon="0.0005245584" />
  <node id="4445" visible="true" version="1" lat="-0.00061562329" lon="0.00051693553" />
  <node id="4446" visible="true" version="1" lat="-0.00020506487" lon="-0.000837732" />
  <node id="4447" visible="true" version="1" lat="-0.00064322226" lon="0.00024146692" />
  <node id="4448" visible="true" version="1" lat="-0.0006156251" lon="0.00051859741" />
  <node id="4449" visible="true" version="1" lat="-0.00020382318" lon="-0.00086759829" />
  <node id="4450" visible="true" version="1" lat="-0.00061976545" lon="0.00024146692" />
  <node id="4451" visible="true" version="1" lat="-0.00061562601" lon="0.00051891182" />
  <node id="4452" visible="true" version="1" lat="-0.00019346995" lon="-0.00090172439" />
  <node id="4453" visible="true" version="1" lat="-0.00017338662" lon="-0.0009312619" />
  <node id="4454" visible="true" version="1" lat="-0.00103738863" lon="-0.00042475244" />
  <node id="4455" visible="true" version="1" lat="-0.00061562782" lon="0.00052034913" />
  <node id="4456" visible="true" version="1" lat="-0.00015462186" lon="-0.00094777203" />
  <node id="4457" visible="true" version="1" lat="-0.00103738863" lon="-0.00044728938" />
  <node id="4458" visible="true" version="1" lat="-0.0007298949" lon="0.0005202036" />
  <node id="4459" visible="true" version="1" lat="-0.00011999084" lon="-0.00096634021" />
  <node id="4460" visible="true" version="1" lat="-0.00103784857" lon="-0.00045510831" />
  <node id="4461" visible="true" version="1" lat="-0.00072989309" lon="0.00051908071" />
  <node id="4462" visible="true" version="1" lat="-0.00008158588" lon="-0.00097487331" />
  <node id="4463" visible="true" version="1" lat="-0.00103784857" lon="-0.00047695534" />
  <node id="4464" visible="true" version="1" lat="-0.00072989309" lon="0.0005187663" />
  <node id="4465" visible="true" version="1" lat="-0.00000644182" lon="-0.0009746649" />
  <node id="4466" visible="true" version="1" lat="0.00000702966" lon="-0.00097451488" />
  <node id="4467" visible="true" version="1" lat="0.0000071201" lon="-0.00097451398" />
  <node id="4468" visible="true" version="1" lat="0.00000721054" lon="-0.00097451218" />
  <node id="4469" visible="true" version="1" lat="0.00000901928" lon="-0.00097449242" />
  <node id="4470" visible="true" version="1" lat="0.00001082802" lon="-0.00097447266" />
  <node id="4471" visible="true" version="1" lat="0.00001566549" lon="-0.00097441876" />
  <node id="4472" visible="true" version="1" lat="-0.00023682995" lon="-0.00079739765" />
  <node id="4473" visible="true" version="1" lat="-0.00023682814" lon="-0.00079816121" />
  <node id="4474" visible="true" version="1" lat="-0.00023682723" lon="-0.00079856546" />
  <node id="4475" visible="true" version="1" lat="-0.00023682633" lon="-0.0007989697" />
  <node id="4476" visible="true" version="1" lat="-0.00023682271" lon="-0.00080004768" />
  <node id="4477" visible="true" version="1" lat="-0.00023682" lon="-0.00080112566" />
  <node id="4478" visible="true" version="1" lat="-0.00023680643" lon="-0.00080588673" />
  <node id="4479" visible="true" version="1" lat="-0.00023679287" lon="-0.0008106478" />
  <node id="4480" visible="true" version="1" lat="-0.00023679287" lon="-0.00081082746" />
  <node id="4481" visible="true" version="1" lat="-0.00026435704" lon="-0.0005724972" />
  <node id="4482" visible="true" version="1" lat="-0.00067563092" lon="0.00051914988" />
  <node id="4483" visible="true" version="1" lat="-0.00023679196" lon="-0.00081100712" />
  <node id="4484" visible="true" version="1" lat="-0.00024595932" lon="-0.00057249743" />
  <node id="4485" visible="true" version="1" lat="-0.00067563092" lon="0.00051883547" />
  <node id="4486" visible="true" version="1" lat="-0.00023668796" lon="-0.00084836087" />
  <node id="4487" visible="true" version="1" lat="-0.00023209135" lon="-0.0005717212" />
  <node id="4488" visible="true" version="1" lat="-0.00067563002" lon="0.00051852106" />
  <node id="4489" visible="true" version="1" lat="-0.00023975287" lon="-0.00087200363" />
  <node id="4490" visible="true" version="1" lat="-0.00021369385" lon="-0.0005717212" />
  <node id="4491" visible="true" version="1" lat="-0.00067562821" lon="0.00051685917" />
  <node id="4492" visible="true" version="1" lat="-0.0002505013" lon="-0.00089677018" />
  <node id="4493" visible="true" version="1" lat="-0.00015910517" lon="-0.00080911711" />
  <node id="4494" visible="true" version="1" lat="-0.0006756255" lon="0.00051519729" />
  <node id="4495" visible="true" version="1" lat="-0.00026806144" lon="-0.00091733891" />
  <node id="4496" visible="true" version="1" lat="-0.00013679821" lon="-0.00080911711" />
  <node id="4497" visible="true" version="1" lat="-0.00067562007" lon="0.00051079555" />
  <node id="4498" visible="true" version="1" lat="-0.00028497496" lon="-0.00092964762" />
  <node id="4499" visible="true" version="1" lat="-0.00012616825" lon="-0.00080925878" />
  <node id="4500" visible="true" version="1" lat="-0.00067561464" lon="0.0005063938" />
  <node id="4501" visible="true" version="1" lat="-0.00031439048" lon="-0.00094240639" />
  <node id="4502" visible="true" version="1" lat="-0.00010616097" lon="-0.00080925878" />
  <node id="4503" visible="true" version="1" lat="-0.00067546361" lon="0.00038902891" />
  <node id="4504" visible="true" version="1" lat="-0.00034615194" lon="-0.00094700397" />
  <node id="4505" visible="true" version="1" lat="-0.0001609614" lon="-0.00027096198" />
  <node id="4506" visible="true" version="1" lat="-0.00067531258" lon="0.00027166402" />
  <node id="4507" visible="true" version="1" lat="-0.00020517792" lon="-0.00079731051" />
  <node id="4508" visible="true" version="1" lat="-0.00013727462" lon="-0.00027096198" />
  <node id="4509" visible="true" version="1" lat="-0.00067530897" lon="0.00026892416" />
  <node id="4510" visible="true" version="1" lat="-0.00020517521" lon="-0.00079807408" />
  <node id="4511" visible="true" version="1" lat="-0.00012954597" lon="-0.00027142192" />
  <node id="4512" visible="true" version="1" lat="-0.00067530535" lon="0.00026618429" />
  <node id="4513" visible="true" version="1" lat="-0.0002051743" lon="-0.00079847832" />
  <node id="4514" visible="true" version="1" lat="-0.00010700903" lon="-0.00027142192" />
  <node id="4515" visible="true" version="1" lat="-0.00067530354" lon="0.00026474699" />
  <node id="4516" visible="true" version="1" lat="-0.0002051734" lon="-0.00079888256" />
  <node id="4517" visible="true" version="1" lat="-0.00020516978" lon="-0.00079996054" />
  <node id="4518" visible="true" version="1" lat="-0.00020516707" lon="-0.00080103852" />
  <node id="4519" visible="true" version="1" lat="-0.0002051535" lon="-0.00080579869" />
  <node id="4520" visible="true" version="1" lat="-0.00020514084" lon="-0.00081055976" />
  <node id="4521" visible="true" version="1" lat="-0.00026756013" lon="0.00075203103" />
  <node id="4522" visible="true" version="1" lat="-0.00064728075" lon="0.0005203087" />
  <node id="4523" visible="true" version="1" lat="-0.00020513994" lon="-0.00081073943" />
  <node id="4524" visible="true" version="1" lat="-0.00024525317" lon="0.00075180107" />
  <node id="4525" visible="true" version="1" lat="-0.00064727894" lon="0.00051918581" />
  <node id="4526" visible="true" version="1" lat="-0.00020513903" lon="-0.00081091909" />
  <node id="4527" visible="true" version="1" lat="-0.00023743423" lon="0.00075192429" />
  <node id="4528" visible="true" version="1" lat="-0.00064727894" lon="0.0005188714" />
  <node id="4529" visible="true" version="1" lat="-0.00020503503" lon="-0.00084827373" />
  <node id="4530" visible="true" version="1" lat="-0.0002148973" lon="0.00075192429" />
  <node id="4531" visible="true" version="1" lat="-0.00064727804" lon="0.00051855699" />
  <node id="4532" visible="true" version="1" lat="-0.00020915443" lon="-0.00088005343" />
  <node id="4533" visible="true" version="1" lat="0.00002441243" lon="0.00093642425" />
  <node id="4534" visible="true" version="1" lat="-0.00064727623" lon="0.00051689511" />
  <node id="4535" visible="true" version="1" lat="-0.00022360264" lon="-0.0009133423" />
  <node id="4536" visible="true" version="1" lat="0.00002441243" lon="0.00091239252" />
  <node id="4537" visible="true" version="1" lat="-0.00064727351" lon="0.00051523322" />
  <node id="4538" visible="true" version="1" lat="-0.00024720578" lon="-0.00094099065" />
  <node id="4539" visible="true" version="1" lat="0.00002452742" lon="0.0009029638" />
  <node id="4540" visible="true" version="1" lat="-0.00064726809" lon="0.00051083148" />
  <node id="4541" visible="true" version="1" lat="-0.00026855975" lon="-0.00095652971" />
  <node id="4542" visible="true" version="1" lat="0.00002452742" lon="0.00087950699" />
  <node id="4543" visible="true" version="1" lat="-0.00064726266" lon="0.00050642973" />
  <node id="4544" visible="true" version="1" lat="-0.00030569678" lon="-0.0009726383" />
  <node id="4545" visible="true" version="1" lat="-0.00034579743" lon="-0.00097844321" />
  <node id="4546" visible="true" version="1" lat="-0.00039403921" lon="-0.00101042323" />
  <node id="4547" visible="true" version="1" lat="-0.00039159741" lon="-0.00101039629" />
  <node id="4548" visible="true" version="1" lat="-0.000387166" lon="-0.00101034688" />
  <node id="4549" visible="true" version="1" lat="-0.00075544699" lon="0.0009920848" />
  <node id="4550" visible="true" version="1" lat="-0.00064695156" lon="0.00026478292" />
  <node id="4551" visible="true" version="1" lat="-0.00038273549" lon="-0.00101029747" />
  <node id="4552" visible="true" version="1" lat="-0.00075498705" lon="0.00097092768" />
  <node id="4553" visible="true" version="1" lat="-0.00064694975" lon="0.00026334562" />
  <node id="4554" visible="true" version="1" lat="-0.00038051979" lon="-0.00101027322" />
  <node id="4555" visible="true" version="1" lat="-0.00075383721" lon="0.00096287877" />
  <node id="4556" visible="true" version="1" lat="-0.00064693709" lon="0.00025368873" />
  <node id="4557" visible="true" version="1" lat="-0.00037830408" lon="-0.00101024806" />
  <node id="4558" visible="true" version="1" lat="-0.00075337727" lon="0.00094471124" />
  <node id="4559" visible="true" version="1" lat="-0.00064692443" lon="0.00024403184" />
  <node id="4560" visible="true" version="1" lat="-0.00037726406" lon="-0.00101023639" />
  <node id="4561" visible="true" version="1" lat="-0.00037622403" lon="-0.00101022471" />
  <node id="4562" visible="true" version="1" lat="-0.00037559097" lon="-0.00101021752" />
  <node id="4563" visible="true" version="1" lat="-0.0011868683" lon="-0.00025434563" />
  <node id="4564" visible="true" version="1" lat="-0.00061562601" lon="0.00051922623" />
  <node id="4565" visible="true" version="1" lat="-0.00037495792" lon="-0.00101021123" />
  <node id="4566" visible="true" version="1" lat="-0.00116410139" lon="-0.00025457559" />
  <node id="4567" visible="true" version="1" lat="-0.00061562601" lon="0.00051891182" />
  <node id="4568" visible="true" version="1" lat="-0.00036919346" lon="-0.00101014655" />
  <node id="4569" visible="true" version="1" lat="-0.00121745414" lon="-0.00025388569" />
  <node id="4570" visible="true" version="1" lat="-0.0006156251" lon="0.00051859741" />
  <node id="4571" visible="true" version="1" lat="-0.00036342901" lon="-0.00101008277" />
  <node id="4572" visible="true" version="1" lat="-0.00119560711" lon="-0.00025411566" />
  <node id="4573" visible="true" version="1" lat="-0.00061562329" lon="0.00051693553" />
  <node id="4574" visible="true" version="1" lat="-0.00034796068" lon="-0.0010099103" />
  <node id="4575" visible="true" version="1" lat="-0.00030767192" lon="-0.00100946204" />
  <node id="4576" visible="true" version="1" lat="-0.00028774052" lon="-0.00100814601" />
  <node id="4577" visible="true" version="1" lat="-0.00024066447" lon="-0.00099589568" />
  <node id="4578" visible="true" version="1" lat="-0.00019856879" lon="-0.00097164207" />
  <node id="4579" visible="true" version="1" lat="-0.00019429293" lon="-0.00096823925" />
  <node id="4580" visible="true" version="1" lat="-0.00019301234" lon="-0.00096718912" />
  <node id="4581" visible="true" version="1" lat="-0.0001895269" lon="-0.00096432798" />
  <node id="4582" visible="true" version="1" lat="-0.00016210552" lon="-0.00093518574" />
  <node id="4583" visible="true" version="1" lat="-0.0001410527" lon="-0.00089458458" />
  <node id="4584" visible="true" version="1" lat="-0.00013278405" lon="-0.00084965894" />
  <node id="4585" visible="true" version="1" lat="-0.00013269723" lon="-0.00084402919" />
  <node id="4586" visible="true" version="1" lat="-0.00039393378" lon="-0.00098013384" />
  <node id="4587" visible="true" version="1" lat="-0.00039195192" lon="-0.00097895705" />
  <node id="4588" visible="true" version="1" lat="-0.00038752142" lon="-0.00097890764" />
  <node id="4589" visible="true" version="1" lat="-0.00038309001" lon="-0.00097885823" />
  <node id="4590" visible="true" version="1" lat="-0.0003808743" lon="-0.00097883398" />
  <node id="4591" visible="true" version="1" lat="-0.0003786586" lon="-0.00097880883" />
  <node id="4592" visible="true" version="1" lat="-0.00037761857" lon="-0.00097879715" />
  <node id="4593" visible="true" version="1" lat="-0.00037657945" lon="-0.00097878547" />
  <node id="4594" visible="true" version="1" lat="-0.00037594639" lon="-0.00097877918" />
  <node id="4595" visible="true" version="1" lat="-0.00037531333" lon="-0.00097877199" />
  <node id="4596" visible="true" version="1" lat="-0.00036954888" lon="-0.00097870732" />
  <node id="4597" visible="true" version="1" lat="-0.00036378443" lon="-0.00097864354" />
  <node id="4598" visible="true" version="1" lat="-0.00034831519" lon="-0.00097847106" />
  <node id="4599" visible="true" version="1" lat="-0.00097920655" lon="-0.00092171483" />
  <node id="4600" visible="true" version="1" lat="0.00042121189" lon="-0.00048390897" />
  <node id="4601" visible="true" version="1" lat="-0.00030802734" lon="-0.0009780228" />
  <node id="4602" visible="true" version="1" lat="-0.00029157776" lon="-0.00097693674" />
  <node id="4603" visible="true" version="1" lat="-0.00025272515" lon="-0.0009668262" />
  <node id="4604" visible="true" version="1" lat="-0.00021798289" lon="-0.00094680994" />
  <node id="4605" visible="true" version="1" lat="-0.00021445404" lon="-0.0009440018" />
  <node id="4606" visible="true" version="1" lat="-0.00021317436" lon="-0.00094295077" />
  <node id="4607" visible="true" version="1" lat="-0.00098817533" lon="-0.00094517164" />
  <node id="4608" visible="true" version="1" lat="0.00051001374" lon="-0.000570008" />
  <node id="4609" visible="true" version="1" lat="-0.00020968801" lon="-0.00094009054" />
  <node id="4610" visible="true" version="1" lat="-0.00018781131" lon="-0.00091684124" />
  <node id="4611" visible="true" version="1" lat="-0.00017101627" lon="-0.00088444889" />
  <node id="4612" visible="true" version="1" lat="-0.00016441889" lon="-0.00084860791" />
  <node id="4613" visible="true" version="1" lat="-0.00016435016" lon="-0.00084411723" />
  <node id="4614" visible="true" version="1" lat="-0.00039368469" lon="-0.00104186247" />
  <node id="4615" visible="true" version="1" lat="-0.0003912429" lon="-0.00104183552" />
  <node id="4616" visible="true" version="1" lat="-0.00038681149" lon="-0.00104178612" />
  <node id="4617" visible="true" version="1" lat="-0.00038238008" lon="-0.00104173671" />
  <node id="4618" visible="true" version="1" lat="-0.00038016528" lon="-0.00104171156" />
  <node id="4619" visible="true" version="1" lat="-0.00037794957" lon="-0.0010416873" />
  <node id="4620" visible="true" version="1" lat="-0.00037690955" lon="-0.00104167562" />
  <node id="4621" visible="true" version="1" lat="-0.00037586952" lon="-0.00104166395" />
  <node id="4622" visible="true" version="1" lat="-0.00037523646" lon="-0.00104165676" />
  <node id="4623" visible="true" version="1" lat="-0.00037459979" lon="-0.00104164957" />
  <node id="4624" visible="true" version="1" lat="-0.0003116412" lon="-0.00104094889" />
  <node id="4625" visible="true" version="1" lat="-0.00027086228" lon="-0.00103621117" />
  <node id="4626" visible="true" version="1" lat="-0.00022539962" lon="-0.00101897789" />
  <node id="4627" visible="true" version="1" lat="-0.0001861943" lon="-0.00099034679" />
  <node id="4628" visible="true" version="1" lat="-0.00015918802" lon="-0.00095715853" />
  <node id="4629" visible="true" version="1" lat="-0.00013959847" lon="-0.00091356508" />
  <node id="4630" visible="true" version="1" lat="-0.00013264478" lon="-0.00086632807" />
  <node id="4631" visible="true" version="1" lat="-0.00013282203" lon="-0.00079940089" />
  <node id="4632" visible="true" version="1" lat="-0.00013282565" lon="-0.00079787375" />
  <node id="4633" visible="true" version="1" lat="-0.00100059364" lon="-0.00097368776" />
  <node id="4634" visible="true" version="1" lat="0.00054205103" lon="-0.00059734193" />
  <node id="4635" visible="true" version="1" lat="-0.00013282836" lon="-0.00079711019" />
  <node id="4636" visible="true" version="1" lat="-0.00039403921" lon="-0.00101042323" />
  <node id="4637" visible="true" version="1" lat="-0.00039159741" lon="-0.00101039629" />
  <node id="4638" visible="true" version="1" lat="-0.000387166" lon="-0.00101034688" />
  <node id="4639" visible="true" version="1" lat="-0.00038273549" lon="-0.00101029747" />
  <node id="4640" visible="true" version="1" lat="-0.00038051979" lon="-0.00101027322" />
  <node id="4641" visible="true" version="1" lat="-0.00037830408" lon="-0.00101024806" />
  <node id="4642" visible="true" version="1" lat="-0.00037726406" lon="-0.00101023639" />
  <node id="4643" visible="true" version="1" lat="-0.00037622403" lon="-0.00101022471" />
  <node id="4644" visible="true" version="1" lat="-0.00037559097" lon="-0.00101021752" />
  <node id="4645" visible="true" version="1" lat="-0.0003749543" lon="-0.00101021123" />
  <node id="4646" visible="true" version="1" lat="-0.00031199662" lon="-0.00100950965" />
  <node id="4647" visible="true" version="1" lat="-0.00027807372" lon="-0.00100559659" />
  <node id="4648" visible="true" version="1" lat="-0.00101209207" lon="-0.00099438494" />
  <node id="4649" visible="true" version="1" lat="-0.00001462908" lon="-0.00088319754" />
  <node id="4650" visible="true" version="1" lat="-0.00024055414" lon="-0.00099137446" />
  <node id="4651" visible="true" version="1" lat="-0.00020819942" lon="-0.00096774607" />
  <node id="4652" visible="true" version="1" lat="-0.00018605412" lon="-0.00094053431" />
  <node id="4653" visible="true" version="1" lat="-0.00016999704" lon="-0.00090480022" />
  <node id="4654" visible="true" version="1" lat="-0.0001642968" lon="-0.00086608014" />
  <node id="4655" visible="true" version="1" lat="-0.00016447496" lon="-0.00079948803" />
  <node id="4656" visible="true" version="1" lat="-0.00016447858" lon="-0.00079796089" />
  <node id="4657" visible="true" version="1" lat="-0.00103531891" lon="-0.00104451812" />
  <node id="4658" visible="true" version="1" lat="0.00041142119" lon="-0.00071911486" />
  <node id="4659" visible="true" version="1" lat="-0.00016448129" lon="-0.00079719732" />
  <node id="4660" visible="true" version="1" lat="-0.00104221438" lon="-0.00050635517" />
  <node id="4661" visible="true" version="1" lat="-0.00104452052" lon="-0.00050634888" />
  <node id="4662" visible="true" version="1" lat="-0.00104996663" lon="-0.00050633361" />
  <node id="4663" visible="true" version="1" lat="-0.00106406123" lon="-0.00050753017" />
  <node id="4664" visible="true" version="1" lat="-0.0010907139" lon="-0.00051722209" />
  <node id="4665" visible="true" version="1" lat="-0.00111231386" lon="-0.00053551089" />
  <node id="4666" visible="true" version="1" lat="-0.00111490488" lon="-0.00053881939" />
  <node id="4667" visible="true" version="1" lat="-0.00112148779" lon="-0.0005491051" />
  <node id="4668" visible="true" version="1" lat="-0.00113120524" lon="-0.00057737778" />
  <node id="4669" visible="true" version="1" lat="-0.00113095021" lon="-0.00060725125" />
  <node id="4670" visible="true" version="1" lat="-0.00113010191" lon="-0.00061138709" />
  <node id="4671" visible="true" version="1" lat="-0.0011270985" lon="-0.00062444231" />
  <node id="4672" visible="true" version="1" lat="-0.00039842088" lon="-0.00083856833" />
  <node id="4673" visible="true" version="1" lat="-0.00068694549" lon="-0.00084178161" />
  <node id="4674" visible="true" version="1" lat="-0.00072972759" lon="-0.00084045839" />
  <node id="4675" visible="true" version="1" lat="-0.00079454285" lon="-0.00083150219" />
  <node id="4676" visible="true" version="1" lat="-0.00085765156" lon="-0.00081430664" />
  <node id="4677" visible="true" version="1" lat="-0.00098975643" lon="-0.00074545885" />
  <node id="4678" visible="true" version="1" lat="-0.00101910864" lon="-0.00071803688" />
  <node id="4679" visible="true" version="1" lat="-0.00104340001" lon="-0.00068610177" />
  <node id="4680" visible="true" version="1" lat="-0.00039292864" lon="-0.00089240976" />
  <node id="4681" visible="true" version="1" lat="-0.00038849814" lon="-0.00089236035" />
  <node id="4682" visible="true" version="1" lat="-0.00032813871" lon="-0.00087458" />
  <node id="4683" visible="true" version="1" lat="-0.00030921478" lon="-0.00085509823" />
  <node id="4684" visible="true" version="1" lat="-0.0002985595" lon="-0.00083043589" />
  <node id="4685" visible="true" version="1" lat="-0.00029678784" lon="-0.00081431652" />
  <node id="4686" visible="true" version="1" lat="-0.00029678874" lon="-0.00081418177" />
  <node id="4687" visible="true" version="1" lat="-0.00029678874" lon="-0.00081404702" />
  <node id="4688" visible="true" version="1" lat="-0.00029679055" lon="-0.00081346312" />
  <node id="4689" visible="true" version="1" lat="-0.00029679236" lon="-0.00081287921" />
  <node id="4690" visible="true" version="1" lat="-0.00029679417" lon="-0.00081202581" />
  <node id="4691" visible="true" version="1" lat="-0.00029679688" lon="-0.00081117241" />
  <node id="4692" visible="true" version="1" lat="-0.00029683215" lon="-0.00079873075" />
  <node id="4693" visible="true" version="1" lat="-0.00029683305" lon="-0.0007983265" />
  <node id="4694" visible="true" version="1" lat="-0.00029683486" lon="-0.00079756294" />
  <node id="4695" visible="true" version="1" lat="-0.00104467336" lon="-0.0005602469" />
  <node id="4696" visible="true" version="1" lat="-0.00105011947" lon="-0.00056023163" />
  <node id="4697" visible="true" version="1" lat="-0.00105469829" lon="-0.0005606206" />
  <node id="4698" visible="true" version="1" lat="-0.00106335673" lon="-0.0005637692" />
  <node id="4699" visible="true" version="1" lat="-0.00107037373" lon="-0.00056971065" />
  <node id="4700" visible="true" version="1" lat="-0.0010712157" lon="-0.00057078594" />
  <node id="4701" visible="true" version="1" lat="-0.00107380943" lon="-0.00057483824" />
  <node id="4702" visible="true" version="1" lat="-0.00107763853" lon="-0.00058597825" />
  <node id="4703" visible="true" version="1" lat="-0.00107753814" lon="-0.0005975189" />
  <node id="4704" visible="true" version="1" lat="-0.00107731851" lon="-0.00059937842" />
  <node id="4705" visible="true" version="1" lat="-0.00107448758" lon="-0.00061174462" />
  <node id="4706" visible="true" version="1" lat="-0.00039781224" lon="-0.00089246456" />
  <node id="4707" visible="true" version="1" lat="-0.00068633775" lon="-0.00089567693" />
  <node id="4708" visible="true" version="1" lat="-0.0008054812" lon="-0.00088429438" />
  <node id="4709" visible="true" version="1" lat="-0.00087536183" lon="-0.00086525369" />
  <node id="4710" visible="true" version="1" lat="-0.00094218207" lon="-0.00083740861" />
  <node id="4711" visible="true" version="1" lat="-0.00100482232" lon="-0.00080122447" />
  <node id="4712" visible="true" version="1" lat="-0.00102346589" lon="-0.00078769584" />
  <node id="4713" visible="true" version="1" lat="-0.00105948783" lon="-0.00075404226" />
  <node id="4714" visible="true" version="1" lat="-0.00108929947" lon="-0.00071485056" />
  <node id="4715" visible="true" version="1" lat="-0.0011120525" lon="-0.00067123735" />
  <node id="4716" visible="true" version="1" lat="-0.00112709759" lon="-0.00062444501" />
  <node id="4717" visible="true" version="1" lat="-0.00039840561" lon="-0.00083856744" />
  <node id="4718" visible="true" version="1" lat="-0.00039597908" lon="-0.00083854139" />
  <node id="4719" visible="true" version="1" lat="-0.00038910587" lon="-0.00083846503" />
  <node id="4720" visible="true" version="1" lat="-0.00038467265" lon="-0.00083841562" />
  <node id="4721" visible="true" version="1" lat="-0.00037105737" lon="-0.00083679596" />
  <node id="4722" visible="true" version="1" lat="-0.00035105091" lon="-0.00081433179" />
  <node id="4723" visible="true" version="1" lat="-0.00035105453" lon="-0.00081302923" />
  <node id="4724" visible="true" version="1" lat="-0.00035105633" lon="-0.00081217583" />
  <node id="4725" visible="true" version="1" lat="-0.00035105905" lon="-0.00081114277" />
  <node id="4726" visible="true" version="1" lat="-0.00035105995" lon="-0.00081096311" />
  <node id="4727" visible="true" version="1" lat="-0.00035107352" lon="-0.00080620203" />
  <node id="4728" visible="true" version="1" lat="-0.00035108618" lon="-0.00080144096" />
  <node id="4729" visible="true" version="1" lat="-0.0003510898" lon="-0.00080036299" />
  <node id="4730" visible="true" version="1" lat="-0.00035109251" lon="-0.00079928501" />
  <node id="4731" visible="true" version="1" lat="-0.00035109341" lon="-0.00079888077" />
  <node id="4732" visible="true" version="1" lat="-0.00035109522" lon="-0.00079847652" />
  <node id="4733" visible="true" version="1" lat="-0.00035109703" lon="-0.00079771296" />
  <node id="4734" visible="true" version="1" lat="-0.00026848288" lon="-0.00079748478" />
  <node id="4735" visible="true" version="1" lat="-0.00026848107" lon="-0.00079824835" />
  <node id="4736" visible="true" version="1" lat="-0.00026848017" lon="-0.00079865259" />
  <node id="4737" visible="true" version="1" lat="-0.00026847564" lon="-0.00080013481" />
  <node id="4738" visible="true" version="1" lat="-0.00026847293" lon="-0.00080121279" />
  <node id="4739" visible="true" version="1" lat="-0.00026845937" lon="-0.00080597386" />
  <node id="4740" visible="true" version="1" lat="-0.0002684458" lon="-0.00081073493" />
  <node id="4741" visible="true" version="1" lat="-0.00027044355" lon="-0.00083183995" />
  <node id="4742" visible="true" version="1" lat="-0.00028012121" lon="-0.0008589008" />
  <node id="4743" visible="true" version="1" lat="-0.00029707452" lon="-0.00088216268" />
  <node id="4744" visible="true" version="1" lat="-0.00031467174" lon="-0.00089677198" />
  <node id="4745" visible="true" version="1" lat="-0.00034229209" lon="-0.0009102503" />
  <node id="4746" visible="true" version="1" lat="-0.00037255591" lon="-0.00091579111" />
  <node id="4747" visible="true" version="1" lat="-0.00039266004" lon="-0.00091607857" />
  <node id="4748" visible="true" version="1" lat="-0.00039510365" lon="-0.00091610642" />
  <node id="4749" visible="true" version="1" lat="-0.00023682995" lon="-0.00079739765" />
  <node id="4750" visible="true" version="1" lat="-0.00023682814" lon="-0.00079816121" />
  <node id="4751" visible="true" version="1" lat="-0.00023682723" lon="-0.00079856546" />
  <node id="4752" visible="true" version="1" lat="-0.00023682633" lon="-0.0007989697" />
  <node id="4753" visible="true" version="1" lat="-0.00023682" lon="-0.00080112566" />
  <node id="4754" visible="true" version="1" lat="-0.00023680643" lon="-0.00080588673" />
  <node id="4755" visible="true" version="1" lat="-0.00023679287" lon="-0.0008106478" />
  <node id="4756" visible="true" version="1" lat="-0.00023941283" lon="-0.00083804552" />
  <node id="4757" visible="true" version="1" lat="-0.00025210294" lon="-0.00087353077" />
  <node id="4758" visible="true" version="1" lat="-0.00027433415" lon="-0.00090403306" />
  <node id="4759" visible="true" version="1" lat="-0.00029696147" lon="-0.00092283121" />
  <node id="4760" visible="true" version="1" lat="-0.00033235217" lon="-0.00094010042" />
  <node id="4761" visible="true" version="1" lat="-0.00037112882" lon="-0.00094719981" />
  <node id="4762" visible="true" version="1" lat="-0.00039230463" lon="-0.00094751781" />
  <node id="4763" visible="true" version="1" lat="-0.00039474914" lon="-0.00094754566" />
  <node id="4764" visible="true" version="1" lat="0.00001531098" lon="-0.00094297952" />
  <node id="4765" visible="true" version="1" lat="0.0000104726" lon="-0.00094303342" />
  <node id="4766" visible="true" version="1" lat="0.00000866386" lon="-0.00094305318" />
  <node id="4767" visible="true" version="1" lat="0.00000685512" lon="-0.00094307384" />
  <node id="4768" visible="true" version="1" lat="0.00000676559" lon="-0.00094307474" />
  <node id="4769" visible="true" version="1" lat="0.00000667515" lon="-0.00094307564" />
  <node id="4770" visible="true" version="1" lat="0.00000595166" lon="-0.00094308372" />
  <node id="4771" visible="true" version="1" lat="0.00000522816" lon="-0.00094309181" />
  <node id="4772" visible="true" version="1" lat="0.0000050925" lon="-0.00094309271" />
  <node id="4773" visible="true" version="1" lat="0.00000495685" lon="-0.0009430945" />
  <node id="4774" visible="true" version="1" lat="0.00000387161" lon="-0.00094310708" />
  <node id="4775" visible="true" version="1" lat="-0.00000895145" lon="-0.00094324991" />
  <node id="4776" visible="true" version="1" lat="-0.00002069016" lon="-0.00094338017" />
  <node id="4777" visible="true" version="1" lat="-0.00016453827" lon="-0.00094498186" />
  <node id="4778" visible="true" version="1" lat="-0.00030838728" lon="-0.00094658356" />
  <node id="4779" visible="true" version="1" lat="-0.00033626266" lon="-0.00094689438" />
  <node id="4780" visible="true" version="1" lat="-0.00038344452" lon="-0.00094741899" />
  <node id="4781" visible="true" version="1" lat="-0.00038787593" lon="-0.0009474684" />
  <node id="4782" visible="true" version="1" lat="-0.00039230734" lon="-0.00094751781" />
  <node id="4783" visible="true" version="1" lat="0.00001566549" lon="-0.00097441876" />
  <node id="4784" visible="true" version="1" lat="0.00001082802" lon="-0.00097447266" />
  <node id="4785" visible="true" version="1" lat="0.00000901928" lon="-0.00097449242" />
  <node id="4786" visible="true" version="1" lat="0.00000721054" lon="-0.00097451218" />
  <node id="4787" visible="true" version="1" lat="0.00000544702" lon="-0.00097453195" />
  <node id="4788" visible="true" version="1" lat="0.00000531136" lon="-0.00097453374" />
  <node id="4789" visible="true" version="1" lat="0.00000314088" lon="-0.000974558" />
  <node id="4790" visible="true" version="1" lat="-0.00000859694" lon="-0.00097468825" />
  <node id="4791" visible="true" version="1" lat="-0.00002033565" lon="-0.00097481941" />
  <node id="4792" visible="true" version="1" lat="-0.00016441373" lon="-0.00097366148" />
  <node id="4793" visible="true" version="1" lat="-0.00030803186" lon="-0.0009780228" />
  <node id="4794" visible="true" version="1" lat="-0.00033590815" lon="-0.00097833272" />
  <node id="4795" visible="true" version="1" lat="-0.00036378443" lon="-0.00097864354" />
  <node id="4796" visible="true" version="1" lat="-0.00036954888" lon="-0.00097870732" />
  <node id="4797" visible="true" version="1" lat="-0.00037531333" lon="-0.00097877199" />
  <node id="4798" visible="true" version="1" lat="-0.00037657945" lon="-0.00097878547" />
  <node id="4799" visible="true" version="1" lat="-0.00037761857" lon="-0.00097879715" />
  <node id="4800" visible="true" version="1" lat="-0.0003786586" lon="-0.00097880883" />
  <node id="4801" visible="true" version="1" lat="-0.0003808743" lon="-0.00097883398" />
  <node id="4802" visible="true" version="1" lat="-0.00038309001" lon="-0.00097885823" />
  <node id="4803" visible="true" version="1" lat="-0.00038752142" lon="-0.00097890764" />
  <node id="4804" visible="true" version="1" lat="-0.00039195192" lon="-0.00097895705" />
  <node id="4805" visible="true" version="1" lat="-0.00039439372" lon="-0.000978984" />
  <node id="4806" visible="true" version="1" lat="-0.00039368469" lon="-0.00104186247" />
  <node id="4807" visible="true" version="1" lat="-0.0003912429" lon="-0.00104183552" />
  <node id="4808" visible="true" version="1" lat="-0.00038681149" lon="-0.00104178612" />
  <node id="4809" visible="true" version="1" lat="-0.00038238008" lon="-0.00104173671" />
  <node id="4810" visible="true" version="1" lat="-0.00038016528" lon="-0.00104171156" />
  <node id="4811" visible="true" version="1" lat="-0.00037794957" lon="-0.0010416873" />
  <node id="4812" visible="true" version="1" lat="-0.00037690955" lon="-0.00104167562" />
  <node id="4813" visible="true" version="1" lat="-0.00037586952" lon="-0.00104166395" />
  <node id="4814" visible="true" version="1" lat="-0.00037523646" lon="-0.00104165676" />
  <node id="4815" visible="true" version="1" lat="-0.0003746034" lon="-0.00104164957" />
  <node id="4816" visible="true" version="1" lat="-0.00036883895" lon="-0.00104158579" />
  <node id="4817" visible="true" version="1" lat="-0.0003630745" lon="-0.00104152201" />
  <node id="4818" visible="true" version="1" lat="-0.00033519822" lon="-0.00104121119" />
  <node id="4819" visible="true" version="1" lat="-0.00030732284" lon="-0.00104090038" />
  <node id="4820" visible="true" version="1" lat="-0.00016347383" lon="-0.00103929868" />
  <node id="4821" visible="true" version="1" lat="-0.00001962572" lon="-0.00103769699" />
  <node id="4822" visible="true" version="1" lat="-0.00000788701" lon="-0.00103756673" />
  <node id="4823" visible="true" version="1" lat="0.00000385081" lon="-0.00103743558" />
  <node id="4824" visible="true" version="1" lat="0.00000493605" lon="-0.0010374239" />
  <node id="4825" visible="true" version="1" lat="0.00000602129" lon="-0.00103741222" />
  <node id="4826" visible="true" version="1" lat="0.00000615695" lon="-0.00103741042" />
  <node id="4827" visible="true" version="1" lat="0.0000062926" lon="-0.00103740863" />
  <node id="4828" visible="true" version="1" lat="0.00000701519" lon="-0.00103740054" />
  <node id="4829" visible="true" version="1" lat="0.00000773869" lon="-0.00103739246" />
  <node id="4830" visible="true" version="1" lat="0.00000782913" lon="-0.00103739156" />
  <node id="4831" visible="true" version="1" lat="0.00000791956" lon="-0.00103739066" />
  <node id="4832" visible="true" version="1" lat="0.0000097283" lon="-0.0010373709" />
  <node id="4833" visible="true" version="1" lat="0.00001153704" lon="-0.00103735024" />
  <node id="4834" visible="true" version="1" lat="-0.00038273549" lon="-0.00101029747" />
  <node id="4835" visible="true" version="1" lat="-0.00038051979" lon="-0.00101027322" />
  <node id="4836" visible="true" version="1" lat="-0.00037830408" lon="-0.00101024806" />
  <node id="4837" visible="true" version="1" lat="-0.00037726406" lon="-0.00101023639" />
  <node id="4838" visible="true" version="1" lat="-0.00037495792" lon="-0.00101021123" />
  <node id="4839" visible="true" version="1" lat="-0.00036919346" lon="-0.00101014655" />
  <node id="4840" visible="true" version="1" lat="-0.00036342901" lon="-0.00101008277" />
  <node id="4841" visible="true" version="1" lat="-0.00033555363" lon="-0.00100977196" />
  <node id="4842" visible="true" version="1" lat="-0.00030767735" lon="-0.00100946204" />
  <node id="4843" visible="true" version="1" lat="-0.00016382924" lon="-0.00100786034" />
  <node id="4844" visible="true" version="1" lat="-0.00001998023" lon="-0.00100625865" />
  <node id="4845" visible="true" version="1" lat="-0.00000824242" lon="-0.00100612749" />
  <node id="4846" visible="true" version="1" lat="0.00000349539" lon="-0.00100599724" />
  <node id="4847" visible="true" version="1" lat="0.00000458063" lon="-0.00100598466" />
  <node id="4848" visible="true" version="1" lat="0.00000566587" lon="-0.00100597298" />
  <node id="4849" visible="true" version="1" lat="0.00000580153" lon="-0.00100597118" />
  <node id="4850" visible="true" version="1" lat="0.00000593719" lon="-0.00100596939" />
  <node id="4851" visible="true" version="1" lat="0.00000666068" lon="-0.0010059613" />
  <node id="4852" visible="true" version="1" lat="0.00000738418" lon="-0.00100595322" />
  <node id="4853" visible="true" version="1" lat="0.00000747461" lon="-0.00100595232" />
  <node id="4854" visible="true" version="1" lat="0.00000756505" lon="-0.00100595142" />
  <node id="4855" visible="true" version="1" lat="0.00000937379" lon="-0.00100593166" />
  <node id="4856" visible="true" version="1" lat="0.00001118253" lon="-0.001005911" />
  <node id="4857" visible="true" version="1" lat="0.00001602091" lon="-0.0010058571" />
  <node id="4858" visible="true" version="1" lat="-0.00039439372" lon="-0.00098151365" />
  <node id="4859" visible="true" version="1" lat="-0.00039160697" lon="-0.00098022188" />
  <node id="4860" visible="true" version="1" lat="-0.00038717646" lon="-0.00097982751" />
  <node id="4861" visible="true" version="1" lat="-0.00038309001" lon="-0.00097885823" />
  <node id="4862" visible="true" version="1" lat="-0.0003808743" lon="-0.00097883398" />
  <node id="4863" visible="true" version="1" lat="-0.0003786586" lon="-0.00097880883" />
  <node id="4864" visible="true" version="1" lat="-0.00037761857" lon="-0.00097879715" />
  <node id="4865" visible="true" version="1" lat="-0.00037657945" lon="-0.00097878547" />
  <node id="4866" visible="true" version="1" lat="-0.00037594639" lon="-0.00097877918" />
  <node id="4867" visible="true" version="1" lat="-0.00037531333" lon="-0.00097877199" />
  <node id="4868" visible="true" version="1" lat="-0.00036954888" lon="-0.00097870732" />
  <node id="4869" visible="true" version="1" lat="-0.00036378443" lon="-0.00097864354" />
  <node id="4870" visible="true" version="1" lat="-0.00033590815" lon="-0.00097833272" />
  <node id="4871" visible="true" version="1" lat="-0.00030803186" lon="-0.0009780228" />
  <node id="4872" visible="true" version="1" lat="-0.00016418376" lon="-0.0009764211" />
  <node id="4873" visible="true" version="1" lat="-0.00002033565" lon="-0.00097481941" />
  <node id="4874" visible="true" version="1" lat="-0.00000859694" lon="-0.00097468825" />
  <node id="4875" visible="true" version="1" lat="0.00000314088" lon="-0.000974558" />
  <node id="4876" visible="true" version="1" lat="0.00000422612" lon="-0.00097454542" />
  <node id="4877" visible="true" version="1" lat="0.00000531136" lon="-0.00097453374" />
  <node id="4878" visible="true" version="1" lat="0.00000544702" lon="-0.00097453195" />
  <node id="4879" visible="true" version="1" lat="0.00000558267" lon="-0.00097453105" />
  <node id="4880" visible="true" version="1" lat="0.00000630617" lon="-0.00097452296" />
  <node id="4881" visible="true" version="1" lat="0.00000702966" lon="-0.00097451488" />
  <node id="4882" visible="true" version="1" lat="0.0000071201" lon="-0.00097451398" />
  <node id="4883" visible="true" version="1" lat="0.00000721054" lon="-0.00097451218" />
  <node id="4884" visible="true" version="1" lat="0.00000901928" lon="-0.00097449242" />
  <node id="4885" visible="true" version="1" lat="0.00001082802" lon="-0.00097447266" />
  <node id="4886" visible="true" version="1" lat="0.00001566549" lon="-0.00097441876" />
  <node id="4887" visible="true" version="1" lat="-0.00067596192" lon="0.00077655494" />
  <node id="4888" visible="true" version="1" lat="-0.00067597458" lon="0.00077779102" />
  <node id="4889" visible="true" version="1" lat="-0.00068142522" lon="0.00080354033" />
  <node id="4890" visible="true" version="1" lat="-0.00069602807" lon="0.00082549246" />
  <node id="4891" visible="true" version="1" lat="-0.00069910293" lon="0.00082846319" />
  <node id="4892" visible="true" version="1" lat="0.00001356012" lon="-0.00042275346" />
  <node id="4893" visible="true" version="1" lat="0.00001378621" lon="-0.00042275346" />
  <node id="4894" visible="true" version="1" lat="0.0000140123" lon="-0.00042275436" />
  <node id="4895" visible="true" version="1" lat="0.00001464536" lon="-0.00042275616" />
  <node id="4896" visible="true" version="1" lat="-0.00023833844" lon="-0.00025809586" />
  <node id="4897" visible="true" version="1" lat="-0.00023833844" lon="-0.00025818569" />
  <node id="4898" visible="true" version="1" lat="-0.00023833844" lon="-0.00025841027" />
  <node id="4899" visible="true" version="1" lat="-0.00023833753" lon="-0.00025863485" />
  <node id="4900" visible="true" version="1" lat="-0.00023833482" lon="-0.00025948825" />
  <node id="4901" visible="true" version="1" lat="-0.00023833301" lon="-0.00026034165" />
  <node id="4902" visible="true" version="1" lat="-0.00023833211" lon="-0.00026052131" />
  <node id="4903" visible="true" version="1" lat="-0.0002383312" lon="-0.00026070098" />
  <node id="4904" visible="true" version="1" lat="-0.0002383312" lon="-0.00026074589" />
  <node id="4905" visible="true" version="1" lat="-0.0002383312" lon="-0.00026079081" />
  <node id="4906" visible="true" version="1" lat="-0.00023832035" lon="-0.0002647434" />
  <node id="4907" visible="true" version="1" lat="-0.0002383095" lon="-0.00026869868" />
  <node id="4908" visible="true" version="1" lat="-0.0002382887" lon="-0.00027592922" />
  <node id="4909" visible="true" version="1" lat="-0.00023827603" lon="-0.00028042079" />
  <node id="4910" visible="true" version="1" lat="-0.00023821363" lon="-0.00028438416" />
  <node id="4911" visible="true" version="1" lat="-0.00023013761" lon="-0.0003290457" />
  <node id="4912" visible="true" version="1" lat="-0.00020921774" lon="-0.00036938365" />
  <node id="4913" visible="true" version="1" lat="-0.00017729621" lon="-0.00040184248" />
  <node id="4914" visible="true" version="1" lat="-0.00013718742" lon="-0.00042356194" />
  <node id="4915" visible="true" version="1" lat="-0.00013180462" lon="-0.00042540349" />
  <node id="4916" visible="true" version="1" lat="-0.00010221817" lon="-0.00043491845" />
  <node id="4917" visible="true" version="1" lat="-0.00009791699" lon="-0.00043630185" />
  <node id="4918" visible="true" version="1" lat="-0.00005075141" lon="-0.00044813716" />
  <node id="4919" visible="true" version="1" lat="-0.00020668641" lon="-0.00025800873" />
  <node id="4920" visible="true" version="1" lat="-0.0002066855" lon="-0.00025809856" />
  <node id="4921" visible="true" version="1" lat="-0.0002066855" lon="-0.00025832314" />
  <node id="4922" visible="true" version="1" lat="-0.0002066846" lon="-0.00025854772" />
  <node id="4923" visible="true" version="1" lat="-0.00020668189" lon="-0.00025940111" />
  <node id="4924" visible="true" version="1" lat="-0.00020668008" lon="-0.00026025451" />
  <node id="4925" visible="true" version="1" lat="-0.00020667917" lon="-0.00026043418" />
  <node id="4926" visible="true" version="1" lat="-0.00020667917" lon="-0.00026061384" />
  <node id="4927" visible="true" version="1" lat="-0.00020667827" lon="-0.00026065876" />
  <node id="4928" visible="true" version="1" lat="-0.00020667827" lon="-0.00026070367" />
  <node id="4929" visible="true" version="1" lat="-0.00020666742" lon="-0.00026465626" />
  <node id="4930" visible="true" version="1" lat="-0.00020665656" lon="-0.00026861154" />
  <node id="4931" visible="true" version="1" lat="-0.00020663576" lon="-0.00027584208" />
  <node id="4932" visible="true" version="1" lat="-0.00020662401" lon="-0.00028033366" />
  <node id="4933" visible="true" version="1" lat="-0.00020657336" lon="-0.00028348135" />
  <node id="4934" visible="true" version="1" lat="-0.00020015957" lon="-0.00031895582" />
  <node id="4935" visible="true" version="1" lat="-0.00018354269" lon="-0.00035099514" />
  <node id="4936" visible="true" version="1" lat="-0.00015818779" lon="-0.00037677768" />
  <node id="4937" visible="true" version="1" lat="-0.00012632956" lon="-0.00039402893" />
  <node id="4938" visible="true" version="1" lat="-0.00012205461" lon="-0.00039549049" />
  <node id="4939" visible="true" version="1" lat="-0.00009246816" lon="-0.00040500634" />
  <node id="4940" visible="true" version="1" lat="-0.00008816608" lon="-0.00040638975" />
  <node id="4941" visible="true" version="1" lat="-0.00004502946" lon="-0.00041721355" />
  <node id="4942" visible="true" version="1" lat="-0.00007433103" lon="-0.00025795752" />
  <node id="4943" visible="true" version="1" lat="-0.00007433103" lon="-0.0002581821" />
  <node id="4944" visible="true" version="1" lat="-0.00007432832" lon="-0.0002590355" />
  <node id="4945" visible="true" version="1" lat="-0.00007432561" lon="-0.0002598889" />
  <node id="4946" visible="true" version="1" lat="-0.00007432561" lon="-0.00026006856" />
  <node id="4947" visible="true" version="1" lat="-0.0000743247" lon="-0.00026024823" />
  <node id="4948" visible="true" version="1" lat="-0.00007156637" lon="-0.00028427996" />
  <node id="4949" visible="true" version="1" lat="-0.00005959071" lon="-0.00030818502" />
  <node id="4950" visible="true" version="1" lat="-0.00004001111" lon="-0.00032585578" />
  <node id="4951" visible="true" version="1" lat="-0.00001528113" lon="-0.00033512101" />
  <node id="4952" visible="true" version="1" lat="-0.0000003925" lon="-0.00033616126" />
  <node id="4953" visible="true" version="1" lat="-0.00000021162" lon="-0.00033616126" />
  <node id="4954" visible="true" version="1" lat="-0.00000003075" lon="-0.00033616216" />
  <node id="4955" visible="true" version="1" lat="0.00000069184" lon="-0.00033616395" />
  <node id="4956" visible="true" version="1" lat="0.00000141534" lon="-0.00033616575" />
  <node id="4957" visible="true" version="1" lat="0.00000408323" lon="-0.00033617383" />
  <node id="4958" visible="true" version="1" lat="0.00000675112" lon="-0.00033618102" />
  <node id="4959" visible="true" version="1" lat="0.00000928335" lon="-0.00033618821" />
  <node id="4960" visible="true" version="1" lat="0.00001181559" lon="-0.00033619539" />
  <node id="4961" visible="true" version="1" lat="0.00001244865" lon="-0.00033619719" />
  <node id="4962" visible="true" version="1" lat="0.0000130817" lon="-0.00033619899" />
  <node id="4963" visible="true" version="1" lat="0.00001339823" lon="-0.00033619988" />
  <node id="4964" visible="true" version="1" lat="0.00001371476" lon="-0.00033620078" />
  <node id="4965" visible="true" version="1" lat="0.00001375998" lon="-0.00033620078" />
  <node id="4966" visible="true" version="1" lat="0.0000138052" lon="-0.00033620078" />
  <node id="4967" visible="true" version="1" lat="0.00001403129" lon="-0.00033620168" />
  <node id="4968" visible="true" version="1" lat="0.00001425738" lon="-0.00033620168" />
  <node id="4969" visible="true" version="1" lat="-0.00002006886" lon="-0.0002578075" />
  <node id="4970" visible="true" version="1" lat="-0.00002006886" lon="-0.00025803208" />
  <node id="4971" visible="true" version="1" lat="-0.00002006615" lon="-0.00025888548" />
  <node id="4972" visible="true" version="1" lat="-0.00002006344" lon="-0.00025973888" />
  <node id="4973" visible="true" version="1" lat="-0.00002006344" lon="-0.00025991854" />
  <node id="4974" visible="true" version="1" lat="-0.00002006253" lon="-0.00026009821" />
  <node id="4975" visible="true" version="1" lat="-0.00001935441" lon="-0.00026960508" />
  <node id="4976" visible="true" version="1" lat="-0.00001631935" lon="-0.00027566332" />
  <node id="4977" visible="true" version="1" lat="-0.00001167722" lon="-0.00027988809" />
  <node id="4978" visible="true" version="1" lat="-0.00000599507" lon="-0.0002820171" />
  <node id="4979" visible="true" version="1" lat="-0.00000023966" lon="-0.00028226234" />
  <node id="4980" visible="true" version="1" lat="-0.00000005878" lon="-0.00028226324" />
  <node id="4981" visible="true" version="1" lat="0.00000012119" lon="-0.00028226324" />
  <node id="4982" visible="true" version="1" lat="0.00000084468" lon="-0.00028226504" />
  <node id="4983" visible="true" version="1" lat="0.00000156818" lon="-0.00028226773" />
  <node id="4984" visible="true" version="1" lat="0.00000423607" lon="-0.00028227492" />
  <node id="4985" visible="true" version="1" lat="0.00000690396" lon="-0.0002822821" />
  <node id="4986" visible="true" version="1" lat="0.00000943619" lon="-0.00028228929" />
  <node id="4987" visible="true" version="1" lat="0.00001196843" lon="-0.00028229648" />
  <node id="4988" visible="true" version="1" lat="0.00001260148" lon="-0.00028229827" />
  <node id="4989" visible="true" version="1" lat="0.00001323454" lon="-0.00028230007" />
  <node id="4990" visible="true" version="1" lat="0.00001355107" lon="-0.00028230097" />
  <node id="4991" visible="true" version="1" lat="0.0000138676" lon="-0.00028230187" />
  <node id="4992" visible="true" version="1" lat="0.00001391282" lon="-0.00028230187" />
  <node id="4993" visible="true" version="1" lat="0.00001395804" lon="-0.00028230187" />
  <node id="4994" visible="true" version="1" lat="0.00001418413" lon="-0.00028230276" />
  <node id="4995" visible="true" version="1" lat="0.00001441022" lon="-0.00028230366" />
  <node id="4996" visible="true" version="1" lat="-0.00026999137" lon="-0.000258183" />
  <node id="4997" visible="true" version="1" lat="-0.00026999137" lon="-0.00025827283" />
  <node id="4998" visible="true" version="1" lat="-0.00026999046" lon="-0.00025849741" />
  <node id="4999" visible="true" version="1" lat="-0.00026999046" lon="-0.00025872199" />
  <node id="5000" visible="true" version="1" lat="-0.00026998775" lon="-0.00025957539" />
  <node id="5001" visible="true" version="1" lat="-0.00026998504" lon="-0.00026042879" />
  <node id="5002" visible="true" version="1" lat="-0.00026998504" lon="-0.00026060845" />
  <node id="5003" visible="true" version="1" lat="-0.00026998413" lon="-0.00026078811" />
  <node id="5004" visible="true" version="1" lat="-0.00026998413" lon="-0.00026083303" />
  <node id="5005" visible="true" version="1" lat="-0.00026998413" lon="-0.00026087795" />
  <node id="5006" visible="true" version="1" lat="-0.00026997328" lon="-0.00026483053" />
  <node id="5007" visible="true" version="1" lat="-0.00026996243" lon="-0.00026878312" />
  <node id="5008" visible="true" version="1" lat="-0.00026996152" lon="-0.00026909753" />
  <node id="5009" visible="true" version="1" lat="-0.00026996062" lon="-0.00026941194" />
  <node id="5010" visible="true" version="1" lat="-0.00026995972" lon="-0.00026954669" />
  <node id="5011" visible="true" version="1" lat="-0.00026995972" lon="-0.00026968143" />
  <node id="5012" visible="true" version="1" lat="-0.000269957" lon="-0.000270445" />
  <node id="5013" visible="true" version="1" lat="-0.00026995519" lon="-0.00027120857" />
  <node id="5014" visible="true" version="1" lat="-0.00026995338" lon="-0.00027188231" />
  <node id="5015" visible="true" version="1" lat="-0.00026995158" lon="-0.00027255604" />
  <node id="5016" visible="true" version="1" lat="-0.00027098256" lon="-0.00028581518" />
  <node id="5017" visible="true" version="1" lat="-0.00027868869" lon="-0.00030899351" />
  <node id="5018" visible="true" version="1" lat="-0.00029321829" lon="-0.00032868009" />
  <node id="5019" visible="true" version="1" lat="-0.00030519847" lon="-0.00033853101" />
  <node id="5020" visible="true" version="1" lat="-0.00033230785" lon="-0.00035248005" />
  <node id="5021" visible="true" version="1" lat="-0.00036221716" lon="-0.00035857153" />
  <node id="5022" visible="true" version="1" lat="-0.00037504745" lon="-0.00035878443" />
  <node id="5023" visible="true" version="1" lat="-0.00037522832" lon="-0.00035878443" />
  <node id="5024" visible="true" version="1" lat="-0.0003754092" lon="-0.00035878353" />
  <node id="5025" visible="true" version="1" lat="-0.00037608747" lon="-0.00035878173" />
  <node id="5026" visible="true" version="1" lat="-0.00037676575" lon="-0.00035877994" />
  <node id="5027" visible="true" version="1" lat="-0.00037798665" lon="-0.00035877634" />
  <node id="5028" visible="true" version="1" lat="-0.00037920755" lon="-0.00035877275" />
  <node id="5029" visible="true" version="1" lat="-0.00037997626" lon="-0.00035877095" />
  <node id="5030" visible="true" version="1" lat="-0.00038074498" lon="-0.00035876826" />
  <node id="5031" visible="true" version="1" lat="-0.00038142325" lon="-0.00035876646" />
  <node id="5032" visible="true" version="1" lat="-0.00038210153" lon="-0.00035876467" />
  <node id="5033" visible="true" version="1" lat="-0.00038336765" lon="-0.00035876107" />
  <node id="5034" visible="true" version="1" lat="-0.00023833844" lon="-0.00025809586" />
  <node id="5035" visible="true" version="1" lat="-0.00023833844" lon="-0.00025818569" />
  <node id="5036" visible="true" version="1" lat="-0.00023833844" lon="-0.00025841027" />
  <node id="5037" visible="true" version="1" lat="-0.00023833753" lon="-0.00025863485" />
  <node id="5038" visible="true" version="1" lat="-0.00023833482" lon="-0.00025948825" />
  <node id="5039" visible="true" version="1" lat="-0.00023833301" lon="-0.00026034165" />
  <node id="5040" visible="true" version="1" lat="-0.00023833211" lon="-0.00026052131" />
  <node id="5041" visible="true" version="1" lat="-0.0002383312" lon="-0.00026070098" />
  <node id="5042" visible="true" version="1" lat="-0.0002383312" lon="-0.00026074589" />
  <node id="5043" visible="true" version="1" lat="-0.0002383312" lon="-0.00026079081" />
  <node id="5044" visible="true" version="1" lat="-0.00023832035" lon="-0.0002647434" />
  <node id="5045" visible="true" version="1" lat="-0.0002383095" lon="-0.00026869598" />
  <node id="5046" visible="true" version="1" lat="-0.00023830859" lon="-0.00026901039" />
  <node id="5047" visible="true" version="1" lat="-0.00023830769" lon="-0.0002693248" />
  <node id="5048" visible="true" version="1" lat="-0.00023830678" lon="-0.00026945955" />
  <node id="5049" visible="true" version="1" lat="-0.00023830678" lon="-0.0002695943" />
  <node id="5050" visible="true" version="1" lat="-0.00023830497" lon="-0.00027035787" />
  <node id="5051" visible="true" version="1" lat="-0.00023830226" lon="-0.00027112143" />
  <node id="5052" visible="true" version="1" lat="-0.00023830045" lon="-0.00027179517" />
  <node id="5053" visible="true" version="1" lat="-0.00023829864" lon="-0.00027246891" />
  <node id="5054" visible="true" version="1" lat="-0.00023974473" lon="-0.00029089246" />
  <node id="5055" visible="true" version="1" lat="-0.00025055195" lon="-0.0003233953" />
  <node id="5056" visible="true" version="1" lat="-0.00027092739" lon="-0.00035100143" />
  <node id="5057" visible="true" version="1" lat="-0.00028691393" lon="-0.00036419588" />
  <node id="5058" visible="true" version="1" lat="-0.00032174934" lon="-0.00038212086" />
  <node id="5059" visible="true" version="1" lat="-0.00036018142" lon="-0.00038994789" />
  <node id="5060" visible="true" version="1" lat="-0.00037513698" lon="-0.00039022546" />
  <node id="5061" visible="true" version="1" lat="-0.00037531785" lon="-0.00039022457" />
  <node id="5062" visible="true" version="1" lat="-0.00037549873" lon="-0.00039022457" />
  <node id="5063" visible="true" version="1" lat="-0.00037617701" lon="-0.00039022277" />
  <node id="5064" visible="true" version="1" lat="-0.00037685528" lon="-0.00039022097" />
  <node id="5065" visible="true" version="1" lat="-0.00037807618" lon="-0.00039021738" />
  <node id="5066" visible="true" version="1" lat="-0.00037929708" lon="-0.00039021379" />
  <node id="5067" visible="true" version="1" lat="-0.00038006579" lon="-0.00039021199" />
  <node id="5068" visible="true" version="1" lat="-0.00038083451" lon="-0.00039020929" />
  <node id="5069" visible="true" version="1" lat="-0.00038151279" lon="-0.0003902075" />
  <node id="5070" visible="true" version="1" lat="-0.00038219106" lon="-0.0003902057" />
  <node id="5071" visible="true" version="1" lat="-0.00038345718" lon="-0.00039020211" />
  <node id="5072" visible="true" version="1" lat="-0.00038363534" lon="-0.00045308418" />
  <node id="5073" visible="true" version="1" lat="-0.00038236922" lon="-0.00045308777" />
  <node id="5074" visible="true" version="1" lat="-0.00038169095" lon="-0.00045308957" />
  <node id="5075" visible="true" version="1" lat="-0.00038101086" lon="-0.00045309136" />
  <node id="5076" visible="true" version="1" lat="-0.00032715295" lon="-0.00045324228" />
  <node id="5077" visible="true" version="1" lat="-0.00029336389" lon="-0.00045102704" />
  <node id="5078" visible="true" version="1" lat="-0.00024316325" lon="-0.00043739241" />
  <node id="5079" visible="true" version="1" lat="-0.00019777113" lon="-0.00041210573" />
  <node id="5080" visible="true" version="1" lat="-0.00019372137" lon="-0.00040907302" />
  <node id="5081" visible="true" version="1" lat="-0.00016220861" lon="-0.00037619198" />
  <node id="5082" visible="true" version="1" lat="-0.00014179338" lon="-0.00033557466" />
  <node id="5083" visible="true" version="1" lat="-0.00013427264" lon="-0.00029079634" />
  <node id="5084" visible="true" version="1" lat="-0.00013432419" lon="-0.00026239071" />
  <node id="5085" visible="true" version="1" lat="-0.00013433052" lon="-0.00026005509" />
  <node id="5086" visible="true" version="1" lat="-0.00013433323" lon="-0.00025897711" />
  <node id="5087" visible="true" version="1" lat="-0.00013433504" lon="-0.00025834829" />
  <node id="5088" visible="true" version="1" lat="-0.00013433595" lon="-0.00025807879" />
  <node id="5089" visible="true" version="1" lat="-0.00013433685" lon="-0.00025789913" />
  <node id="5090" visible="true" version="1" lat="-0.00013433685" lon="-0.0002578093" />
  <node id="5091" visible="true" version="1" lat="-0.00038354581" lon="-0.00042164314" />
  <node id="5092" visible="true" version="1" lat="-0.00038227969" lon="-0.00042164674" />
  <node id="5093" visible="true" version="1" lat="-0.00038160141" lon="-0.00042164853" />
  <node id="5094" visible="true" version="1" lat="-0.00038092133" lon="-0.00042165033" />
  <node id="5095" visible="true" version="1" lat="-0.00032706341" lon="-0.00042180125" />
  <node id="5096" visible="true" version="1" lat="-0.00029793186" lon="-0.00041991568" />
  <node id="5097" visible="true" version="1" lat="-0.00025516875" lon="-0.00040830047" />
  <node id="5098" visible="true" version="1" lat="-0.00021650063" lon="-0.00038675976" />
  <node id="5099" visible="true" version="1" lat="-0.00021315627" lon="-0.00038425616" />
  <node id="5100" visible="true" version="1" lat="-0.00018811789" lon="-0.00035813135" />
  <node id="5101" visible="true" version="1" lat="-0.00017189712" lon="-0.00032585848" />
  <node id="5102" visible="true" version="1" lat="-0.00016592195" lon="-0.0002902798" />
  <node id="5103" visible="true" version="1" lat="-0.00016597712" lon="-0.00026247784" />
  <node id="5104" visible="true" version="1" lat="-0.00016598345" lon="-0.00026014222" />
  <node id="5105" visible="true" version="1" lat="-0.00016598617" lon="-0.00025906425" />
  <node id="5106" visible="true" version="1" lat="-0.00016598797" lon="-0.00025843543" />
  <node id="5107" visible="true" version="1" lat="-0.00016598888" lon="-0.00025816593" />
  <node id="5108" visible="true" version="1" lat="-0.00016598978" lon="-0.00025798627" />
  <node id="5109" visible="true" version="1" lat="-0.00016598978" lon="-0.00025789644" />
  <node id="5110" visible="true" version="1" lat="0.00001419046" lon="-0.00035987229" />
  <node id="5111" visible="true" version="1" lat="0.00001396437" lon="-0.00035987229" />
  <node id="5112" visible="true" version="1" lat="0.00001373828" lon="-0.00035987139" />
  <node id="5113" visible="true" version="1" lat="0.00001369306" lon="-0.00035987139" />
  <node id="5114" visible="true" version="1" lat="0.00001364784" lon="-0.00035987139" />
  <node id="5115" visible="true" version="1" lat="0.00001333131" lon="-0.00035987049" />
  <node id="5116" visible="true" version="1" lat="0.00001301478" lon="-0.00035986959" />
  <node id="5117" visible="true" version="1" lat="0.00001238172" lon="-0.0003598678" />
  <node id="5118" visible="true" version="1" lat="0.00001174866" lon="-0.000359866" />
  <node id="5119" visible="true" version="1" lat="0.00000921643" lon="-0.00035985881" />
  <node id="5120" visible="true" version="1" lat="0.00000668419" lon="-0.00035985163" />
  <node id="5121" visible="true" version="1" lat="0.0000040163" lon="-0.00035984444" />
  <node id="5122" visible="true" version="1" lat="0.00000134841" lon="-0.00035983636" />
  <node id="5123" visible="true" version="1" lat="-0.00006380236" lon="-0.00036469175" />
  <node id="5124" visible="true" version="1" lat="-0.00011502947" lon="-0.00038166991" />
  <node id="5125" visible="true" version="1" lat="-0.00016095516" lon="-0.00040989138" />
  <node id="5126" visible="true" version="1" lat="-0.00019629973" lon="-0.00044526794" />
  <node id="5127" visible="true" version="1" lat="-0.00022174868" lon="-0.00048858021" />
  <node id="5128" visible="true" version="1" lat="-0.00023537391" lon="-0.00053686915" />
  <node id="5129" visible="true" version="1" lat="-0.00023745035" lon="-0.00057573925" />
  <node id="5130" visible="true" version="1" lat="-0.00023745035" lon="-0.00057582908" />
  <node id="5131" visible="true" version="1" lat="-0.00023744944" lon="-0.00057591891" />
  <node id="5132" visible="true" version="1" lat="-0.00023744854" lon="-0.00057641299" />
  <node id="5133" visible="true" version="1" lat="-0.00023744673" lon="-0.00057690706" />
  <node id="5134" visible="true" version="1" lat="-0.00023744401" lon="-0.0005781647" />
  <node id="5135" visible="true" version="1" lat="-0.00023742502" lon="-0.00058467749" />
  <node id="5136" visible="true" version="1" lat="-0.00023740694" lon="-0.00059119027" />
  <node id="5137" visible="true" version="1" lat="-0.0002373997" lon="-0.00059393013" />
  <node id="5138" visible="true" version="1" lat="-0.00023739156" lon="-0.00059666999" />
  <node id="5139" visible="true" version="1" lat="-0.00023738975" lon="-0.00059729882" />
  <node id="5140" visible="true" version="1" lat="-0.00023738794" lon="-0.00059792764" />
  <node id="5141" visible="true" version="1" lat="-0.00023738614" lon="-0.00059882595" />
  <node id="5142" visible="true" version="1" lat="-0.00023738342" lon="-0.00059972427" />
  <node id="5143" visible="true" version="1" lat="-0.00023738252" lon="-0.00060003868" />
  <node id="5144" visible="true" version="1" lat="0.00001473489" lon="-0.00039131512" />
  <node id="5145" visible="true" version="1" lat="0.00001410183" lon="-0.00039131332" />
  <node id="5146" visible="true" version="1" lat="0.00001364965" lon="-0.00039131243" />
  <node id="5147" visible="true" version="1" lat="0.00001360443" lon="-0.00039131243" />
  <node id="5148" visible="true" version="1" lat="0.00001355921" lon="-0.00039131153" />
  <node id="5149" visible="true" version="1" lat="0.00001324268" lon="-0.00039131063" />
  <node id="5150" visible="true" version="1" lat="0.00001292615" lon="-0.00039131063" />
  <node id="5151" visible="true" version="1" lat="0.00001229309" lon="-0.00039130883" />
  <node id="5152" visible="true" version="1" lat="0.00001166004" lon="-0.00039130704" />
  <node id="5153" visible="true" version="1" lat="0.0000091278" lon="-0.00039129985" />
  <node id="5154" visible="true" version="1" lat="0.00000659557" lon="-0.00039129266" />
  <node id="5155" visible="true" version="1" lat="0.00000392768" lon="-0.00039128548" />
  <node id="5156" visible="true" version="1" lat="0.00000125979" lon="-0.00039127739" />
  <node id="5157" visible="true" version="1" lat="-0.00001083796" lon="-0.00039124415" />
  <node id="5158" visible="true" version="1" lat="-0.0001016041" lon="-0.00041014201" />
  <node id="5159" visible="true" version="1" lat="-0.00014129869" lon="-0.00043453576" />
  <node id="5160" visible="true" version="1" lat="-0.00017121342" lon="-0.00046444068" />
  <node id="5161" visible="true" version="1" lat="-0.00019260357" lon="-0.0005008467" />
  <node id="5162" visible="true" version="1" lat="-0.0002040565" lon="-0.00054143438" />
  <node id="5163" visible="true" version="1" lat="-0.00020579741" lon="-0.00057565121" />
  <node id="5164" visible="true" version="1" lat="-0.00020579741" lon="-0.00057574105" />
  <node id="5165" visible="true" version="1" lat="-0.00020579741" lon="-0.00057583088" />
  <node id="5166" visible="true" version="1" lat="-0.00020579561" lon="-0.00057632495" />
  <node id="5167" visible="true" version="1" lat="-0.0002057947" lon="-0.00057681902" />
  <node id="5168" visible="true" version="1" lat="-0.00020579289" lon="-0.00057744784" />
  <node id="5169" visible="true" version="1" lat="-0.00020579108" lon="-0.00057807667" />
  <node id="5170" visible="true" version="1" lat="-0.00020577209" lon="-0.00058458945" />
  <node id="5171" visible="true" version="1" lat="-0.000205754" lon="-0.00059110224" />
  <node id="5172" visible="true" version="1" lat="-0.00020574677" lon="-0.0005938421" />
  <node id="5173" visible="true" version="1" lat="-0.00020573863" lon="-0.00059658196" />
  <node id="5174" visible="true" version="1" lat="-0.00020573592" lon="-0.0005978396" />
  <node id="5175" visible="true" version="1" lat="-0.0002057332" lon="-0.00059873792" />
  <node id="5176" visible="true" version="1" lat="-0.00020573049" lon="-0.00059963623" />
  <node id="5177" visible="true" version="1" lat="-0.00020572959" lon="-0.00059995064" />
  <node id="5178" visible="true" version="1" lat="0.00001473489" lon="-0.00039131512" />
  <node id="5179" visible="true" version="1" lat="0.00001410183" lon="-0.00039131332" />
  <node id="5180" visible="true" version="1" lat="0.00001387574" lon="-0.00039131243" />
  <node id="5181" visible="true" version="1" lat="0.00001364965" lon="-0.00039131243" />
  <node id="5182" visible="true" version="1" lat="0.00001360443" lon="-0.00039131243" />
  <node id="5183" visible="true" version="1" lat="0.00001355921" lon="-0.00039131153" />
  <node id="5184" visible="true" version="1" lat="0.00001324268" lon="-0.00039131063" />
  <node id="5185" visible="true" version="1" lat="0.00001292615" lon="-0.00039131063" />
  <node id="5186" visible="true" version="1" lat="0.00001229309" lon="-0.00039130883" />
  <node id="5187" visible="true" version="1" lat="0.00001166004" lon="-0.00039130704" />
  <node id="5188" visible="true" version="1" lat="0.0000091278" lon="-0.00039129985" />
  <node id="5189" visible="true" version="1" lat="0.00000659557" lon="-0.00039129266" />
  <node id="5190" visible="true" version="1" lat="0.00000392768" lon="-0.00039128548" />
  <node id="5191" visible="true" version="1" lat="0.00000125979" lon="-0.00039127739" />
  <node id="5192" visible="true" version="1" lat="0.00000053629" lon="-0.0003912756" />
  <node id="5193" visible="true" version="1" lat="-0.0000001863" lon="-0.0003912738" />
  <node id="5194" visible="true" version="1" lat="-0.00000036717" lon="-0.0003912729" />
  <node id="5195" visible="true" version="1" lat="-0.00000054805" lon="-0.0003912729" />
  <node id="5196" visible="true" version="1" lat="-0.00006095993" lon="-0.00039110402" />
  <node id="5197" visible="true" version="1" lat="-0.00006232553" lon="-0.00039110581" />
  <node id="5198" visible="true" version="1" lat="-0.00010795911" lon="-0.00039805877" />
  <node id="5199" visible="true" version="1" lat="-0.00014962974" lon="-0.00041779925" />
  <node id="5200" visible="true" version="1" lat="-0.00018232089" lon="-0.00044613301" />
  <node id="5201" visible="true" version="1" lat="-0.00021202581" lon="-0.00048344184" />
  <node id="5202" visible="true" version="1" lat="-0.0002310456" lon="-0.00052787611" />
  <node id="5203" visible="true" version="1" lat="-0.00023745035" lon="-0.00057573925" />
  <node id="5204" visible="true" version="1" lat="-0.00023745035" lon="-0.00057582908" />
  <node id="5205" visible="true" version="1" lat="-0.00023744944" lon="-0.00057591891" />
  <node id="5206" visible="true" version="1" lat="-0.00023744854" lon="-0.00057641299" />
  <node id="5207" visible="true" version="1" lat="-0.00023744673" lon="-0.00057690706" />
  <node id="5208" visible="true" version="1" lat="-0.00023744492" lon="-0.00057753588" />
  <node id="5209" visible="true" version="1" lat="-0.00023744401" lon="-0.0005781647" />
  <node id="5210" visible="true" version="1" lat="-0.00023742502" lon="-0.00058467749" />
  <node id="5211" visible="true" version="1" lat="-0.00023740694" lon="-0.00059119027" />
  <node id="5212" visible="true" version="1" lat="-0.00023739156" lon="-0.00059666999" />
  <node id="5213" visible="true" version="1" lat="-0.00023738975" lon="-0.00059729882" />
  <node id="5214" visible="true" version="1" lat="-0.00023738794" lon="-0.00059792764" />
  <node id="5215" visible="true" version="1" lat="-0.00023738614" lon="-0.00059882595" />
  <node id="5216" visible="true" version="1" lat="-0.00023738342" lon="-0.00059972427" />
  <node id="5217" visible="true" version="1" lat="-0.00023738252" lon="-0.00060003868" />
  <node id="5218" visible="true" version="1" lat="0.00001464536" lon="-0.00042275616" />
  <node id="5219" visible="true" version="1" lat="0.0000140123" lon="-0.00042275436" />
  <node id="5220" visible="true" version="1" lat="0.00001378621" lon="-0.00042275346" />
  <node id="5221" visible="true" version="1" lat="0.00001356012" lon="-0.00042275346" />
  <node id="5222" visible="true" version="1" lat="0.00001346968" lon="-0.00042275256" />
  <node id="5223" visible="true" version="1" lat="0.00001315315" lon="-0.00042275166" />
  <node id="5224" visible="true" version="1" lat="0.00001283662" lon="-0.00042275077" />
  <node id="5225" visible="true" version="1" lat="0.00001220356" lon="-0.00042274897" />
  <node id="5226" visible="true" version="1" lat="0.0000115705" lon="-0.00042274717" />
  <node id="5227" visible="true" version="1" lat="0.00000903827" lon="-0.00042274088" />
  <node id="5228" visible="true" version="1" lat="0.00000650603" lon="-0.0004227337" />
  <node id="5229" visible="true" version="1" lat="0.00000383814" lon="-0.00042272561" />
  <node id="5230" visible="true" version="1" lat="0.00000117025" lon="-0.00042271843" />
  <node id="5231" visible="true" version="1" lat="-0.00000027583" lon="-0.00042271483" />
  <node id="5232" visible="true" version="1" lat="-0.00000045671" lon="-0.00042271394" />
  <node id="5233" visible="true" version="1" lat="-0.00000063758" lon="-0.00042271304" />
  <node id="5234" visible="true" version="1" lat="-0.00003084352" lon="-0.0004226286" />
  <node id="5235" visible="true" version="1" lat="-0.00006104856" lon="-0.00042254415" />
  <node id="5236" visible="true" version="1" lat="-0.00006214104" lon="-0.00042254595" />
  <node id="5237" visible="true" version="1" lat="-0.00009864681" lon="-0.00042810832" />
  <node id="5238" visible="true" version="1" lat="-0.00013198187" lon="-0.0004439007" />
  <node id="5239" visible="true" version="1" lat="-0.00015989976" lon="-0.00046832589" />
  <node id="5240" visible="true" version="1" lat="-0.00018482689" lon="-0.00049952349" />
  <node id="5241" visible="true" version="1" lat="-0.00020051499" lon="-0.00053617385" />
  <node id="5242" visible="true" version="1" lat="-0.00020579741" lon="-0.00057565121" />
  <node id="5243" visible="true" version="1" lat="-0.00020579741" lon="-0.00057574105" />
  <node id="5244" visible="true" version="1" lat="-0.00020579741" lon="-0.00057583088" />
  <node id="5245" visible="true" version="1" lat="-0.00020579561" lon="-0.00057632495" />
  <node id="5246" visible="true" version="1" lat="-0.0002057947" lon="-0.00057681902" />
  <node id="5247" visible="true" version="1" lat="-0.00020579289" lon="-0.00057744784" />
  <node id="5248" visible="true" version="1" lat="-0.00020579108" lon="-0.00057807667" />
  <node id="5249" visible="true" version="1" lat="-0.00020577209" lon="-0.00058458945" />
  <node id="5250" visible="true" version="1" lat="-0.000205754" lon="-0.00059110224" />
  <node id="5251" visible="true" version="1" lat="-0.00020574677" lon="-0.0005938421" />
  <node id="5252" visible="true" version="1" lat="-0.00020573863" lon="-0.00059658196" />
  <node id="5253" visible="true" version="1" lat="-0.00020573682" lon="-0.00059721078" />
  <node id="5254" visible="true" version="1" lat="-0.00020573592" lon="-0.0005978396" />
  <node id="5255" visible="true" version="1" lat="-0.0002057332" lon="-0.00059873792" />
  <node id="5256" visible="true" version="1" lat="-0.00020573049" lon="-0.00059963623" />
  <node id="5257" visible="true" version="1" lat="-0.00020572959" lon="-0.00059995064" />
  <node id="5258" visible="true" version="1" lat="-0.0001017271" lon="-0.00059966408" />
  <node id="5259" visible="true" version="1" lat="-0.000101728" lon="-0.00059934967" />
  <node id="5260" visible="true" version="1" lat="-0.00010173071" lon="-0.00059845135" />
  <node id="5261" visible="true" version="1" lat="-0.00010173343" lon="-0.00059755304" />
  <node id="5262" visible="true" version="1" lat="-0.00010173524" lon="-0.00059692422" />
  <node id="5263" visible="true" version="1" lat="-0.00010173704" lon="-0.0005962954" />
  <node id="5264" visible="true" version="1" lat="-0.00010174428" lon="-0.00059355554" />
  <node id="5265" visible="true" version="1" lat="-0.00010175242" lon="-0.00059081478" />
  <node id="5266" visible="true" version="1" lat="-0.00010178678" lon="-0.00057830843" />
  <node id="5267" visible="true" version="1" lat="-0.00010047274" lon="-0.00055936206" />
  <node id="5268" visible="true" version="1" lat="-0.00009207928" lon="-0.00053470331" />
  <node id="5269" visible="true" version="1" lat="-0.00007667244" lon="-0.0005136477" />
  <node id="5270" visible="true" version="1" lat="-0.0000636034" lon="-0.00050273137" />
  <node id="5271" visible="true" version="1" lat="-0.0000386844" lon="-0.00049034719" />
  <node id="5272" visible="true" version="1" lat="-0.00001123227" lon="-0.00048560678" />
  <node id="5273" visible="true" version="1" lat="0.00001139234" lon="-0.00048562924" />
  <node id="5274" visible="true" version="1" lat="0.0000120254" lon="-0.00048563104" />
  <node id="5275" visible="true" version="1" lat="0.00001265846" lon="-0.00048563284" />
  <node id="5276" visible="true" version="1" lat="0.00001297499" lon="-0.00048563373" />
  <node id="5277" visible="true" version="1" lat="0.00001329152" lon="-0.00048563463" />
  <node id="5278" visible="true" version="1" lat="0.00001333674" lon="-0.00048563463" />
  <node id="5279" visible="true" version="1" lat="0.00001338196" lon="-0.00048563463" />
  <node id="5280" visible="true" version="1" lat="0.00001360805" lon="-0.00048563553" />
  <node id="5281" visible="true" version="1" lat="0.00001383414" lon="-0.00048563643" />
  <node id="5282" visible="true" version="1" lat="0.0000144672" lon="-0.00048563823" />
  <node id="5283" visible="true" version="1" lat="-0.00013338003" lon="-0.00059975122" />
  <node id="5284" visible="true" version="1" lat="-0.00013338093" lon="-0.00059943681" />
  <node id="5285" visible="true" version="1" lat="-0.00013338365" lon="-0.00059853849" />
  <node id="5286" visible="true" version="1" lat="-0.00013338636" lon="-0.00059764018" />
  <node id="5287" visible="true" version="1" lat="-0.00013338817" lon="-0.00059701135" />
  <node id="5288" visible="true" version="1" lat="-0.00013338998" lon="-0.00059638253" />
  <node id="5289" visible="true" version="1" lat="-0.00013339721" lon="-0.00059364267" />
  <node id="5290" visible="true" version="1" lat="-0.00013340535" lon="-0.00059090191" />
  <node id="5291" visible="true" version="1" lat="-0.00013343972" lon="-0.00057839557" />
  <node id="5292" visible="true" version="1" lat="-0.00013164364" lon="-0.00055389402" />
  <node id="5293" visible="true" version="1" lat="-0.00012019523" lon="-0.00052026109" />
  <node id="5294" visible="true" version="1" lat="-0.0000991813" lon="-0.00049154195" />
  <node id="5295" visible="true" version="1" lat="-0.00008173058" lon="-0.00047695601" />
  <node id="5296" visible="true" version="1" lat="-0.00004858182" lon="-0.0004604827" />
  <node id="5297" visible="true" version="1" lat="-0.00001206338" lon="-0.00045417653" />
  <node id="5298" visible="true" version="1" lat="0.00001148187" lon="-0.00045418821" />
  <node id="5299" visible="true" version="1" lat="0.00001211493" lon="-0.00045419" />
  <node id="5300" visible="true" version="1" lat="0.00001274799" lon="-0.0004541918" />
  <node id="5301" visible="true" version="1" lat="0.00001306452" lon="-0.0004541927" />
  <node id="5302" visible="true" version="1" lat="0.00001338105" lon="-0.0004541936" />
  <node id="5303" visible="true" version="1" lat="0.00001342627" lon="-0.0004541936" />
  <node id="5304" visible="true" version="1" lat="0.00001347149" lon="-0.0004541936" />
  <node id="5305" visible="true" version="1" lat="0.00001369758" lon="-0.0004541945" />
  <node id="5306" visible="true" version="1" lat="0.00001392367" lon="-0.00045419539" />
  <node id="5307" visible="true" version="1" lat="0.00001455673" lon="-0.00045419719" />
  <node id="5308" visible="true" version="1" lat="0.00001440028" lon="-0.00050930883" />
  <node id="5309" visible="true" version="1" lat="0.00001376722" lon="-0.00050930704" />
  <node id="5310" visible="true" version="1" lat="0.00001318932" lon="-0.00050930524" />
  <node id="5311" visible="true" version="1" lat="0.00000556549" lon="-0.00050961246" />
  <node id="5312" visible="true" version="1" lat="-0.00002327304" lon="-0.00051705051" />
  <node id="5313" visible="true" version="1" lat="-0.00004795962" lon="-0.00053362353" />
  <node id="5314" visible="true" version="1" lat="-0.00005406502" lon="-0.00054010398" />
  <node id="5315" visible="true" version="1" lat="-0.00006845082" lon="-0.00056489299" />
  <node id="5316" visible="true" version="1" lat="-0.0000733941" lon="-0.00059308212" />
  <node id="5317" visible="true" version="1" lat="0.00001424744" lon="-0.00056320685" />
  <node id="5318" visible="true" version="1" lat="0.00001359282" lon="-0.00056321224" />
  <node id="5319" visible="true" version="1" lat="0.00001303649" lon="-0.00056320416" />
  <node id="5320" visible="true" version="1" lat="0.00001011447" lon="-0.00056332184" />
  <node id="5321" visible="true" version="1" lat="-0.00000093964" lon="-0.00056617309" />
  <node id="5322" visible="true" version="1" lat="-0.00001040296" lon="-0.00057252597" />
  <node id="5323" visible="true" version="1" lat="-0.00001249839" lon="-0.0005747502" />
  <node id="5324" visible="true" version="1" lat="-0.00001743534" lon="-0.00058325725" />
  <node id="5325" visible="true" version="1" lat="-0.00001913194" lon="-0.0005929321" />
  <node id="5326" visible="true" version="1" lat="-0.00038372397" lon="-0.00048452521" />
  <node id="5327" visible="true" version="1" lat="-0.00038245785" lon="-0.00048452881" />
  <node id="5328" visible="true" version="1" lat="-0.00038177957" lon="-0.0004845306" />
  <node id="5329" visible="true" version="1" lat="-0.0003811013" lon="-0.0004845324" />
  <node id="5330" visible="true" version="1" lat="-0.00038033258" lon="-0.0004845342" />
  <node id="5331" visible="true" version="1" lat="-0.00037956387" lon="-0.00048453689" />
  <node id="5332" visible="true" version="1" lat="-0.00037834297" lon="-0.00048453959" />
  <node id="5333" visible="true" version="1" lat="-0.00037712207" lon="-0.00048454318" />
  <node id="5334" visible="true" version="1" lat="-0.00037644379" lon="-0.00048454498" />
  <node id="5335" visible="true" version="1" lat="-0.00037576552" lon="-0.00048454677" />
  <node id="5336" visible="true" version="1" lat="-0.00037558464" lon="-0.00048454767" />
  <node id="5337" visible="true" version="1" lat="-0.00037540377" lon="-0.00048454857" />
  <node id="5338" visible="true" version="1" lat="-0.00037445418" lon="-0.00048455126" />
  <node id="5339" visible="true" version="1" lat="-0.00037350459" lon="-0.00048455306" />
  <node id="5340" visible="true" version="1" lat="-0.00037029408" lon="-0.00048456204" />
  <node id="5341" visible="true" version="1" lat="-0.00036708357" lon="-0.00048457103" />
  <node id="5342" visible="true" version="1" lat="-0.00034443545" lon="-0.00048471655" />
  <node id="5343" visible="true" version="1" lat="-0.00031856234" lon="-0.00048983875" />
  <node id="5344" visible="true" version="1" lat="-0.00029538606" lon="-0.00050235767" />
  <node id="5345" visible="true" version="1" lat="-0.0002802216" lon="-0.00051792458" />
  <node id="5346" visible="true" version="1" lat="-0.00027132079" lon="-0.00053719883" />
  <node id="5347" visible="true" version="1" lat="-0.00026910237" lon="-0.00057600605" />
  <node id="5348" visible="true" version="1" lat="-0.00026910147" lon="-0.00057650012" />
  <node id="5349" visible="true" version="1" lat="-0.00026909966" lon="-0.0005769942" />
  <node id="5350" visible="true" version="1" lat="-0.00026909785" lon="-0.00057762302" />
  <node id="5351" visible="true" version="1" lat="-0.00026909604" lon="-0.00057825184" />
  <node id="5352" visible="true" version="1" lat="-0.00026907795" lon="-0.00058476462" />
  <node id="5353" visible="true" version="1" lat="-0.00026905987" lon="-0.00059127741" />
  <node id="5354" visible="true" version="1" lat="-0.00026905263" lon="-0.00059401727" />
  <node id="5355" visible="true" version="1" lat="-0.00026904449" lon="-0.00059675713" />
  <node id="5356" visible="true" version="1" lat="-0.00026904268" lon="-0.00059738595" />
  <node id="5357" visible="true" version="1" lat="-0.00026904088" lon="-0.00059801477" />
  <node id="5358" visible="true" version="1" lat="-0.00026903816" lon="-0.00059891309" />
  <node id="5359" visible="true" version="1" lat="-0.00026903635" lon="-0.0005998114" />
  <node id="5360" visible="true" version="1" lat="-0.00026903545" lon="-0.00060012581" />
  <node id="5361" visible="true" version="1" lat="-0.00038363534" lon="-0.00045308418" />
  <node id="5362" visible="true" version="1" lat="-0.00038236922" lon="-0.00045308777" />
  <node id="5363" visible="true" version="1" lat="-0.00038169095" lon="-0.00045308957" />
  <node id="5364" visible="true" version="1" lat="-0.00038101267" lon="-0.00045309136" />
  <node id="5365" visible="true" version="1" lat="-0.00038024396" lon="-0.00045309316" />
  <node id="5366" visible="true" version="1" lat="-0.00037947524" lon="-0.00045309586" />
  <node id="5367" visible="true" version="1" lat="-0.00037825434" lon="-0.00045309945" />
  <node id="5368" visible="true" version="1" lat="-0.00037703344" lon="-0.00045310214" />
  <node id="5369" visible="true" version="1" lat="-0.00037635517" lon="-0.00045310394" />
  <node id="5370" visible="true" version="1" lat="-0.00037567689" lon="-0.00045310664" />
  <node id="5371" visible="true" version="1" lat="-0.00037549602" lon="-0.00045310664" />
  <node id="5372" visible="true" version="1" lat="-0.00037531514" lon="-0.00045310753" />
  <node id="5373" visible="true" version="1" lat="-0.00037436555" lon="-0.00045311023" />
  <node id="5374" visible="true" version="1" lat="-0.00037341597" lon="-0.00045311292" />
  <node id="5375" visible="true" version="1" lat="-0.00037020545" lon="-0.00045312191" />
  <node id="5376" visible="true" version="1" lat="-0.00036699494" lon="-0.00045313089" />
  <node id="5377" visible="true" version="1" lat="-0.0003429767" lon="-0.00045330876" />
  <node id="5378" visible="true" version="1" lat="-0.00030778678" lon="-0.00046027609" />
  <node id="5379" visible="true" version="1" lat="-0.00027626317" lon="-0.00047730276" />
  <node id="5380" visible="true" version="1" lat="-0.00025407808" lon="-0.00050019992" />
  <node id="5381" visible="true" version="1" lat="-0.00024074225" lon="-0.00052907896" />
  <node id="5382" visible="true" version="1" lat="-0.00023744944" lon="-0.00057591891" />
  <node id="5383" visible="true" version="1" lat="-0.00023744854" lon="-0.00057641299" />
  <node id="5384" visible="true" version="1" lat="-0.00023744673" lon="-0.00057690706" />
  <node id="5385" visible="true" version="1" lat="-0.00023744492" lon="-0.00057753588" />
  <node id="5386" visible="true" version="1" lat="-0.00023744401" lon="-0.0005781647" />
  <node id="5387" visible="true" version="1" lat="-0.00023742502" lon="-0.00058467749" />
  <node id="5388" visible="true" version="1" lat="-0.00023740694" lon="-0.00059119027" />
  <node id="5389" visible="true" version="1" lat="-0.0002373997" lon="-0.00059393013" />
  <node id="5390" visible="true" version="1" lat="-0.00023739156" lon="-0.00059666999" />
  <node id="5391" visible="true" version="1" lat="-0.00023738975" lon="-0.00059729882" />
  <node id="5392" visible="true" version="1" lat="-0.00023738794" lon="-0.00059792764" />
  <node id="5393" visible="true" version="1" lat="-0.00023738614" lon="-0.00059882595" />
  <node id="5394" visible="true" version="1" lat="-0.00023738342" lon="-0.00059972427" />
  <node id="5395" visible="true" version="1" lat="-0.00023738252" lon="-0.00060003868" />
  <node id="5396" visible="true" version="1" lat="-0.00029738743" lon="-0.00060020397" />
  <node id="5397" visible="true" version="1" lat="-0.00029738834" lon="-0.00059988956" />
  <node id="5398" visible="true" version="1" lat="-0.00029739015" lon="-0.00059899124" />
  <node id="5399" visible="true" version="1" lat="-0.00029739286" lon="-0.00059809293" />
  <node id="5400" visible="true" version="1" lat="-0.00029739467" lon="-0.00059746411" />
  <node id="5401" visible="true" version="1" lat="-0.00029739648" lon="-0.00059683528" />
  <node id="5402" visible="true" version="1" lat="-0.00029740371" lon="-0.00059409542" />
  <node id="5403" visible="true" version="1" lat="-0.00029741185" lon="-0.00059135556" />
  <node id="5404" visible="true" version="1" lat="-0.00029742994" lon="-0.00058484278" />
  <node id="5405" visible="true" version="1" lat="-0.00029744803" lon="-0.00057832999" />
  <node id="5406" visible="true" version="1" lat="-0.00029751314" lon="-0.00057436572" />
  <node id="5407" visible="true" version="1" lat="-0.00030351906" lon="-0.00054966924" />
  <node id="5408" visible="true" version="1" lat="-0.00031848637" lon="-0.00052906548" />
  <node id="5409" visible="true" version="1" lat="-0.00034207504" lon="-0.0005140744" />
  <node id="5410" visible="true" version="1" lat="-0.00036947925" lon="-0.00050826589" />
  <node id="5411" visible="true" version="1" lat="-0.000377189" lon="-0.00050821379" />
  <node id="5412" visible="true" version="1" lat="-0.00037840989" lon="-0.00050821019" />
  <node id="5413" visible="true" version="1" lat="-0.00037963079" lon="-0.0005082075" />
  <node id="5414" visible="true" version="1" lat="-0.00038039951" lon="-0.0005082048" />
  <node id="5415" visible="true" version="1" lat="-0.00038116822" lon="-0.00050820301" />
  <node id="5416" visible="true" version="1" lat="-0.0003818465" lon="-0.00050820121" />
  <node id="5417" visible="true" version="1" lat="-0.00038252478" lon="-0.00050819941" />
  <node id="5418" visible="true" version="1" lat="-0.00038379089" lon="-0.00050819582" />
  <node id="5419" visible="true" version="1" lat="-0.0003516487" lon="-0.00060035399" />
  <node id="5420" visible="true" version="1" lat="-0.0003516496" lon="-0.00060003958" />
  <node id="5421" visible="true" version="1" lat="-0.00035165231" lon="-0.00059914126" />
  <node id="5422" visible="true" version="1" lat="-0.00035165503" lon="-0.00059824294" />
  <node id="5423" visible="true" version="1" lat="-0.00035165684" lon="-0.00059761412" />
  <node id="5424" visible="true" version="1" lat="-0.00035165864" lon="-0.0005969853" />
  <node id="5425" visible="true" version="1" lat="-0.00035166588" lon="-0.00059424544" />
  <node id="5426" visible="true" version="1" lat="-0.00035167402" lon="-0.00059150558" />
  <node id="5427" visible="true" version="1" lat="-0.00035169211" lon="-0.00058499279" />
  <node id="5428" visible="true" version="1" lat="-0.00035171019" lon="-0.00057848001" />
  <node id="5429" visible="true" version="1" lat="-0.00035172466" lon="-0.00057668338" />
  <node id="5430" visible="true" version="1" lat="-0.00035281805" lon="-0.00057218911" />
  <node id="5431" visible="true" version="1" lat="-0.00035554201" lon="-0.00056843954" />
  <node id="5432" visible="true" version="1" lat="-0.00036269105" lon="-0.00056393179" />
  <node id="5433" visible="true" version="1" lat="-0.00037114781" lon="-0.00056213965" />
  <node id="5434" visible="true" version="1" lat="-0.00037734183" lon="-0.0005621127" />
  <node id="5435" visible="true" version="1" lat="-0.00037856273" lon="-0.00056210911" />
  <node id="5436" visible="true" version="1" lat="-0.00037978363" lon="-0.00056210552" />
  <node id="5437" visible="true" version="1" lat="-0.00038055235" lon="-0.00056210372" />
  <node id="5438" visible="true" version="1" lat="-0.00038132106" lon="-0.00056210192" />
  <node id="5439" visible="true" version="1" lat="-0.00038199934" lon="-0.00056209923" />
  <node id="5440" visible="true" version="1" lat="-0.00038267761" lon="-0.00056209743" />
  <node id="5441" visible="true" version="1" lat="-0.00038394373" lon="-0.00056209384" />
  <node id="5442" visible="true" version="1" lat="-0.00013338003" lon="-0.00059975122" />
  <node id="5443" visible="true" version="1" lat="-0.00013338093" lon="-0.00059943681" />
  <node id="5444" visible="true" version="1" lat="-0.00013345147" lon="-0.00057428488" />
  <node id="5445" visible="true" version="1" lat="-0.00013403389" lon="-0.00056067989" />
  <node id="5446" visible="true" version="1" lat="-0.00014449744" lon="-0.00051441306" />
  <node id="5447" visible="true" version="1" lat="-0.00016732011" lon="-0.00047276357" />
  <node id="5448" visible="true" version="1" lat="-0.00020075646" lon="-0.00043891775" />
  <node id="5449" visible="true" version="1" lat="-0.00023904023" lon="-0.00041507197" />
  <node id="5450" visible="true" version="1" lat="-0.00029001049" lon="-0.00039666189" />
  <node id="5451" visible="true" version="1" lat="-0.0003438675" lon="-0.0003903126" />
  <node id="5452" visible="true" version="1" lat="-0.00016503296" lon="-0.00059983835" />
  <node id="5453" visible="true" version="1" lat="-0.00016503386" lon="-0.00059952394" />
  <node id="5454" visible="true" version="1" lat="-0.0001651044" lon="-0.00057437201" />
  <node id="5455" visible="true" version="1" lat="-0.0001655801" lon="-0.00056326255" />
  <node id="5456" visible="true" version="1" lat="-0.00017412459" lon="-0.0005254812" />
  <node id="5457" visible="true" version="1" lat="-0.00019276183" lon="-0.00049147009" />
  <node id="5458" visible="true" version="1" lat="-0.00022006656" lon="-0.00046383072" />
  <node id="5459" visible="true" version="1" lat="-0.00025320808" lon="-0.00044318744" />
  <node id="5460" visible="true" version="1" lat="-0.00029733227" lon="-0.00042725043" />
  <node id="5461" visible="true" version="1" lat="-0.00034395613" lon="-0.00042175364" />
  <node id="5462" visible="true" version="1" lat="-0.00026999137" lon="-0.000258183" />
  <node id="5463" visible="true" version="1" lat="-0.00026999137" lon="-0.00025827283" />
  <node id="5464" visible="true" version="1" lat="-0.00026999046" lon="-0.00025849741" />
  <node id="5465" visible="true" version="1" lat="-0.00026999046" lon="-0.00025872199" />
  <node id="5466" visible="true" version="1" lat="-0.00026998775" lon="-0.00025957539" />
  <node id="5467" visible="true" version="1" lat="-0.00026998504" lon="-0.00026042879" />
  <node id="5468" visible="true" version="1" lat="-0.00026998504" lon="-0.00026060845" />
  <node id="5469" visible="true" version="1" lat="-0.00026998413" lon="-0.00026078811" />
  <node id="5470" visible="true" version="1" lat="-0.00026998413" lon="-0.00026083303" />
  <node id="5471" visible="true" version="1" lat="-0.00026998413" lon="-0.00026087795" />
  <node id="5472" visible="true" version="1" lat="-0.00026997328" lon="-0.00026483053" />
  <node id="5473" visible="true" version="1" lat="-0.00026996243" lon="-0.00026878312" />
  <node id="5474" visible="true" version="1" lat="-0.00026996152" lon="-0.00026909753" />
  <node id="5475" visible="true" version="1" lat="-0.00026996062" lon="-0.00026941194" />
  <node id="5476" visible="true" version="1" lat="-0.00026995972" lon="-0.00026954669" />
  <node id="5477" visible="true" version="1" lat="-0.00026995972" lon="-0.00026968143" />
  <node id="5478" visible="true" version="1" lat="-0.000269957" lon="-0.000270445" />
  <node id="5479" visible="true" version="1" lat="-0.00026995519" lon="-0.00027120857" />
  <node id="5480" visible="true" version="1" lat="-0.00026995338" lon="-0.00027188231" />
  <node id="5481" visible="true" version="1" lat="-0.00026995158" lon="-0.00027255604" />
  <node id="5482" visible="true" version="1" lat="-0.00026992083" lon="-0.00028338074" />
  <node id="5483" visible="true" version="1" lat="-0.00026989098" lon="-0.00029420544" />
  <node id="5484" visible="true" version="1" lat="-0.00026953466" lon="-0.00042154163" />
  <node id="5485" visible="true" version="1" lat="-0.00026917834" lon="-0.00054887693" />
  <node id="5486" visible="true" version="1" lat="-0.00026914126" lon="-0.00056235166" />
  <node id="5487" visible="true" version="1" lat="-0.00026910328" lon="-0.00057582639" />
  <node id="5488" visible="true" version="1" lat="-0.00026910328" lon="-0.00057591622" />
  <node id="5489" visible="true" version="1" lat="-0.00026910237" lon="-0.00057600605" />
  <node id="5490" visible="true" version="1" lat="-0.00026910147" lon="-0.00057650012" />
  <node id="5491" visible="true" version="1" lat="-0.00026909966" lon="-0.0005769942" />
  <node id="5492" visible="true" version="1" lat="-0.00026909785" lon="-0.00057762302" />
  <node id="5493" visible="true" version="1" lat="-0.00026909604" lon="-0.00057825184" />
  <node id="5494" visible="true" version="1" lat="-0.00026907795" lon="-0.00058476462" />
  <node id="5495" visible="true" version="1" lat="-0.00026905987" lon="-0.00059127741" />
  <node id="5496" visible="true" version="1" lat="-0.00026905263" lon="-0.00059401727" />
  <node id="5497" visible="true" version="1" lat="-0.00026904449" lon="-0.00059675713" />
  <node id="5498" visible="true" version="1" lat="-0.00026904268" lon="-0.00059738595" />
  <node id="5499" visible="true" version="1" lat="-0.00026904088" lon="-0.00059801477" />
  <node id="5500" visible="true" version="1" lat="-0.00026903816" lon="-0.00059891309" />
  <node id="5501" visible="true" version="1" lat="-0.00026903635" lon="-0.0005998114" />
  <node id="5502" visible="true" version="1" lat="-0.00026903545" lon="-0.00060012581" />
  <node id="5503" visible="true" version="1" lat="-0.00023833844" lon="-0.00025818569" />
  <node id="5504" visible="true" version="1" lat="-0.00023833844" lon="-0.00025841027" />
  <node id="5505" visible="true" version="1" lat="-0.00023833753" lon="-0.00025863485" />
  <node id="5506" visible="true" version="1" lat="-0.00023833482" lon="-0.00025948825" />
  <node id="5507" visible="true" version="1" lat="-0.00023833301" lon="-0.00026034165" />
  <node id="5508" visible="true" version="1" lat="-0.00023833211" lon="-0.00026052131" />
  <node id="5509" visible="true" version="1" lat="-0.0002383312" lon="-0.00026070098" />
  <node id="5510" visible="true" version="1" lat="-0.0002383312" lon="-0.00026074589" />
  <node id="5511" visible="true" version="1" lat="-0.0002383312" lon="-0.00026079081" />
  <node id="5512" visible="true" version="1" lat="-0.00023832035" lon="-0.0002647434" />
  <node id="5513" visible="true" version="1" lat="-0.0002383095" lon="-0.00026869598" />
  <node id="5514" visible="true" version="1" lat="-0.00023830859" lon="-0.00026901039" />
  <node id="5515" visible="true" version="1" lat="-0.00023830678" lon="-0.00026945955" />
  <node id="5516" visible="true" version="1" lat="-0.00023830678" lon="-0.0002695943" />
  <node id="5517" visible="true" version="1" lat="-0.00023830497" lon="-0.00027035787" />
  <node id="5518" visible="true" version="1" lat="-0.00023830226" lon="-0.00027112143" />
  <node id="5519" visible="true" version="1" lat="-0.00023830045" lon="-0.00027179517" />
  <node id="5520" visible="true" version="1" lat="-0.00023829864" lon="-0.00027246891" />
  <node id="5521" visible="true" version="1" lat="-0.0002382688" lon="-0.00028329361" />
  <node id="5522" visible="true" version="1" lat="-0.00023823805" lon="-0.00029411831" />
  <node id="5523" visible="true" version="1" lat="-0.00023788173" lon="-0.0004214536" />
  <node id="5524" visible="true" version="1" lat="-0.00023752541" lon="-0.00054878979" />
  <node id="5525" visible="true" version="1" lat="-0.00023748833" lon="-0.00056226452" />
  <node id="5526" visible="true" version="1" lat="-0.00023745035" lon="-0.00057573925" />
  <node id="5527" visible="true" version="1" lat="-0.00023744944" lon="-0.00057591891" />
  <node id="5528" visible="true" version="1" lat="-0.00023744854" lon="-0.00057641299" />
  <node id="5529" visible="true" version="1" lat="-0.00023744673" lon="-0.00057690706" />
  <node id="5530" visible="true" version="1" lat="-0.00023744492" lon="-0.00057753588" />
  <node id="5531" visible="true" version="1" lat="-0.00023744401" lon="-0.0005781647" />
  <node id="5532" visible="true" version="1" lat="-0.00023742502" lon="-0.00058467749" />
  <node id="5533" visible="true" version="1" lat="-0.00023740694" lon="-0.00059119027" />
  <node id="5534" visible="true" version="1" lat="-0.0002373997" lon="-0.00059393013" />
  <node id="5535" visible="true" version="1" lat="-0.00023739156" lon="-0.00059666999" />
  <node id="5536" visible="true" version="1" lat="-0.00023738975" lon="-0.00059729882" />
  <node id="5537" visible="true" version="1" lat="-0.00023738794" lon="-0.00059792764" />
  <node id="5538" visible="true" version="1" lat="-0.00023738614" lon="-0.00059882595" />
  <node id="5539" visible="true" version="1" lat="-0.00023738342" lon="-0.00059972427" />
  <node id="5540" visible="true" version="1" lat="-0.00020668641" lon="-0.00025800873" />
  <node id="5541" visible="true" version="1" lat="-0.0002066855" lon="-0.00025809856" />
  <node id="5542" visible="true" version="1" lat="-0.0002066855" lon="-0.00025832314" />
  <node id="5543" visible="true" version="1" lat="-0.0002066846" lon="-0.00025854772" />
  <node id="5544" visible="true" version="1" lat="-0.00020668189" lon="-0.00025940111" />
  <node id="5545" visible="true" version="1" lat="-0.00020668008" lon="-0.00026025451" />
  <node id="5546" visible="true" version="1" lat="-0.00020667917" lon="-0.00026043418" />
  <node id="5547" visible="true" version="1" lat="-0.00020667917" lon="-0.00026061384" />
  <node id="5548" visible="true" version="1" lat="-0.00020667827" lon="-0.00026065876" />
  <node id="5549" visible="true" version="1" lat="-0.00020667827" lon="-0.00026070367" />
  <node id="5550" visible="true" version="1" lat="-0.00020666742" lon="-0.00026465626" />
  <node id="5551" visible="true" version="1" lat="-0.00020665656" lon="-0.00026860885" />
  <node id="5552" visible="true" version="1" lat="-0.00020665476" lon="-0.00026923767" />
  <node id="5553" visible="true" version="1" lat="-0.00020665385" lon="-0.00026937241" />
  <node id="5554" visible="true" version="1" lat="-0.00020665385" lon="-0.00026950716" />
  <node id="5555" visible="true" version="1" lat="-0.00020665204" lon="-0.00027027073" />
  <node id="5556" visible="true" version="1" lat="-0.00020664933" lon="-0.0002710343" />
  <node id="5557" visible="true" version="1" lat="-0.00020664752" lon="-0.00027170803" />
  <node id="5558" visible="true" version="1" lat="-0.00020664571" lon="-0.00027238177" />
  <node id="5559" visible="true" version="1" lat="-0.00020661587" lon="-0.00028320647" />
  <node id="5560" visible="true" version="1" lat="-0.00020658512" lon="-0.00029403117" />
  <node id="5561" visible="true" version="1" lat="-0.0002062288" lon="-0.00042136646" />
  <node id="5562" visible="true" version="1" lat="-0.00020587248" lon="-0.00054870265" />
  <node id="5563" visible="true" version="1" lat="-0.00020579741" lon="-0.00057565121" />
  <node id="5564" visible="true" version="1" lat="-0.00020579741" lon="-0.00057574105" />
  <node id="5565" visible="true" version="1" lat="-0.00020579741" lon="-0.00057583088" />
  <node id="5566" visible="true" version="1" lat="-0.00020579561" lon="-0.00057632495" />
  <node id="5567" visible="true" version="1" lat="-0.0002057947" lon="-0.00057681902" />
  <node id="5568" visible="true" version="1" lat="-0.00020579289" lon="-0.00057744784" />
  <node id="5569" visible="true" version="1" lat="-0.00020579108" lon="-0.00057807667" />
  <node id="5570" visible="true" version="1" lat="-0.00020577209" lon="-0.00058458945" />
  <node id="5571" visible="true" version="1" lat="-0.000205754" lon="-0.00059110224" />
  <node id="5572" visible="true" version="1" lat="-0.00020574677" lon="-0.0005938421" />
  <node id="5573" visible="true" version="1" lat="-0.00020573863" lon="-0.00059658196" />
  <node id="5574" visible="true" version="1" lat="-0.00020573592" lon="-0.0005978396" />
  <node id="5575" visible="true" version="1" lat="-0.0002057332" lon="-0.00059873792" />
  <node id="5576" visible="true" version="1" lat="-0.00020573049" lon="-0.00059963623" />
  <node id="5577" visible="true" version="1" lat="-0.00020572959" lon="-0.00059995064" />
  <node id="5578" visible="true" version="1" lat="-0.0001017271" lon="-0.00059966408" />
  <node id="5579" visible="true" version="1" lat="-0.000101728" lon="-0.00059934967" />
  <node id="5580" visible="true" version="1" lat="-0.00010173071" lon="-0.00059845135" />
  <node id="5581" visible="true" version="1" lat="-0.00010173343" lon="-0.00059755304" />
  <node id="5582" visible="true" version="1" lat="-0.00010173524" lon="-0.00059692422" />
  <node id="5583" visible="true" version="1" lat="-0.00010174428" lon="-0.00059355554" />
  <node id="5584" visible="true" version="1" lat="-0.00010175242" lon="-0.00059081567" />
  <node id="5585" visible="true" version="1" lat="-0.00010177051" lon="-0.00058430289" />
  <node id="5586" visible="true" version="1" lat="-0.00010178859" lon="-0.0005777901" />
  <node id="5587" visible="true" version="1" lat="-0.0001017904" lon="-0.00057716128" />
  <node id="5588" visible="true" version="1" lat="-0.00010179221" lon="-0.00057653246" />
  <node id="5589" visible="true" version="1" lat="-0.00010179402" lon="-0.00057603839" />
  <node id="5590" visible="true" version="1" lat="-0.00010179492" lon="-0.00057554431" />
  <node id="5591" visible="true" version="1" lat="-0.00010179492" lon="-0.00057545448" />
  <node id="5592" visible="true" version="1" lat="-0.00010179583" lon="-0.00057536465" />
  <node id="5593" visible="true" version="1" lat="-0.00010183291" lon="-0.00056188992" />
  <node id="5594" visible="true" version="1" lat="-0.00010187089" lon="-0.00054841519" />
  <node id="5595" visible="true" version="1" lat="-0.00010222721" lon="-0.0004210799" />
  <node id="5596" visible="true" version="1" lat="-0.00010258353" lon="-0.00029374371" />
  <node id="5597" visible="true" version="1" lat="-0.00010261338" lon="-0.00028291901" />
  <node id="5598" visible="true" version="1" lat="-0.00010264413" lon="-0.00027209431" />
  <node id="5599" visible="true" version="1" lat="-0.00010264774" lon="-0.00027074684" />
  <node id="5600" visible="true" version="1" lat="-0.00010264955" lon="-0.00026998327" />
  <node id="5601" visible="true" version="1" lat="-0.00010265227" lon="-0.0002692197" />
  <node id="5602" visible="true" version="1" lat="-0.00010265227" lon="-0.00026908495" />
  <node id="5603" visible="true" version="1" lat="-0.00010265227" lon="-0.00026895021" />
  <node id="5604" visible="true" version="1" lat="-0.00010265317" lon="-0.0002686358" />
  <node id="5605" visible="true" version="1" lat="-0.00010265407" lon="-0.00026832139" />
  <node id="5606" visible="true" version="1" lat="-0.00010266583" lon="-0.0002643688" />
  <node id="5607" visible="true" version="1" lat="-0.00010267668" lon="-0.00026041621" />
  <node id="5608" visible="true" version="1" lat="-0.00010267668" lon="-0.0002603713" />
  <node id="5609" visible="true" version="1" lat="-0.00010267668" lon="-0.00026032638" />
  <node id="5610" visible="true" version="1" lat="-0.00010267759" lon="-0.00026014672" />
  <node id="5611" visible="true" version="1" lat="-0.00010267759" lon="-0.00025996705" />
  <node id="5612" visible="true" version="1" lat="-0.0001026803" lon="-0.00025911365" />
  <node id="5613" visible="true" version="1" lat="-0.00010268211" lon="-0.00025826025" />
  <node id="5614" visible="true" version="1" lat="-0.00010268301" lon="-0.00025803568" />
  <node id="5615" visible="true" version="1" lat="-0.00010268392" lon="-0.0002578111" />
  <node id="5616" visible="true" version="1" lat="-0.00010268392" lon="-0.00025772127" />
  <node id="5617" visible="true" version="1" lat="-0.00013338003" lon="-0.00059975122" />
  <node id="5618" visible="true" version="1" lat="-0.00013338093" lon="-0.00059943681" />
  <node id="5619" visible="true" version="1" lat="-0.00013338365" lon="-0.00059853849" />
  <node id="5620" visible="true" version="1" lat="-0.00013338636" lon="-0.00059764018" />
  <node id="5621" visible="true" version="1" lat="-0.00013338998" lon="-0.00059638253" />
  <node id="5622" visible="true" version="1" lat="-0.00013339721" lon="-0.00059364267" />
  <node id="5623" visible="true" version="1" lat="-0.00013340535" lon="-0.00059090281" />
  <node id="5624" visible="true" version="1" lat="-0.00013342344" lon="-0.00058439002" />
  <node id="5625" visible="true" version="1" lat="-0.00013344153" lon="-0.00057787724" />
  <node id="5626" visible="true" version="1" lat="-0.00013344333" lon="-0.00057724842" />
  <node id="5627" visible="true" version="1" lat="-0.00013344605" lon="-0.00057612552" />
  <node id="5628" visible="true" version="1" lat="-0.00013344786" lon="-0.00057563145" />
  <node id="5629" visible="true" version="1" lat="-0.00013344786" lon="-0.00057554162" />
  <node id="5630" visible="true" version="1" lat="-0.00013344786" lon="-0.00057545179" />
  <node id="5631" visible="true" version="1" lat="-0.00013348584" lon="-0.00056197706" />
  <node id="5632" visible="true" version="1" lat="-0.00013352382" lon="-0.00054850233" />
  <node id="5633" visible="true" version="1" lat="-0.00013388014" lon="-0.00042116704" />
  <node id="5634" visible="true" version="1" lat="-0.00013423647" lon="-0.00029383084" />
  <node id="5635" visible="true" version="1" lat="-0.00013426631" lon="-0.00028300615" />
  <node id="5636" visible="true" version="1" lat="-0.00013429615" lon="-0.00027218145" />
  <node id="5637" visible="true" version="1" lat="-0.00013429887" lon="-0.00027150771" />
  <node id="5638" visible="true" version="1" lat="-0.00013430068" lon="-0.00027083487" />
  <node id="5639" visible="true" version="1" lat="-0.00013430248" lon="-0.0002700713" />
  <node id="5640" visible="true" version="1" lat="-0.00013430429" lon="-0.00026930774" />
  <node id="5641" visible="true" version="1" lat="-0.0001343052" lon="-0.00026903824" />
  <node id="5642" visible="true" version="1" lat="-0.0001343061" lon="-0.00026872383" />
  <node id="5643" visible="true" version="1" lat="-0.00013430701" lon="-0.00026840942" />
  <node id="5644" visible="true" version="1" lat="-0.00013431786" lon="-0.00026445683" />
  <node id="5645" visible="true" version="1" lat="-0.00013432962" lon="-0.00026050425" />
  <node id="5646" visible="true" version="1" lat="-0.00013432962" lon="-0.00026045933" />
  <node id="5647" visible="true" version="1" lat="-0.00013432962" lon="-0.00026041441" />
  <node id="5648" visible="true" version="1" lat="-0.00013432962" lon="-0.00026023475" />
  <node id="5649" visible="true" version="1" lat="-0.00013433052" lon="-0.00026005509" />
  <node id="5650" visible="true" version="1" lat="-0.00013433323" lon="-0.00025920169" />
  <node id="5651" visible="true" version="1" lat="-0.00013433504" lon="-0.00025834829" />
  <node id="5652" visible="true" version="1" lat="-0.00013433685" lon="-0.00025789913" />
  <node id="5653" visible="true" version="1" lat="-0.00013433685" lon="-0.0002578093" />
  <node id="5654" visible="true" version="1" lat="-0.00016503296" lon="-0.00059983835" />
  <node id="5655" visible="true" version="1" lat="-0.00016503386" lon="-0.00059952394" />
  <node id="5656" visible="true" version="1" lat="-0.00016503658" lon="-0.00059862563" />
  <node id="5657" visible="true" version="1" lat="-0.00016503929" lon="-0.00059772731" />
  <node id="5658" visible="true" version="1" lat="-0.0001650411" lon="-0.00059709849" />
  <node id="5659" visible="true" version="1" lat="-0.00016504291" lon="-0.00059646967" />
  <node id="5660" visible="true" version="1" lat="-0.00016505014" lon="-0.00059372981" />
  <node id="5661" visible="true" version="1" lat="-0.00016505828" lon="-0.00059098995" />
  <node id="5662" visible="true" version="1" lat="-0.00016507637" lon="-0.00058447716" />
  <node id="5663" visible="true" version="1" lat="-0.00016509446" lon="-0.00057796438" />
  <node id="5664" visible="true" version="1" lat="-0.00016509627" lon="-0.00057733555" />
  <node id="5665" visible="true" version="1" lat="-0.00016509807" lon="-0.00057670673" />
  <node id="5666" visible="true" version="1" lat="-0.00016509898" lon="-0.00057621266" />
  <node id="5667" visible="true" version="1" lat="-0.00016510079" lon="-0.00057571859" />
  <node id="5668" visible="true" version="1" lat="-0.00016510079" lon="-0.00057562876" />
  <node id="5669" visible="true" version="1" lat="-0.00016510079" lon="-0.00057553892" />
  <node id="5670" visible="true" version="1" lat="-0.00016513877" lon="-0.0005620642" />
  <node id="5671" visible="true" version="1" lat="-0.00016517675" lon="-0.00054859036" />
  <node id="5672" visible="true" version="1" lat="-0.00016553308" lon="-0.00042125417" />
  <node id="5673" visible="true" version="1" lat="-0.00016588849" lon="-0.00029391888" />
  <node id="5674" visible="true" version="1" lat="-0.00016591924" lon="-0.00028309418" />
  <node id="5675" visible="true" version="1" lat="-0.00016594909" lon="-0.00027226948" />
  <node id="5676" visible="true" version="1" lat="-0.00016595089" lon="-0.00027159574" />
  <node id="5677" visible="true" version="1" lat="-0.00016595361" lon="-0.00027092201" />
  <node id="5678" visible="true" version="1" lat="-0.00016595542" lon="-0.00027015844" />
  <node id="5679" visible="true" version="1" lat="-0.00016595723" lon="-0.00026939487" />
  <node id="5680" visible="true" version="1" lat="-0.00016595813" lon="-0.00026926012" />
  <node id="5681" visible="true" version="1" lat="-0.00016595813" lon="-0.00026912538" />
  <node id="5682" visible="true" version="1" lat="-0.00016595903" lon="-0.00026881097" />
  <node id="5683" visible="true" version="1" lat="-0.00016595994" lon="-0.00026849656" />
  <node id="5684" visible="true" version="1" lat="-0.00016597079" lon="-0.00026454397" />
  <node id="5685" visible="true" version="1" lat="-0.00016598255" lon="-0.00026054647" />
  <node id="5686" visible="true" version="1" lat="-0.00016598255" lon="-0.00026050155" />
  <node id="5687" visible="true" version="1" lat="-0.00016598255" lon="-0.00026032189" />
  <node id="5688" visible="true" version="1" lat="-0.00016598345" lon="-0.00026014222" />
  <node id="5689" visible="true" version="1" lat="-0.00016598526" lon="-0.00025928883" />
  <node id="5690" visible="true" version="1" lat="-0.00016598797" lon="-0.00025843543" />
  <node id="5691" visible="true" version="1" lat="-0.00016598888" lon="-0.00025821085" />
  <node id="5692" visible="true" version="1" lat="-0.00016598978" lon="-0.00025798627" />
  <node id="5693" visible="true" version="1" lat="-0.00016598978" lon="-0.00025789644" />
  <node id="5694" visible="true" version="1" lat="-0.00058361856" lon="0.00024397794" />
  <node id="5695" visible="true" version="1" lat="-0.00058361856" lon="0.00024411269" />
  <node id="5696" visible="true" version="1" lat="-0.00058363122" lon="0.00025376958" />
  <node id="5697" visible="true" version="1" lat="-0.00058364569" lon="0.00026486377" />
  <node id="5698" visible="true" version="1" lat="-0.0005836475" lon="0.00026630107" />
  <node id="5699" visible="true" version="1" lat="-0.00058365112" lon="0.00026904094" />
  <node id="5700" visible="true" version="1" lat="-0.00058365474" lon="0.00027178529" />
  <node id="5701" visible="true" version="1" lat="-0.00058342141" lon="0.00027856667" />
  <node id="5702" visible="true" version="1" lat="-0.00057777995" lon="0.0003016911" />
  <node id="5703" visible="true" version="1" lat="-0.00055645311" lon="0.00033037521" />
  <node id="5704" visible="true" version="1" lat="-0.00053532885" lon="0.00034299564" />
  <node id="5705" visible="true" version="1" lat="-0.00051131784" lon="0.00034853914" />
  <node id="5706" visible="true" version="1" lat="-0.00048526115" lon="0.00034848345" />
  <node id="5707" visible="true" version="1" lat="-0.00048132714" lon="0.00034843224" />
  <node id="5708" visible="true" version="1" lat="-0.00047739404" lon="0.00034838104" />
  <node id="5709" visible="true" version="1" lat="-0.00047725838" lon="0.00034837924" />
  <node id="5710" visible="true" version="1" lat="-0.00047712273" lon="0.00034837745" />
  <node id="5711" visible="true" version="1" lat="-0.00047658011" lon="0.00034837026" />
  <node id="5712" visible="true" version="1" lat="-0.00047603748" lon="0.00034836307" />
  <node id="5713" visible="true" version="1" lat="-0.00047599226" lon="0.00034836218" />
  <node id="5714" visible="true" version="1" lat="-0.00047594705" lon="0.00034836218" />
  <node id="5715" visible="true" version="1" lat="-0.00047590183" lon="0.00034836128" />
  <node id="5716" visible="true" version="1" lat="-0.0006152715" lon="0.00024393752" />
  <node id="5717" visible="true" version="1" lat="-0.0006152715" lon="0.00024407226" />
  <node id="5718" visible="true" version="1" lat="-0.00061528416" lon="0.00025372915" />
  <node id="5719" visible="true" version="1" lat="-0.00061529682" lon="0.00026338604" />
  <node id="5720" visible="true" version="1" lat="-0.00061529863" lon="0.00026482335" />
  <node id="5721" visible="true" version="1" lat="-0.00061530043" lon="0.00026626065" />
  <node id="5722" visible="true" version="1" lat="-0.00061530767" lon="0.00027174487" />
  <node id="5723" visible="true" version="1" lat="-0.00061497667" lon="0.00028103973" />
  <node id="5724" visible="true" version="1" lat="-0.000606973" lon="0.00031384172" />
  <node id="5725" visible="true" version="1" lat="-0.00058904568" lon="0.00034251324" />
  <node id="5726" visible="true" version="1" lat="-0.0005767969" lon="0.00035446263" />
  <node id="5727" visible="true" version="1" lat="-0.00054721407" lon="0.00037213609" />
  <node id="5728" visible="true" version="1" lat="-0.00051359052" lon="0.00037989933" />
  <node id="5729" visible="true" version="1" lat="-0.00048484604" lon="0.00037992179" />
  <node id="5730" visible="true" version="1" lat="-0.00048091203" lon="0.00037987058" />
  <node id="5731" visible="true" version="1" lat="-0.00047697893" lon="0.00037981938" />
  <node id="5732" visible="true" version="1" lat="-0.00047684328" lon="0.00037981758" />
  <node id="5733" visible="true" version="1" lat="-0.00047670762" lon="0.00037981579" />
  <node id="5734" visible="true" version="1" lat="-0.00047562238" lon="0.00037980141" />
  <node id="5735" visible="true" version="1" lat="-0.00047557716" lon="0.00037980052" />
  <node id="5736" visible="true" version="1" lat="-0.00047553194" lon="0.00037980052" />
  <node id="5737" visible="true" version="1" lat="-0.00047548672" lon="0.00037979962" />
  <node id="5738" visible="true" version="1" lat="-0.00047507162" lon="0.00041123796" />
  <node id="5739" visible="true" version="1" lat="-0.00047511684" lon="0.00041123886" />
  <node id="5740" visible="true" version="1" lat="-0.00047516205" lon="0.00041123886" />
  <node id="5741" visible="true" version="1" lat="-0.00047520727" lon="0.00041123975" />
  <node id="5742" visible="true" version="1" lat="-0.00047574989" lon="0.00041124694" />
  <node id="5743" visible="true" version="1" lat="-0.00047629523" lon="0.00041125413" />
  <node id="5744" visible="true" version="1" lat="-0.00048404477" lon="0.00041135474" />
  <node id="5745" visible="true" version="1" lat="-0.00056599331" lon="0.00039643282" />
  <node id="5746" visible="true" version="1" lat="-0.00060192481" lon="0.00037067004" />
  <node id="5747" visible="true" version="1" lat="-0.00062860733" lon="0.00033635709" />
  <node id="5748" visible="true" version="1" lat="-0.00064409465" lon="0.00029479743" />
  <node id="5749" visible="true" version="1" lat="-0.00064695337" lon="0.00026622023" />
  <node id="5750" visible="true" version="1" lat="-0.00064695156" lon="0.00026478292" />
  <node id="5751" visible="true" version="1" lat="-0.00064694975" lon="0.00026334562" />
  <node id="5752" visible="true" version="1" lat="-0.00064692533" lon="0.00024430133" />
  <node id="5753" visible="true" version="1" lat="-0.00064692443" lon="0.00024403184" />
  <node id="5754" visible="true" version="1" lat="-0.00064692443" lon="0.00024389709" />
  <node id="5755" visible="true" version="1" lat="-0.00047553194" lon="0.00037980052" />
  <node id="5756" visible="true" version="1" lat="-0.00047557716" lon="0.00037980052" />
  <node id="5757" visible="true" version="1" lat="-0.00047562238" lon="0.00037980141" />
  <node id="5758" visible="true" version="1" lat="-0.000476165" lon="0.0003798086" />
  <node id="5759" visible="true" version="1" lat="-0.00047671033" lon="0.00037981579" />
  <node id="5760" visible="true" version="1" lat="-0.00048445897" lon="0.0003799164" />
  <node id="5761" visible="true" version="1" lat="-0.0005189471" lon="0.00037884022" />
  <node id="5762" visible="true" version="1" lat="-0.0005517097" lon="0.00036837484" />
  <node id="5763" visible="true" version="1" lat="-0.00057961402" lon="0.00034836757" />
  <node id="5764" visible="true" version="1" lat="-0.00060097794" lon="0.00032101656" />
  <node id="5765" visible="true" version="1" lat="-0.00061306845" lon="0.00028857121" />
  <node id="5766" visible="true" version="1" lat="-0.00061530043" lon="0.00026626065" />
  <node id="5767" visible="true" version="1" lat="-0.00061529863" lon="0.00026482335" />
  <node id="5768" visible="true" version="1" lat="-0.00061529682" lon="0.00026338604" />
  <node id="5769" visible="true" version="1" lat="-0.0006152724" lon="0.00024434176" />
  <node id="5770" visible="true" version="1" lat="-0.0006152715" lon="0.00024407226" />
  <node id="5771" visible="true" version="1" lat="-0.0006152715" lon="0.00024393752" />
  <node id="5772" visible="true" version="1" lat="-0.00047507162" lon="0.00041123796" />
  <node id="5773" visible="true" version="1" lat="-0.00047511684" lon="0.00041123886" />
  <node id="5774" visible="true" version="1" lat="-0.00047516205" lon="0.00041123886" />
  <node id="5775" visible="true" version="1" lat="-0.00047520727" lon="0.00041123975" />
  <node id="5776" visible="true" version="1" lat="-0.00048079628" lon="0.00041131252" />
  <node id="5777" visible="true" version="1" lat="-0.00050237363" lon="0.00041183624" />
  <node id="5778" visible="true" version="1" lat="-0.00052767698" lon="0.00041799059" />
  <node id="5779" visible="true" version="1" lat="-0.00054997059" lon="0.00043137459" />
  <node id="5780" visible="true" version="1" lat="-0.00056115312" lon="0.00044250472" />
  <node id="5781" visible="true" version="1" lat="-0.0005759477" lon="0.00046631277" />
  <node id="5782" visible="true" version="1" lat="-0.000583274" lon="0.0004933278" />
  <node id="5783" visible="true" version="1" lat="-0.0005839568" lon="0.00050651058" />
  <node id="5784" visible="true" version="1" lat="-0.00058396222" lon="0.00051091233" />
  <node id="5785" visible="true" version="1" lat="-0.00058396765" lon="0.00051531407" />
  <node id="5786" visible="true" version="1" lat="-0.00058397036" lon="0.00051697595" />
  <node id="5787" visible="true" version="1" lat="-0.00058397217" lon="0.00051863784" />
  <node id="5788" visible="true" version="1" lat="-0.00058397308" lon="0.00051895225" />
  <node id="5789" visible="true" version="1" lat="-0.00058397308" lon="0.00051926666" />
  <node id="5790" visible="true" version="1" lat="-0.00058397488" lon="0.00052038955" />
  <node id="5791" visible="true" version="1" lat="-0.00047548672" lon="0.00037979962" />
  <node id="5792" visible="true" version="1" lat="-0.00047553194" lon="0.00037980052" />
  <node id="5793" visible="true" version="1" lat="-0.00047557716" lon="0.00037980052" />
  <node id="5794" visible="true" version="1" lat="-0.00047562238" lon="0.00037980141" />
  <node id="5795" visible="true" version="1" lat="-0.00048121048" lon="0.00037987418" />
  <node id="5796" visible="true" version="1" lat="-0.00050516813" lon="0.00038051737" />
  <node id="5797" visible="true" version="1" lat="-0.00053976569" lon="0.00038893279" />
  <node id="5798" visible="true" version="1" lat="-0.00057025108" lon="0.00040723417" />
  <node id="5799" visible="true" version="1" lat="-0.0005854056" lon="0.00042229981" />
  <node id="5800" visible="true" version="1" lat="-0.00060500148" lon="0.00045383607" />
  <node id="5801" visible="true" version="1" lat="-0.00061470626" lon="0.00048962046" />
  <node id="5802" visible="true" version="1" lat="-0.00061560973" lon="0.00050647016" />
  <node id="5803" visible="true" version="1" lat="-0.00061561516" lon="0.0005108719" />
  <node id="5804" visible="true" version="1" lat="-0.00061562058" lon="0.00051527365" />
  <node id="5805" visible="true" version="1" lat="-0.00061562329" lon="0.00051693553" />
  <node id="5806" visible="true" version="1" lat="-0.0006156251" lon="0.00051859741" />
  <node id="5807" visible="true" version="1" lat="-0.00061562601" lon="0.00051891182" />
  <node id="5808" visible="true" version="1" lat="-0.00061562601" lon="0.00051922623" />
  <node id="5809" visible="true" version="1" lat="-0.00061562782" lon="0.00052034913" />
  <node id="5810" visible="true" version="1" lat="-0.00064728075" lon="0.0005203087" />
  <node id="5811" visible="true" version="1" lat="-0.00064727894" lon="0.00051918581" />
  <node id="5812" visible="true" version="1" lat="-0.00064727894" lon="0.0005188714" />
  <node id="5813" visible="true" version="1" lat="-0.00064727804" lon="0.0005185534" />
  <node id="5814" visible="true" version="1" lat="-0.00064721654" lon="0.00047047466" />
  <node id="5815" visible="true" version="1" lat="-0.00064580663" lon="0.000452591" />
  <node id="5816" visible="true" version="1" lat="-0.00063219767" lon="0.00041371551" />
  <node id="5817" visible="true" version="1" lat="-0.00060574487" lon="0.00038203552" />
  <node id="5818" visible="true" version="1" lat="-0.00059918005" lon="0.00037687111" />
  <node id="5819" visible="true" version="1" lat="-0.00055989514" lon="0.00035636706" />
  <node id="5820" visible="true" version="1" lat="-0.00047590183" lon="0.00034836128" />
  <node id="5821" visible="true" version="1" lat="-0.00061562782" lon="0.00052034913" />
  <node id="5822" visible="true" version="1" lat="-0.00061562601" lon="0.00051922623" />
  <node id="5823" visible="true" version="1" lat="-0.00061562601" lon="0.00051891182" />
  <node id="5824" visible="true" version="1" lat="-0.0006156251" lon="0.00051859382" />
  <node id="5825" visible="true" version="1" lat="-0.00061556361" lon="0.00047051509" />
  <node id="5826" visible="true" version="1" lat="-0.00061453715" lon="0.00045746796" />
  <node id="5827" visible="true" version="1" lat="-0.00060462707" lon="0.00042916114" />
  <node id="5828" visible="true" version="1" lat="-0.00058536581" lon="0.00040609331" />
  <node id="5829" visible="true" version="1" lat="-0.00058026697" lon="0.00040208233" />
  <node id="5830" visible="true" version="1" lat="-0.00061530767" lon="0.00027174037" />
  <node id="5831" visible="true" version="1" lat="-0.0006154587" lon="0.00038910527" />
  <node id="5832" visible="true" version="1" lat="-0.00061560973" lon="0.00050647016" />
  <node id="5833" visible="true" version="1" lat="-0.00061561516" lon="0.0005108719" />
  <node id="5834" visible="true" version="1" lat="-0.00061562601" lon="0.00051922623" />
  <node id="5835" visible="true" version="1" lat="-0.00072989219" lon="0.00051845189" />
  <node id="5836" visible="true" version="1" lat="-0.00072989038" lon="0.00051679" />
  <node id="5837" visible="true" version="1" lat="-0.00072988767" lon="0.00051512812" />
  <node id="5838" visible="true" version="1" lat="-0.00072988224" lon="0.00051072638" />
  <node id="5839" visible="true" version="1" lat="-0.00072987681" lon="0.00050632463" />
  <node id="5840" visible="true" version="1" lat="-0.00072972578" lon="0.00038895974" />
  <node id="5841" visible="true" version="1" lat="-0.00072957475" lon="0.00027159485" />
  <node id="5842" visible="true" version="1" lat="-0.00072957114" lon="0.00026885498" />
  <node id="5843" visible="true" version="1" lat="-0.00072956752" lon="0.00026611512" />
  <node id="5844" visible="true" version="1" lat="-0.00072956571" lon="0.00026467872" />
  <node id="5845" visible="true" version="1" lat="-0.0007295639" lon="0.00026324141" />
  <node id="5846" visible="true" version="1" lat="-0.00072955124" lon="0.00025358452" />
  <node id="5847" visible="true" version="1" lat="-0.00072953858" lon="0.00024392763" />
  <node id="5848" visible="true" version="1" lat="-0.00072953858" lon="0.00024379289" />
  <node id="5849" visible="true" version="1" lat="-0.00067563273" lon="0.00052027277" />
  <node id="5850" visible="true" version="1" lat="-0.00067530173" lon="0.00026330968" />
  <node id="5851" visible="true" version="1" lat="-0.00067528907" lon="0.0002536528" />
  <node id="5852" visible="true" version="1" lat="-0.00067527641" lon="0.00024399591" />
  <node id="5853" visible="true" version="1" lat="-0.00067527641" lon="0.00024386116" />
  <node id="5854" visible="true" version="1" lat="-0.00064711163" lon="0.00038906484" />
  <node id="5855" visible="true" version="1" lat="-0.0006469606" lon="0.00027169995" />
  <node id="5856" visible="true" version="1" lat="-0.00064695698" lon="0.00026896009" />
  <node id="5857" visible="true" version="1" lat="-0.00064695337" lon="0.00026622023" />
  <node id="5858" visible="true" version="1" lat="-0.00064692443" lon="0.00024389709" />
  <node id="5859" visible="true" version="1" lat="-0.00061562782" lon="0.00052034913" />
  <node id="5860" visible="true" version="1" lat="-0.00061562058" lon="0.00051527365" />
  <node id="5861" visible="true" version="1" lat="-0.00061561516" lon="0.0005108719" />
  <node id="5862" visible="true" version="1" lat="-0.00061560973" lon="0.00050647016" />
  <node id="5863" visible="true" version="1" lat="-0.00061821832" lon="0.00038726552" />
  <node id="5864" visible="true" version="1" lat="-0.00061530767" lon="0.00027174037" />
  <node id="5865" visible="true" version="1" lat="-0.00061530405" lon="0.00026900051" />
  <node id="5866" visible="true" version="1" lat="-0.00061530043" lon="0.00026626065" />
  <node id="5867" visible="true" version="1" lat="-0.00061529863" lon="0.00026482335" />
  <node id="5868" visible="true" version="1" lat="-0.00061529682" lon="0.00026338604" />
  <node id="5869" visible="true" version="1" lat="-0.00061528416" lon="0.00025372915" />
  <node id="5870" visible="true" version="1" lat="-0.0006152715" lon="0.00024407226" />
  <node id="5871" visible="true" version="1" lat="-0.0006152715" lon="0.00024393752" />
  <node id="5872" visible="true" version="1" lat="0.00039288975" lon="-0.00048412097" />
  <node id="5873" visible="true" version="1" lat="0.00039334194" lon="-0.00048411738" />
  <node id="5874" visible="true" version="1" lat="0.00039365847" lon="-0.00048411558" />
  <node id="5875" visible="true" version="1" lat="0.000393975" lon="-0.00048411289" />
  <node id="5876" visible="true" version="1" lat="0.00039542108" lon="-0.00048410211" />
  <node id="5877" visible="true" version="1" lat="0.00039686808" lon="-0.00048409133" />
  <node id="5878" visible="true" version="1" lat="0.00040111861" lon="-0.00048405989" />
  <node id="5879" visible="true" version="1" lat="0.00040536915" lon="-0.00048402755" />
  <node id="5880" visible="true" version="1" lat="0.00040735876" lon="-0.00048401317" />
  <node id="5881" visible="true" version="1" lat="0.00040934837" lon="-0.0004839979" />
  <node id="5882" visible="true" version="1" lat="0.00041310151" lon="-0.00048397005" />
  <node id="5883" visible="true" version="1" lat="0.00041685464" lon="-0.00048394131" />
  <node id="5884" visible="true" version="1" lat="0.00043969449" lon="-0.00048481986" />
  <node id="5885" visible="true" version="1" lat="0.00046266819" lon="-0.00049230103" />
  <node id="5886" visible="true" version="1" lat="0.00048215645" lon="-0.00050651328" />
  <node id="5887" visible="true" version="1" lat="0.0004910473" lon="-0.0005170065" />
  <node id="5888" visible="true" version="1" lat="0.00050438675" lon="-0.00054214495" />
  <node id="5889" visible="true" version="1" lat="0.00051039991" lon="-0.00059766892" />
  <node id="5890" visible="true" version="1" lat="0.00051040081" lon="-0.00059776504" />
  <node id="5891" visible="true" version="1" lat="0.00051040171" lon="-0.00059785487" />
  <node id="5892" visible="true" version="1" lat="0.00051043156" lon="-0.00060063875" />
  <node id="5893" visible="true" version="1" lat="0.0003926501" lon="-0.00045268083" />
  <node id="5894" visible="true" version="1" lat="0.00039310228" lon="-0.00045267724" />
  <node id="5895" visible="true" version="1" lat="0.00039341881" lon="-0.00045267544" />
  <node id="5896" visible="true" version="1" lat="0.00039373534" lon="-0.00045267275" />
  <node id="5897" visible="true" version="1" lat="0.00039518233" lon="-0.00045266197" />
  <node id="5898" visible="true" version="1" lat="0.00039662932" lon="-0.00045265119" />
  <node id="5899" visible="true" version="1" lat="0.00040087986" lon="-0.00045261975" />
  <node id="5900" visible="true" version="1" lat="0.00040513039" lon="-0.00045258741" />
  <node id="5901" visible="true" version="1" lat="0.00040712001" lon="-0.00045257304" />
  <node id="5902" visible="true" version="1" lat="0.00040910962" lon="-0.00045255777" />
  <node id="5903" visible="true" version="1" lat="0.00041286275" lon="-0.00045252992" />
  <node id="5904" visible="true" version="1" lat="0.00041661589" lon="-0.00045250117" />
  <node id="5905" visible="true" version="1" lat="0.00042097314" lon="-0.00045246883" />
  <node id="5906" visible="true" version="1" lat="0.00044469385" lon="-0.00045377319" />
  <node id="5907" visible="true" version="1" lat="0.00047714534" lon="-0.00046434187" />
  <node id="5908" visible="true" version="1" lat="0.00050467434" lon="-0.00048441652" />
  <node id="5909" visible="true" version="1" lat="0.0005166491" lon="-0.00049851737" />
  <node id="5910" visible="true" version="1" lat="0.00053421195" lon="-0.0005316149" />
  <node id="5911" visible="true" version="1" lat="0.00054161964" lon="-0.0005682985" />
  <node id="5912" visible="true" version="1" lat="0.00054205193" lon="-0.00059743716" />
  <node id="5913" visible="true" version="1" lat="0.00054205284" lon="-0.00059752699" />
  <node id="5914" visible="true" version="1" lat="0.00054208268" lon="-0.00060031177" />
  <node id="5915" visible="true" version="1" lat="-0.00007282345" lon="-0.0007969449" />
  <node id="5916" visible="true" version="1" lat="-0.00007282164" lon="-0.00079770846" />
  <node id="5917" visible="true" version="1" lat="-0.00007281983" lon="-0.00079811271" />
  <node id="5918" visible="true" version="1" lat="-0.00007281893" lon="-0.00079851695" />
  <node id="5919" visible="true" version="1" lat="-0.00007281079" lon="-0.00080140862" />
  <node id="5920" visible="true" version="1" lat="-0.00007235589" lon="-0.00081005581" />
  <node id="5921" visible="true" version="1" lat="-0.00006435131" lon="-0.0008385863" />
  <node id="5922" visible="true" version="1" lat="-0.00004722617" lon="-0.00086283183" />
  <node id="5923" visible="true" version="1" lat="-0.00004026434" lon="-0.00086907063" />
  <node id="5924" visible="true" version="1" lat="0.00001154479" lon="-0.00088925488" />
  <node id="5925" visible="true" version="1" lat="0.0000190654" lon="-0.00088965732" />
  <node id="5926" visible="true" version="1" lat="0.00043256537" lon="-0.00060712176" />
  <node id="5927" visible="true" version="1" lat="0.00043269196" lon="-0.00063473251" />
  <node id="5928" visible="true" version="1" lat="0.00043125039" lon="-0.00065873729" />
  <node id="5929" visible="true" version="1" lat="0.00042416737" lon="-0.00068984326" />
  <node id="5930" visible="true" version="1" lat="0.00039345227" lon="-0.00074554509" />
  <node id="5931" visible="true" version="1" lat="0.00037087831" lon="-0.00076822306" />
  <node id="5932" visible="true" version="1" lat="0.00036221354" lon="-0.00077515267" />
  <node id="5933" visible="true" version="1" lat="0.00032511359" lon="-0.0007991278" />
  <node id="5934" visible="true" version="1" lat="0.00028461412" lon="-0.00081686144" />
  <node id="5935" visible="true" version="1" lat="0.00024176961" lon="-0.00082789186" />
  <node id="5936" visible="true" version="1" lat="0.00019769698" lon="-0.00083193158" />
  <node id="5937" visible="true" version="1" lat="0.00001893288" lon="-0.00083392135" />
  <node id="5938" visible="true" version="1" lat="0.00048663127" lon="-0.00060367057" />
  <node id="5939" visible="true" version="1" lat="0.00048660233" lon="-0.00060088579" />
  <node id="5940" visible="true" version="1" lat="0.00048657339" lon="-0.00059810101" />
  <node id="5941" visible="true" version="1" lat="0.00048657248" lon="-0.00059801118" />
  <node id="5942" visible="true" version="1" lat="0.00048657158" lon="-0.00059792135" />
  <node id="5943" visible="true" version="1" lat="0.00048652546" lon="-0.0005935196" />
  <node id="5944" visible="true" version="1" lat="0.00048647933" lon="-0.00058911876" />
  <node id="5945" visible="true" version="1" lat="0.00048646667" lon="-0.00058790603" />
  <node id="5946" visible="true" version="1" lat="0.00048645311" lon="-0.00058669331" />
  <node id="5947" visible="true" version="1" lat="0.0004864513" lon="-0.00058651364" />
  <node id="5948" visible="true" version="1" lat="0.00048644949" lon="-0.00058633398" />
  <node id="5949" visible="true" version="1" lat="0.00048643502" lon="-0.00058489667" />
  <node id="5950" visible="true" version="1" lat="0.00048641965" lon="-0.00058345937" />
  <node id="5951" visible="true" version="1" lat="0.00048640156" lon="-0.00058170766" />
  <node id="5952" visible="true" version="1" lat="0.00048638257" lon="-0.00057995594" />
  <node id="5953" visible="true" version="1" lat="0.00048603348" lon="-0.00056825628" />
  <node id="5954" visible="true" version="1" lat="0.00047879129" lon="-0.00054390655" />
  <node id="5955" visible="true" version="1" lat="0.00046232362" lon="-0.00052368008" />
  <node id="5956" visible="true" version="1" lat="0.00043932008" lon="-0.00051103629" />
  <node id="5957" visible="true" version="1" lat="0.00041703732" lon="-0.00050761192" />
  <node id="5958" visible="true" version="1" lat="0.00041328148" lon="-0.00050763976" />
  <node id="5959" visible="true" version="1" lat="0.00040952834" lon="-0.00050766761" />
  <node id="5960" visible="true" version="1" lat="0.00040753873" lon="-0.00050768288" />
  <node id="5961" visible="true" version="1" lat="0.00040554912" lon="-0.00050769726" />
  <node id="5962" visible="true" version="1" lat="0.00040129858" lon="-0.0005077296" />
  <node id="5963" visible="true" version="1" lat="0.00039704804" lon="-0.00050776104" />
  <node id="5964" visible="true" version="1" lat="0.00039560105" lon="-0.00050777182" />
  <node id="5965" visible="true" version="1" lat="0.00039415406" lon="-0.0005077826" />
  <node id="5966" visible="true" version="1" lat="0.00039383753" lon="-0.00050778529" />
  <node id="5967" visible="true" version="1" lat="0.000393521" lon="-0.00050778799" />
  <node id="5968" visible="true" version="1" lat="0.00039306882" lon="-0.00050779068" />
  <node id="5969" visible="true" version="1" lat="-0.00001856128" lon="-0.00079679488" />
  <node id="5970" visible="true" version="1" lat="-0.00001855947" lon="-0.00079755845" />
  <node id="5971" visible="true" version="1" lat="-0.00001855857" lon="-0.00079796269" />
  <node id="5972" visible="true" version="1" lat="-0.00001855676" lon="-0.00079836693" />
  <node id="5973" visible="true" version="1" lat="-0.00001854952" lon="-0.0008012595" />
  <node id="5974" visible="true" version="1" lat="-0.00001837407" lon="-0.00080458058" />
  <node id="5975" visible="true" version="1" lat="-0.00001529922" lon="-0.00081554182" />
  <node id="5976" visible="true" version="1" lat="-0.00000871993" lon="-0.00082485645" />
  <node id="5977" visible="true" version="1" lat="-0.00000618408" lon="-0.00082712919" />
  <node id="5978" visible="true" version="1" lat="0.00000315444" lon="-0.00083227564" />
  <node id="5979" visible="true" version="1" lat="0.00001369668" lon="-0.00083397974" />
  <node id="5980" visible="true" version="1" lat="0.0000189176" lon="-0.00083392225" />
  <node id="5981" visible="true" version="1" lat="0.00043237272" lon="-0.00060423201" />
  <node id="5982" visible="true" version="1" lat="0.00043234287" lon="-0.00060144724" />
  <node id="5983" visible="true" version="1" lat="0.00043231393" lon="-0.00059866246" />
  <node id="5984" visible="true" version="1" lat="0.00043231303" lon="-0.00059857263" />
  <node id="5985" visible="true" version="1" lat="0.00043231212" lon="-0.0005984828" />
  <node id="5986" visible="true" version="1" lat="0.000432266" lon="-0.00059408105" />
  <node id="5987" visible="true" version="1" lat="0.00043221988" lon="-0.00058967931" />
  <node id="5988" visible="true" version="1" lat="0.00043220722" lon="-0.00058846748" />
  <node id="5989" visible="true" version="1" lat="0.00043219456" lon="-0.00058725475" />
  <node id="5990" visible="true" version="1" lat="0.00043219275" lon="-0.00058707509" />
  <node id="5991" visible="true" version="1" lat="0.00043219094" lon="-0.00058689543" />
  <node id="5992" visible="true" version="1" lat="0.00043217556" lon="-0.00058545812" />
  <node id="5993" visible="true" version="1" lat="0.00043216019" lon="-0.00058402082" />
  <node id="5994" visible="true" version="1" lat="0.0004321421" lon="-0.0005822691" />
  <node id="5995" visible="true" version="1" lat="0.00043212401" lon="-0.00058051739" />
  <node id="5996" visible="true" version="1" lat="0.00043200645" lon="-0.00057326978" />
  <node id="5997" visible="true" version="1" lat="0.00043069602" lon="-0.00056886265" />
  <node id="5998" visible="true" version="1" lat="0.00042757594" lon="-0.00056507894" />
  <node id="5999" visible="true" version="1" lat="0.00042246535" lon="-0.00056226901" />
  <node id="6000" visible="true" version="1" lat="0.000417447" lon="-0.00056150904" />
  <node id="6001" visible="true" version="1" lat="0.00041369025" lon="-0.00056153688" />
  <node id="6002" visible="true" version="1" lat="0.00040993802" lon="-0.00056156473" />
  <node id="6003" visible="true" version="1" lat="0.00040794841" lon="-0.00056158" />
  <node id="6004" visible="true" version="1" lat="0.0004059588" lon="-0.00056159527" />
  <node id="6005" visible="true" version="1" lat="0.00040170826" lon="-0.00056162672" />
  <node id="6006" visible="true" version="1" lat="0.00039745772" lon="-0.00056165905" />
  <node id="6007" visible="true" version="1" lat="0.00039601073" lon="-0.00056166983" />
  <node id="6008" visible="true" version="1" lat="0.00039456374" lon="-0.00056168061" />
  <node id="6009" visible="true" version="1" lat="0.00039424721" lon="-0.00056168241" />
  <node id="6010" visible="true" version="1" lat="0.00039393068" lon="-0.00056168511" />
  <node id="6011" visible="true" version="1" lat="0.00039317748" lon="-0.00056170074" />
  <node id="6012" visible="true" version="1" lat="0.00060538493" lon="-0.00059965689" />
  <node id="6013" visible="true" version="1" lat="0.00060535599" lon="-0.00059687212" />
  <node id="6014" visible="true" version="1" lat="0.00060535508" lon="-0.00059678228" />
  <node id="6015" visible="true" version="1" lat="0.00060535418" lon="-0.00059669245" />
  <node id="6016" visible="true" version="1" lat="0.00060530806" lon="-0.00059229071" />
  <node id="6017" visible="true" version="1" lat="0.00060526103" lon="-0.00058788267" />
  <node id="6018" visible="true" version="1" lat="0.00060489476" lon="-0.00055293731" />
  <node id="6019" visible="true" version="1" lat="0.00060090739" lon="-0.00051748979" />
  <node id="6020" visible="true" version="1" lat="0.00058423896" lon="-0.00047411464" />
  <node id="6021" visible="true" version="1" lat="0.0005558924" lon="-0.00043720017" />
  <node id="6022" visible="true" version="1" lat="0.00052860125" lon="-0.00041565677" />
  <node id="6023" visible="true" version="1" lat="0.0004855831" lon="-0.0003962307" />
  <node id="6024" visible="true" version="1" lat="0.00043882178" lon="-0.0003894619" />
  <node id="6025" visible="true" version="1" lat="0.00039325783" lon="-0.00038979248" />
  <node id="6026" visible="true" version="1" lat="0.0003929413" lon="-0.00038979517" />
  <node id="6027" visible="true" version="1" lat="0.00039262477" lon="-0.00038979697" />
  <node id="6028" visible="true" version="1" lat="0.00039217259" lon="-0.00038980056" />
  <node id="6029" visible="true" version="1" lat="0.00057327387" lon="-0.00059998388" />
  <node id="6030" visible="true" version="1" lat="0.00057370487" lon="-0.0005972" />
  <node id="6031" visible="true" version="1" lat="0.00057370306" lon="-0.00059711017" />
  <node id="6032" visible="true" version="1" lat="0.00057370215" lon="-0.00059702034" />
  <node id="6033" visible="true" version="1" lat="0.00057365603" lon="-0.00059261859" />
  <node id="6034" visible="true" version="1" lat="0.00057360991" lon="-0.00058820966" />
  <node id="6035" visible="true" version="1" lat="0.00057324364" lon="-0.0005532652" />
  <node id="6036" visible="true" version="1" lat="0.00057002499" lon="-0.00052438706" />
  <node id="6037" visible="true" version="1" lat="0.00055658515" lon="-0.00048941205" />
  <node id="6038" visible="true" version="1" lat="0.00053372812" lon="-0.00045964727" />
  <node id="6039" visible="true" version="1" lat="0.00051158282" lon="-0.00044216605" />
  <node id="6040" visible="true" version="1" lat="0.0004766624" lon="-0.00042639703" />
  <node id="6041" visible="true" version="1" lat="0.00043870421" lon="-0.00042090293" />
  <node id="6042" visible="true" version="1" lat="0.00039349659" lon="-0.00042123261" />
  <node id="6043" visible="true" version="1" lat="0.00039318006" lon="-0.00042123531" />
  <node id="6044" visible="true" version="1" lat="0.00039286353" lon="-0.0004212371" />
  <node id="6045" visible="true" version="1" lat="0.00039241134" lon="-0.0004212407" />
  <node id="6046" visible="true" version="1" lat="0.00063703605" lon="-0.00059932901" />
  <node id="6047" visible="true" version="1" lat="0.00063700711" lon="-0.00059654423" />
  <node id="6048" visible="true" version="1" lat="0.00063700621" lon="-0.0005964544" />
  <node id="6049" visible="true" version="1" lat="0.0006370053" lon="-0.00059636547" />
  <node id="6050" visible="true" version="1" lat="0.00063695918" lon="-0.00059196372" />
  <node id="6051" visible="true" version="1" lat="0.00063691306" lon="-0.00058756198" />
  <node id="6052" visible="true" version="1" lat="0.0006369004" lon="-0.00058634925" />
  <node id="6053" visible="true" version="1" lat="0.00063688683" lon="-0.00058513114" />
  <node id="6054" visible="true" version="1" lat="0.0006365296" lon="-0.00055102121" />
  <node id="6055" visible="true" version="1" lat="0.00063006879" lon="-0.00050885878" />
  <node id="6056" visible="true" version="1" lat="0.00061059771" lon="-0.00046789919" />
  <node id="6057" visible="true" version="1" lat="0.00057984915" lon="-0.00043444953" />
  <node id="6058" visible="true" version="1" lat="0.00057535624" lon="-0.00043096586" />
  <node id="6059" visible="true" version="1" lat="0.00055238526" lon="-0.0004160673" />
  <node id="6060" visible="true" version="1" lat="0.00050467344" lon="-0.00039663944" />
  <node id="6061" visible="true" version="1" lat="0.00045362449" lon="-0.000389408" />
  <node id="6062" visible="true" version="1" lat="0.00044829505" lon="-0.00038938015" />
  <node id="6063" visible="true" version="1" lat="0.00060538493" lon="-0.00059965689" />
  <node id="6064" visible="true" version="1" lat="0.00060535599" lon="-0.00059687212" />
  <node id="6065" visible="true" version="1" lat="0.00060535508" lon="-0.00059678228" />
  <node id="6066" visible="true" version="1" lat="0.00060535418" lon="-0.00059669245" />
  <node id="6067" visible="true" version="1" lat="0.00060530806" lon="-0.00059229071" />
  <node id="6068" visible="true" version="1" lat="0.00060526103" lon="-0.00058788986" />
  <node id="6069" visible="true" version="1" lat="0.00060524837" lon="-0.00058667714" />
  <node id="6070" visible="true" version="1" lat="0.00060523571" lon="-0.00058545812" />
  <node id="6071" visible="true" version="1" lat="0.00060487848" lon="-0.00055134909" />
  <node id="6072" visible="true" version="1" lat="0.00059975251" lon="-0.00051790032" />
  <node id="6073" visible="true" version="1" lat="0.00058430679" lon="-0.00048540646" />
  <node id="6074" visible="true" version="1" lat="0.00055991323" lon="-0.00045887023" />
  <node id="6075" visible="true" version="1" lat="0.00055634911" lon="-0.00045610701" />
  <node id="6076" visible="true" version="1" lat="0.00053685724" lon="-0.00044346502" />
  <node id="6077" visible="true" version="1" lat="0.00049637223" lon="-0.00042698003" />
  <node id="6078" visible="true" version="1" lat="0.00045305565" lon="-0.00042084364" />
  <node id="6079" visible="true" version="1" lat="0.0004485347" lon="-0.00042082029" />
  <node id="6080" visible="true" version="1" lat="0.00063703605" lon="-0.00059932901" />
  <node id="6081" visible="true" version="1" lat="0.00063700711" lon="-0.00059654423" />
  <node id="6082" visible="true" version="1" lat="0.00063700621" lon="-0.0005964544" />
  <node id="6083" visible="true" version="1" lat="0.0006370053" lon="-0.00059636547" />
  <node id="6084" visible="true" version="1" lat="0.00063695918" lon="-0.00059196372" />
  <node id="6085" visible="true" version="1" lat="0.00063691306" lon="-0.00058756198" />
  <node id="6086" visible="true" version="1" lat="0.0006369004" lon="-0.00058634925" />
  <node id="6087" visible="true" version="1" lat="0.00063688683" lon="-0.00058513652" />
  <node id="6088" visible="true" version="1" lat="0.00063688502" lon="-0.00058495686" />
  <node id="6089" visible="true" version="1" lat="0.00063688321" lon="-0.0005847772" />
  <node id="6090" visible="true" version="1" lat="0.00063686874" lon="-0.00058333989" />
  <node id="6091" visible="true" version="1" lat="0.00063685337" lon="-0.00058190259" />
  <node id="6092" visible="true" version="1" lat="0.00063683528" lon="-0.00058015088" />
  <node id="6093" visible="true" version="1" lat="0.00063681629" lon="-0.00057840006" />
  <node id="6094" visible="true" version="1" lat="0.0006335072" lon="-0.00026274914" />
  <node id="6095" visible="true" version="1" lat="0.00063343395" lon="-0.00025583211" />
  <node id="6096" visible="true" version="1" lat="0.00063343033" lon="-0.00025547278" />
  <node id="6097" visible="true" version="1" lat="0.00063342671" lon="-0.00025511346" />
  <node id="6098" visible="true" version="1" lat="0.00063341043" lon="-0.00025358632" />
  <node id="6099" visible="true" version="1" lat="0.00063339506" lon="-0.00025205918" />
  <node id="6100" visible="true" version="1" lat="0.00063337878" lon="-0.00025053205" />
  <node id="6101" visible="true" version="1" lat="0.00063337064" lon="-0.00024972356" />
  <node id="6102" visible="true" version="1" lat="0.00063336974" lon="-0.00024967865" />
  <node id="6103" visible="true" version="1" lat="0.00063336974" lon="-0.00024963373" />
  <node id="6104" visible="true" version="1" lat="0.00063336702" lon="-0.00024945407" />
  <node id="6105" visible="true" version="1" lat="0.00063336431" lon="-0.00024918457" />
  <node id="6106" visible="true" version="1" lat="0.00063336341" lon="-0.00024904983" />
  <node id="6107" visible="true" version="1" lat="0.00060538493" lon="-0.00059965689" />
  <node id="6108" visible="true" version="1" lat="0.00060535599" lon="-0.00059687212" />
  <node id="6109" visible="true" version="1" lat="0.00060535508" lon="-0.00059678228" />
  <node id="6110" visible="true" version="1" lat="0.00060535418" lon="-0.00059669245" />
  <node id="6111" visible="true" version="1" lat="0.00060530806" lon="-0.00059229071" />
  <node id="6112" visible="true" version="1" lat="0.00060526103" lon="-0.00058788986" />
  <node id="6113" visible="true" version="1" lat="0.00060524837" lon="-0.00058667714" />
  <node id="6114" visible="true" version="1" lat="0.00060523571" lon="-0.00058546441" />
  <node id="6115" visible="true" version="1" lat="0.0006052339" lon="-0.00058528475" />
  <node id="6116" visible="true" version="1" lat="0.00060523209" lon="-0.00058510508" />
  <node id="6117" visible="true" version="1" lat="0.00060521762" lon="-0.00058366778" />
  <node id="6118" visible="true" version="1" lat="0.00060520225" lon="-0.00058223048" />
  <node id="6119" visible="true" version="1" lat="0.00060518416" lon="-0.00058047876" />
  <node id="6120" visible="true" version="1" lat="0.00060516517" lon="-0.00057872705" />
  <node id="6121" visible="true" version="1" lat="0.00060185517" lon="-0.00026307612" />
  <node id="6122" visible="true" version="1" lat="0.00060178282" lon="-0.00025615999" />
  <node id="6123" visible="true" version="1" lat="0.00060177921" lon="-0.00025580067" />
  <node id="6124" visible="true" version="1" lat="0.00060177559" lon="-0.00025544134" />
  <node id="6125" visible="true" version="1" lat="0.00060175931" lon="-0.0002539142" />
  <node id="6126" visible="true" version="1" lat="0.00060174394" lon="-0.00025238707" />
  <node id="6127" visible="true" version="1" lat="0.00060172766" lon="-0.00025085993" />
  <node id="6128" visible="true" version="1" lat="0.00060171861" lon="-0.00025005145" />
  <node id="6129" visible="true" version="1" lat="0.00060171861" lon="-0.00025000653" />
  <node id="6130" visible="true" version="1" lat="0.00060171771" lon="-0.00024996162" />
  <node id="6131" visible="true" version="1" lat="0.0006017159" lon="-0.00024978195" />
  <node id="6132" visible="true" version="1" lat="0.00060171319" lon="-0.00024951246" />
  <node id="6133" visible="true" version="1" lat="0.00060171228" lon="-0.00024937771" />
  <node id="6134" visible="true" version="1" lat="0.00050675801" lon="-0.00025036047" />
  <node id="6135" visible="true" version="1" lat="0.00050675982" lon="-0.00025049522" />
  <node id="6136" visible="true" version="1" lat="0.00050676253" lon="-0.0002507198" />
  <node id="6137" visible="true" version="1" lat="0.00050676434" lon="-0.00025094437" />
  <node id="6138" visible="true" version="1" lat="0.00050676525" lon="-0.00025098929" />
  <node id="6139" visible="true" version="1" lat="0.00050676525" lon="-0.00025103421" />
  <node id="6140" visible="true" version="1" lat="0.00050677791" lon="-0.00025220112" />
  <node id="6141" visible="true" version="1" lat="0.00050678966" lon="-0.00025336893" />
  <node id="6142" visible="true" version="1" lat="0.00050680594" lon="-0.00025489606" />
  <node id="6143" visible="true" version="1" lat="0.00050682222" lon="-0.0002564232" />
  <node id="6144" visible="true" version="1" lat="0.00050682584" lon="-0.00025678253" />
  <node id="6145" visible="true" version="1" lat="0.00050682946" lon="-0.00025714185" />
  <node id="6146" visible="true" version="1" lat="0.00050852063" lon="-0.00041842538" />
  <node id="6147" visible="true" version="1" lat="0.0005102118" lon="-0.0005797098" />
  <node id="6148" visible="true" version="1" lat="0.00051022988" lon="-0.00058146152" />
  <node id="6149" visible="true" version="1" lat="0.00051024888" lon="-0.00058321233" />
  <node id="6150" visible="true" version="1" lat="0.00051026335" lon="-0.00058464964" />
  <node id="6151" visible="true" version="1" lat="0.00051027872" lon="-0.00058608694" />
  <node id="6152" visible="true" version="1" lat="0.00051028053" lon="-0.00058626661" />
  <node id="6153" visible="true" version="1" lat="0.00051028234" lon="-0.00058644627" />
  <node id="6154" visible="true" version="1" lat="0.000510295" lon="-0.00058765899" />
  <node id="6155" visible="true" version="1" lat="0.00051030766" lon="-0.00058887172" />
  <node id="6156" visible="true" version="1" lat="0.00051035378" lon="-0.00059327346" />
  <node id="6157" visible="true" version="1" lat="0.00051039991" lon="-0.00059767521" />
  <node id="6158" visible="true" version="1" lat="0.00051040081" lon="-0.00059776504" />
  <node id="6159" visible="true" version="1" lat="0.00051040171" lon="-0.00059785487" />
  <node id="6160" visible="true" version="1" lat="0.00051043156" lon="-0.00060063875" />
  <node id="6161" visible="true" version="1" lat="0.00053840913" lon="-0.00025003258" />
  <node id="6162" visible="true" version="1" lat="0.00053841094" lon="-0.00025016733" />
  <node id="6163" visible="true" version="1" lat="0.00053841366" lon="-0.00025039191" />
  <node id="6164" visible="true" version="1" lat="0.00053841546" lon="-0.00025061649" />
  <node id="6165" visible="true" version="1" lat="0.00053841637" lon="-0.00025066141" />
  <node id="6166" visible="true" version="1" lat="0.00053841637" lon="-0.00025070632" />
  <node id="6167" visible="true" version="1" lat="0.00053842903" lon="-0.00025187413" />
  <node id="6168" visible="true" version="1" lat="0.00053844079" lon="-0.00025304194" />
  <node id="6169" visible="true" version="1" lat="0.00053845706" lon="-0.00025456908" />
  <node id="6170" visible="true" version="1" lat="0.00053847334" lon="-0.00025609621" />
  <node id="6171" visible="true" version="1" lat="0.00053847696" lon="-0.00025645554" />
  <node id="6172" visible="true" version="1" lat="0.00053848058" lon="-0.00025681487" />
  <node id="6173" visible="true" version="1" lat="0.00054017175" lon="-0.00041809839" />
  <node id="6174" visible="true" version="1" lat="0.00054186292" lon="-0.00057938192" />
  <node id="6175" visible="true" version="1" lat="0.00054188101" lon="-0.00058113363" />
  <node id="6176" visible="true" version="1" lat="0.0005419" lon="-0.00058288535" />
  <node id="6177" visible="true" version="1" lat="0.00054191447" lon="-0.00058432265" />
  <node id="6178" visible="true" version="1" lat="0.00054192984" lon="-0.00058575996" />
  <node id="6179" visible="true" version="1" lat="0.00054193165" lon="-0.00058593962" />
  <node id="6180" visible="true" version="1" lat="0.00054193346" lon="-0.00058611928" />
  <node id="6181" visible="true" version="1" lat="0.00054194612" lon="-0.00058733201" />
  <node id="6182" visible="true" version="1" lat="0.00054195878" lon="-0.00058854473" />
  <node id="6183" visible="true" version="1" lat="0.00054200491" lon="-0.00059294558" />
  <node id="6184" visible="true" version="1" lat="0.00054205103" lon="-0.00059734732" />
  <node id="6185" visible="true" version="1" lat="0.00054205193" lon="-0.00059743716" />
  <node id="6186" visible="true" version="1" lat="0.00054205284" lon="-0.00059752699" />
  <node id="6187" visible="true" version="1" lat="0.00054208268" lon="-0.00060031177" />
  <node id="6188" visible="true" version="1" lat="0.00057006116" lon="-0.0002497056" />
  <node id="6189" visible="true" version="1" lat="0.00057006206" lon="-0.00024984035" />
  <node id="6190" visible="true" version="1" lat="0.00057006478" lon="-0.00025006403" />
  <node id="6191" visible="true" version="1" lat="0.00057006659" lon="-0.0002502886" />
  <node id="6192" visible="true" version="1" lat="0.00057006749" lon="-0.00025033352" />
  <node id="6193" visible="true" version="1" lat="0.00057006749" lon="-0.00025037844" />
  <node id="6194" visible="true" version="1" lat="0.00057008015" lon="-0.00025154625" />
  <node id="6195" visible="true" version="1" lat="0.00057009191" lon="-0.00025271406" />
  <node id="6196" visible="true" version="1" lat="0.00057010819" lon="-0.00025424119" />
  <node id="6197" visible="true" version="1" lat="0.00057012447" lon="-0.00025576833" />
  <node id="6198" visible="true" version="1" lat="0.00057012808" lon="-0.00025612765" />
  <node id="6199" visible="true" version="1" lat="0.0005701317" lon="-0.00025648698" />
  <node id="6200" visible="true" version="1" lat="0.00057090935" lon="-0.00041799889" />
  <node id="6201" visible="true" version="1" lat="0.00057351404" lon="-0.00057905493" />
  <node id="6202" visible="true" version="1" lat="0.00057353213" lon="-0.00058080665" />
  <node id="6203" visible="true" version="1" lat="0.00057355112" lon="-0.00058255746" />
  <node id="6204" visible="true" version="1" lat="0.00057356559" lon="-0.00058399477" />
  <node id="6205" visible="true" version="1" lat="0.00057358097" lon="-0.00058543207" />
  <node id="6206" visible="true" version="1" lat="0.00057358278" lon="-0.00058561173" />
  <node id="6207" visible="true" version="1" lat="0.00057358458" lon="-0.0005857914" />
  <node id="6208" visible="true" version="1" lat="0.00057359725" lon="-0.00058700412" />
  <node id="6209" visible="true" version="1" lat="0.00057360991" lon="-0.00058821685" />
  <node id="6210" visible="true" version="1" lat="0.00057365603" lon="-0.00059261859" />
  <node id="6211" visible="true" version="1" lat="0.00057370215" lon="-0.00059702034" />
  <node id="6212" visible="true" version="1" lat="0.00057370306" lon="-0.00059711017" />
  <node id="6213" visible="true" version="1" lat="0.00057370487" lon="-0.0005972" />
  <node id="6214" visible="true" version="1" lat="0.0005737338" lon="-0.00059998388" />
  <node id="6215" visible="true" version="1" lat="0.00039220605" lon="-0.00033468712" />
  <node id="6216" visible="true" version="1" lat="0.00039252258" lon="-0.00033468533" />
  <node id="6217" visible="true" version="1" lat="0.00039283911" lon="-0.00033468263" />
  <node id="6218" visible="true" version="1" lat="0.0003942861" lon="-0.00033467185" />
  <node id="6219" visible="true" version="1" lat="0.00039573309" lon="-0.00033466107" />
  <node id="6220" visible="true" version="1" lat="0.00039998363" lon="-0.00033462873" />
  <node id="6221" visible="true" version="1" lat="0.00040423416" lon="-0.00033459729" />
  <node id="6222" visible="true" version="1" lat="0.00041088218" lon="-0.00033454698" />
  <node id="6223" visible="true" version="1" lat="0.00043719391" lon="-0.0003294194" />
  <node id="6224" visible="true" version="1" lat="0.00045981671" lon="-0.00031512451" />
  <node id="6225" visible="true" version="1" lat="0.00047580596" lon="-0.00029344008" />
  <node id="6226" visible="true" version="1" lat="0.00048282297" lon="-0.00026747697" />
  <node id="6227" visible="true" version="1" lat="0.00048300022" lon="-0.0002573853" />
  <node id="6228" visible="true" version="1" lat="0.00048299661" lon="-0.00025702956" />
  <node id="6229" visible="true" version="1" lat="0.00048299299" lon="-0.00025667024" />
  <node id="6230" visible="true" version="1" lat="0.00048297671" lon="-0.0002551431" />
  <node id="6231" visible="true" version="1" lat="0.00048296134" lon="-0.00025361596" />
  <node id="6232" visible="true" version="1" lat="0.00048294868" lon="-0.00025244815" />
  <node id="6233" visible="true" version="1" lat="0.00048293692" lon="-0.00025128034" />
  <node id="6234" visible="true" version="1" lat="0.00048293601" lon="-0.00025123543" />
  <node id="6235" visible="true" version="1" lat="0.00048293601" lon="-0.00025119051" />
  <node id="6236" visible="true" version="1" lat="0.0004829333" lon="-0.00025096593" />
  <node id="6237" visible="true" version="1" lat="0.00048293059" lon="-0.00025074136" />
  <node id="6238" visible="true" version="1" lat="0.00039179728" lon="-0.00028079" />
  <node id="6239" visible="true" version="1" lat="0.0003921138" lon="-0.00028078731" />
  <node id="6240" visible="true" version="1" lat="0.00039243033" lon="-0.00028078551" />
  <node id="6241" visible="true" version="1" lat="0.00039387733" lon="-0.00028077473" />
  <node id="6242" visible="true" version="1" lat="0.00039532341" lon="-0.00028076305" />
  <node id="6243" visible="true" version="1" lat="0.00039957395" lon="-0.00028073161" />
  <node id="6244" visible="true" version="1" lat="0.00040382449" lon="-0.00028070017" />
  <node id="6245" visible="true" version="1" lat="0.00041047341" lon="-0.00028064986" />
  <node id="6246" visible="true" version="1" lat="0.00041705903" lon="-0.00027936887" />
  <node id="6247" visible="true" version="1" lat="0.00042271134" lon="-0.00027579717" />
  <node id="6248" visible="true" version="1" lat="0.00042687958" lon="-0.00027013149" />
  <node id="6249" visible="true" version="1" lat="0.00042872359" lon="-0.00026331148" />
  <node id="6250" visible="true" version="1" lat="0.00042874167" lon="-0.00025794674" />
  <node id="6251" visible="true" version="1" lat="0.00042873806" lon="-0.00025759011" />
  <node id="6252" visible="true" version="1" lat="0.00042873353" lon="-0.00025723078" />
  <node id="6253" visible="true" version="1" lat="0.00042871816" lon="-0.00025570455" />
  <node id="6254" visible="true" version="1" lat="0.00042870188" lon="-0.00025417741" />
  <node id="6255" visible="true" version="1" lat="0.00042868922" lon="-0.0002530096" />
  <node id="6256" visible="true" version="1" lat="0.00042867746" lon="-0.00025184179" />
  <node id="6257" visible="true" version="1" lat="0.00042867656" lon="-0.00025179688" />
  <node id="6258" visible="true" version="1" lat="0.00042867656" lon="-0.00025175196" />
  <node id="6259" visible="true" version="1" lat="0.00042867385" lon="-0.00025152738" />
  <node id="6260" visible="true" version="1" lat="0.00042867204" lon="-0.0002513028" />
  <node id="6261" visible="true" version="1" lat="0.00050675801" lon="-0.00025036047" />
  <node id="6262" visible="true" version="1" lat="0.00050675982" lon="-0.00025049522" />
  <node id="6263" visible="true" version="1" lat="0.00050676253" lon="-0.0002507198" />
  <node id="6264" visible="true" version="1" lat="0.00050676434" lon="-0.00025094437" />
  <node id="6265" visible="true" version="1" lat="0.00050676525" lon="-0.00025098929" />
  <node id="6266" visible="true" version="1" lat="0.00050676525" lon="-0.00025103421" />
  <node id="6267" visible="true" version="1" lat="0.00050677791" lon="-0.00025220112" />
  <node id="6268" visible="true" version="1" lat="0.00050678966" lon="-0.00025336893" />
  <node id="6269" visible="true" version="1" lat="0.00050680594" lon="-0.00025489606" />
  <node id="6270" visible="true" version="1" lat="0.00050682222" lon="-0.0002564232" />
  <node id="6271" visible="true" version="1" lat="0.00050682584" lon="-0.00025678253" />
  <node id="6272" visible="true" version="1" lat="0.00050682946" lon="-0.00025713736" />
  <node id="6273" visible="true" version="1" lat="0.00050385046" lon="-0.00028088432" />
  <node id="6274" visible="true" version="1" lat="0.00049323769" lon="-0.00030529155" />
  <node id="6275" visible="true" version="1" lat="0.00047586204" lon="-0.00032551532" />
  <node id="6276" visible="true" version="1" lat="0.00047434812" lon="-0.00032680441" />
  <node id="6277" visible="true" version="1" lat="0.00047265333" lon="-0.00032824351" />
  <node id="6278" visible="true" version="1" lat="0.00045532019" lon="-0.00034074626" />
  <node id="6279" visible="true" version="1" lat="0.00042539008" lon="-0.00035365325" />
  <node id="6280" visible="true" version="1" lat="0.0003931068" lon="-0.00035834964" />
  <node id="6281" visible="true" version="1" lat="0.00039238602" lon="-0.00035835683" />
  <node id="6282" visible="true" version="1" lat="0.00039193384" lon="-0.00035836042" />
  <node id="6283" visible="true" version="1" lat="0.00053840913" lon="-0.00025003258" />
  <node id="6284" visible="true" version="1" lat="0.00053841094" lon="-0.00025016733" />
  <node id="6285" visible="true" version="1" lat="0.00053841366" lon="-0.00025039191" />
  <node id="6286" visible="true" version="1" lat="0.00053841546" lon="-0.00025061649" />
  <node id="6287" visible="true" version="1" lat="0.00053841637" lon="-0.00025066141" />
  <node id="6288" visible="true" version="1" lat="0.00053841637" lon="-0.00025070632" />
  <node id="6289" visible="true" version="1" lat="0.00053842903" lon="-0.00025187413" />
  <node id="6290" visible="true" version="1" lat="0.00053844079" lon="-0.00025304194" />
  <node id="6291" visible="true" version="1" lat="0.00053845706" lon="-0.00025456908" />
  <node id="6292" visible="true" version="1" lat="0.00053847334" lon="-0.00025609621" />
  <node id="6293" visible="true" version="1" lat="0.00053847696" lon="-0.00025645554" />
  <node id="6294" visible="true" version="1" lat="0.00053848058" lon="-0.00025681037" />
  <node id="6295" visible="true" version="1" lat="0.00053445342" lon="-0.00028891616" />
  <node id="6296" visible="true" version="1" lat="0.00052010379" lon="-0.00032191577" />
  <node id="6297" visible="true" version="1" lat="0.00049661189" lon="-0.0003492578" />
  <node id="6298" visible="true" version="1" lat="0.00049491981" lon="-0.00035069959" />
  <node id="6299" visible="true" version="1" lat="0.00049322503" lon="-0.00035213869" />
  <node id="6300" visible="true" version="1" lat="0.00047163863" lon="-0.00036768673" />
  <node id="6301" visible="true" version="1" lat="0.00043406208" lon="-0.00038389055" />
  <node id="6302" visible="true" version="1" lat="0.00039352914" lon="-0.00038978798" />
  <node id="6303" visible="true" version="1" lat="0.00039262477" lon="-0.00038979697" />
  <node id="6304" visible="true" version="1" lat="0.00039217259" lon="-0.00038980056" />
  <node id="6305" visible="true" version="1" lat="0.00053840913" lon="-0.00025003258" />
  <node id="6306" visible="true" version="1" lat="0.00053841094" lon="-0.00025016733" />
  <node id="6307" visible="true" version="1" lat="0.00053841366" lon="-0.00025039191" />
  <node id="6308" visible="true" version="1" lat="0.00053841546" lon="-0.00025061649" />
  <node id="6309" visible="true" version="1" lat="0.00053841637" lon="-0.00025066141" />
  <node id="6310" visible="true" version="1" lat="0.00053841637" lon="-0.00025070632" />
  <node id="6311" visible="true" version="1" lat="0.00053842903" lon="-0.00025187413" />
  <node id="6312" visible="true" version="1" lat="0.00053844079" lon="-0.00025303745" />
  <node id="6313" visible="true" version="1" lat="0.00053643399" lon="-0.00027744468" />
  <node id="6314" visible="true" version="1" lat="0.00052679612" lon="-0.00030341856" />
  <node id="6315" visible="true" version="1" lat="0.00051004539" lon="-0.00032554227" />
  <node id="6316" visible="true" version="1" lat="0.00049289131" lon="-0.0003392838" />
  <node id="6317" visible="true" version="1" lat="0.00046477989" lon="-0.00035263726" />
  <node id="6318" visible="true" version="1" lat="0.00043408921" lon="-0.00035799212" />
  <node id="6319" visible="true" version="1" lat="0.00040034447" lon="-0.00035829754" />
  <node id="6320" visible="true" version="1" lat="0.00039591306" lon="-0.00035833078" />
  <node id="6321" visible="true" version="1" lat="0.00039446607" lon="-0.00035834156" />
  <node id="6322" visible="true" version="1" lat="0.00039301908" lon="-0.00035835234" />
  <node id="6323" visible="true" version="1" lat="0.00039270255" lon="-0.00035835503" />
  <node id="6324" visible="true" version="1" lat="0.00039238602" lon="-0.00035835683" />
  <node id="6325" visible="true" version="1" lat="0.00039193384" lon="-0.00035836042" />
  <node id="6326" visible="true" version="1" lat="0.00057006116" lon="-0.0002497056" />
  <node id="6327" visible="true" version="1" lat="0.00057006206" lon="-0.00024984035" />
  <node id="6328" visible="true" version="1" lat="0.00057006478" lon="-0.00025006403" />
  <node id="6329" visible="true" version="1" lat="0.00057006659" lon="-0.0002502886" />
  <node id="6330" visible="true" version="1" lat="0.00057006749" lon="-0.00025033352" />
  <node id="6331" visible="true" version="1" lat="0.00057006749" lon="-0.00025037844" />
  <node id="6332" visible="true" version="1" lat="0.00057008015" lon="-0.00025154625" />
  <node id="6333" visible="true" version="1" lat="0.00057009191" lon="-0.00025270956" />
  <node id="6334" visible="true" version="1" lat="0.00056740955" lon="-0.00028391434" />
  <node id="6335" visible="true" version="1" lat="0.00055459011" lon="-0.00031846445" />
  <node id="6336" visible="true" version="1" lat="0.00053230826" lon="-0.00034789236" />
  <node id="6337" visible="true" version="1" lat="0.000510295" lon="-0.00036554605" />
  <node id="6338" visible="true" version="1" lat="0.00047443585" lon="-0.0003825799" />
  <node id="6339" visible="true" version="1" lat="0.00043528569" lon="-0.00038941069" />
  <node id="6340" visible="true" version="1" lat="0.00040058322" lon="-0.00038973768" />
  <node id="6341" visible="true" version="1" lat="0.00039615181" lon="-0.00038977092" />
  <node id="6342" visible="true" version="1" lat="0.00039470482" lon="-0.0003897817" />
  <node id="6343" visible="true" version="1" lat="0.00039325783" lon="-0.00038979248" />
  <node id="6344" visible="true" version="1" lat="0.0003929413" lon="-0.00038979517" />
  <node id="6345" visible="true" version="1" lat="0.00039262477" lon="-0.00038979697" />
  <node id="6346" visible="true" version="1" lat="0.00039217259" lon="-0.00038980056" />
  <node id="6347" visible="true" version="1" lat="0.0003926501" lon="-0.00045268083" />
  <node id="6348" visible="true" version="1" lat="0.00039310228" lon="-0.00045267724" />
  <node id="6349" visible="true" version="1" lat="0.00039341881" lon="-0.00045267544" />
  <node id="6350" visible="true" version="1" lat="0.00039373534" lon="-0.00045267275" />
  <node id="6351" visible="true" version="1" lat="0.00039518233" lon="-0.00045266197" />
  <node id="6352" visible="true" version="1" lat="0.00039662932" lon="-0.00045265119" />
  <node id="6353" visible="true" version="1" lat="0.00040087986" lon="-0.00045261975" />
  <node id="6354" visible="true" version="1" lat="0.00040513039" lon="-0.00045258741" />
  <node id="6355" visible="true" version="1" lat="0.00040712001" lon="-0.00045257304" />
  <node id="6356" visible="true" version="1" lat="0.00040911233" lon="-0.00045255777" />
  <node id="6357" visible="true" version="1" lat="0.00042757594" lon="-0.00045241942" />
  <node id="6358" visible="true" version="1" lat="0.0004496941" lon="-0.00045114561" />
  <node id="6359" visible="true" version="1" lat="0.00049933404" lon="-0.0004392079" />
  <node id="6360" visible="true" version="1" lat="0.00054443766" lon="-0.00041540704" />
  <node id="6361" visible="true" version="1" lat="0.00057516723" lon="-0.0003858336" />
  <node id="6362" visible="true" version="1" lat="0.00059538441" lon="-0.00034741086" />
  <node id="6363" visible="true" version="1" lat="0.00060228656" lon="-0.00030460254" />
  <node id="6364" visible="true" version="1" lat="0.00060172766" lon="-0.00025085364" />
  <node id="6365" visible="true" version="1" lat="0.00060171861" lon="-0.00025005145" />
  <node id="6366" visible="true" version="1" lat="0.00060171861" lon="-0.00025000653" />
  <node id="6367" visible="true" version="1" lat="0.00060171771" lon="-0.00024996162" />
  <node id="6368" visible="true" version="1" lat="0.0006017159" lon="-0.00024978195" />
  <node id="6369" visible="true" version="1" lat="0.00060171319" lon="-0.00024951246" />
  <node id="6370" visible="true" version="1" lat="0.00060171228" lon="-0.00024937771" />
  <node id="6371" visible="true" version="1" lat="0.00039241134" lon="-0.0004212407" />
  <node id="6372" visible="true" version="1" lat="0.00039286353" lon="-0.0004212371" />
  <node id="6373" visible="true" version="1" lat="0.00039318006" lon="-0.00042123531" />
  <node id="6374" visible="true" version="1" lat="0.00039349659" lon="-0.00042123261" />
  <node id="6375" visible="true" version="1" lat="0.00039494358" lon="-0.00042122183" />
  <node id="6376" visible="true" version="1" lat="0.00039639057" lon="-0.00042121105" />
  <node id="6377" visible="true" version="1" lat="0.0004006411" lon="-0.00042117961" />
  <node id="6378" visible="true" version="1" lat="0.00040489164" lon="-0.00042114727" />
  <node id="6379" visible="true" version="1" lat="0.00040688125" lon="-0.0004211329" />
  <node id="6380" visible="true" version="1" lat="0.00040887358" lon="-0.00042111763" />
  <node id="6381" visible="true" version="1" lat="0.00042733719" lon="-0.00042097929" />
  <node id="6382" visible="true" version="1" lat="0.00044615169" lon="-0.00041990221" />
  <node id="6383" visible="true" version="1" lat="0.00048809635" lon="-0.00040981503" />
  <node id="6384" visible="true" version="1" lat="0.00052620828" lon="-0.00038970354" />
  <node id="6385" visible="true" version="1" lat="0.00054983584" lon="-0.00036698066" />
  <node id="6386" visible="true" version="1" lat="0.00056534035" lon="-0.00033751412" />
  <node id="6387" visible="true" version="1" lat="0.00057063363" lon="-0.00030468429" />
  <node id="6388" visible="true" version="1" lat="0.00057007653" lon="-0.00025118153" />
  <node id="6389" visible="true" version="1" lat="0.00057006749" lon="-0.00025037844" />
  <node id="6390" visible="true" version="1" lat="0.00057006749" lon="-0.00025033352" />
  <node id="6391" visible="true" version="1" lat="0.00057006659" lon="-0.0002502886" />
  <node id="6392" visible="true" version="1" lat="0.00057006478" lon="-0.00025010894" />
  <node id="6393" visible="true" version="1" lat="0.00057006206" lon="-0.00024984035" />
  <node id="6394" visible="true" version="1" lat="0.00057006116" lon="-0.0002497056" />
  <node id="6395" visible="true" version="1" lat="0.00039089291" lon="-0.00028079629" />
  <node id="6396" visible="true" version="1" lat="0.0002726882" lon="-0.00028168293" />
  <node id="6397" visible="true" version="1" lat="0.00039130168" lon="-0.00033469431" />
  <node id="6398" visible="true" version="1" lat="0.00027309788" lon="-0.00033558005" />
  <node id="6399" visible="true" version="1" lat="0.00027482251" lon="-0.00056257803" />
  <node id="6400" visible="true" version="1" lat="0.00027441283" lon="-0.00050868091" />
  <node id="6401" visible="true" version="1" lat="0.00039261663" lon="-0.00050779427" />
  <node id="6402" visible="true" version="1" lat="0.00001510026" lon="-0.00048564002" />
  <node id="6403" visible="true" version="1" lat="0.00002916592" lon="-0.00048567865" />
  <node id="6404" visible="true" version="1" lat="0.00004323157" lon="-0.00048571818" />
  <node id="6405" visible="true" version="1" lat="0.00006497171" lon="-0.00048577926" />
  <node id="6406" visible="true" version="1" lat="0.00007738509" lon="-0.00048583136" />
  <node id="6407" visible="true" version="1" lat="0.00009458981" lon="-0.00048592658" />
  <node id="6408" visible="true" version="1" lat="0.00009911166" lon="-0.00048595174" />
  <node id="6409" visible="true" version="1" lat="0.00015139778" lon="-0.00048592838" />
  <node id="6410" visible="true" version="1" lat="0.00015598655" lon="-0.00048589694" />
  <node id="6411" visible="true" version="1" lat="0.00015602906" lon="-0.00048589694" />
  <node id="6412" visible="true" version="1" lat="0.00027423286" lon="-0.0004850103" />
  <node id="6413" visible="true" version="1" lat="0.00039243757" lon="-0.00048412456" />
  <node id="6414" visible="true" version="1" lat="0.00001518979" lon="-0.00045419899" />
  <node id="6415" visible="true" version="1" lat="0.00002925454" lon="-0.00045423851" />
  <node id="6416" visible="true" version="1" lat="0.0000433202" lon="-0.00045427714" />
  <node id="6417" visible="true" version="1" lat="0.00006506124" lon="-0.00045433823" />
  <node id="6418" visible="true" version="1" lat="0.00007756234" lon="-0.00045439033" />
  <node id="6419" visible="true" version="1" lat="0.00009476707" lon="-0.00045448645" />
  <node id="6420" visible="true" version="1" lat="0.00009928892" lon="-0.0004545116" />
  <node id="6421" visible="true" version="1" lat="0.00015119249" lon="-0.00045448824" />
  <node id="6422" visible="true" version="1" lat="0.0001557478" lon="-0.0004544568" />
  <node id="6423" visible="true" version="1" lat="0.0001557903" lon="-0.0004544568" />
  <node id="6424" visible="true" version="1" lat="0.00027399411" lon="-0.00045357017" />
  <node id="6425" visible="true" version="1" lat="0.00039219791" lon="-0.00045268443" />
  <node id="6426" visible="true" version="1" lat="0.00001527842" lon="-0.00042275795" />
  <node id="6427" visible="true" version="1" lat="0.00002589455" lon="-0.00042463723" />
  <node id="6428" visible="true" version="1" lat="0.00004201312" lon="-0.00042536576" />
  <node id="6429" visible="true" version="1" lat="0.0000612404" lon="-0.00042542685" />
  <node id="6430" visible="true" version="1" lat="0.00007612982" lon="-0.00042501991" />
  <node id="6431" visible="true" version="1" lat="0.00008873517" lon="-0.00042580504" />
  <node id="6432" visible="true" version="1" lat="0.00009394692" lon="-0.00042606016" />
  <node id="6433" visible="true" version="1" lat="0.00015788626" lon="-0.00042810742" />
  <node id="6434" visible="true" version="1" lat="0.00027421529" lon="-0.00042787925" />
  <node id="6435" visible="true" version="1" lat="0.00039195916" lon="-0.00042124429" />
  <node id="6436" visible="true" version="1" lat="-0.00002223483" lon="0.0005163112" />
  <node id="6437" visible="true" version="1" lat="-0.00002255678" lon="0.0006314303" />
  <node id="6438" visible="true" version="1" lat="-0.00002287874" lon="0.00074654851" />
  <node id="6439" visible="true" version="1" lat="-0.000076497" lon="0.00051616118" />
  <node id="6440" visible="true" version="1" lat="-0.00007681895" lon="0.00063128029" />
  <node id="6441" visible="true" version="1" lat="-0.00007714091" lon="0.00074639849" />
  <node id="6442" visible="true" version="1" lat="-0.00010268392" lon="-0.00025763143" />
  <node id="6443" visible="true" version="1" lat="-0.00010337667" lon="-0.00001001172" />
  <node id="6444" visible="true" version="1" lat="-0.00010406941" lon="0.00023760709" />
  <node id="6445" visible="true" version="1" lat="-0.0001040884" lon="0.00024429954" />
  <node id="6446" visible="true" version="1" lat="-0.0001041074" lon="0.00025099199" />
  <node id="6447" visible="true" version="1" lat="-0.0001041074" lon="0.00025126148" />
  <node id="6448" visible="true" version="1" lat="-0.0001041083" lon="0.00025153097" />
  <node id="6449" visible="true" version="1" lat="-0.00010411192" lon="0.00025265297" />
  <node id="6450" visible="true" version="1" lat="-0.00010411463" lon="0.00025377586" />
  <node id="6451" visible="true" version="1" lat="-0.00010418789" lon="0.00027993481" />
  <node id="6452" visible="true" version="1" lat="-0.00010426114" lon="0.00030609375" />
  <node id="6453" visible="true" version="1" lat="-0.00010447819" lon="0.00038359141" />
  <node id="6454" visible="true" version="1" lat="-0.00010466358" lon="0.00044983767" />
  <node id="6455" visible="true" version="1" lat="-0.0001047504" lon="0.00048086997" />
  <node id="6456" visible="true" version="1" lat="-0.00010479924" lon="0.00049847605" />
  <node id="6457" visible="true" version="1" lat="-0.00010480286" lon="0.00049973369" />
  <node id="6458" visible="true" version="1" lat="-0.00010480647" lon="0.00050099133" />
  <node id="6459" visible="true" version="1" lat="-0.00010480828" lon="0.00050179982" />
  <node id="6460" visible="true" version="1" lat="-0.000104811" lon="0.0005026083" />
  <node id="6461" visible="true" version="1" lat="-0.00010482999" lon="0.00050934566" />
  <node id="6462" visible="true" version="1" lat="-0.00010484808" lon="0.00051608303" />
  <node id="6463" visible="true" version="1" lat="-0.00010517094" lon="0.00063120213" />
  <node id="6464" visible="true" version="1" lat="-0.00010549289" lon="0.00074632034" />
  <node id="6465" visible="true" version="1" lat="-0.00013433685" lon="-0.00025771947" />
  <node id="6466" visible="true" version="1" lat="-0.0001350296" lon="-0.00001009976" />
  <node id="6467" visible="true" version="1" lat="-0.00013572234" lon="0.00023751905" />
  <node id="6468" visible="true" version="1" lat="-0.00013574134" lon="0.0002442115" />
  <node id="6469" visible="true" version="1" lat="-0.00013575942" lon="0.00025090395" />
  <node id="6470" visible="true" version="1" lat="-0.00013576033" lon="0.00025117345" />
  <node id="6471" visible="true" version="1" lat="-0.00013576123" lon="0.00025144294" />
  <node id="6472" visible="true" version="1" lat="-0.00013576485" lon="0.00025256583" />
  <node id="6473" visible="true" version="1" lat="-0.00013576756" lon="0.00025368873" />
  <node id="6474" visible="true" version="1" lat="-0.00013584082" lon="0.00027984767" />
  <node id="6475" visible="true" version="1" lat="-0.00013591407" lon="0.00030600661" />
  <node id="6476" visible="true" version="1" lat="-0.00013613112" lon="0.00038350337" />
  <node id="6477" visible="true" version="1" lat="-0.00013631561" lon="0.00044974963" />
  <node id="6478" visible="true" version="1" lat="-0.00013640243" lon="0.00048078193" />
  <node id="6479" visible="true" version="1" lat="-0.00013645217" lon="0.00049838891" />
  <node id="6480" visible="true" version="1" lat="-0.00013645579" lon="0.00049964655" />
  <node id="6481" visible="true" version="1" lat="-0.00013645941" lon="0.0005009042" />
  <node id="6482" visible="true" version="1" lat="-0.00013646121" lon="0.00050171268" />
  <node id="6483" visible="true" version="1" lat="-0.00013646393" lon="0.00050252116" />
  <node id="6484" visible="true" version="1" lat="-0.00013648292" lon="0.00050925853" />
  <node id="6485" visible="true" version="1" lat="-0.00013650101" lon="0.00051599589" />
  <node id="6486" visible="true" version="1" lat="-0.00013682296" lon="0.000631115" />
  <node id="6487" visible="true" version="1" lat="-0.00013714492" lon="0.0007462332" />
  <node id="6488" visible="true" version="1" lat="-0.00016598978" lon="-0.00025780661" />
  <node id="6489" visible="true" version="1" lat="-0.00016668253" lon="-0.0000101869" />
  <node id="6490" visible="true" version="1" lat="-0.00016737528" lon="0.00023743192" />
  <node id="6491" visible="true" version="1" lat="-0.00016739427" lon="0.00024412436" />
  <node id="6492" visible="true" version="1" lat="-0.00016741236" lon="0.00025081681" />
  <node id="6493" visible="true" version="1" lat="-0.00016741326" lon="0.00025108631" />
  <node id="6494" visible="true" version="1" lat="-0.00016741416" lon="0.0002513558" />
  <node id="6495" visible="true" version="1" lat="-0.00016741688" lon="0.0002524787" />
  <node id="6496" visible="true" version="1" lat="-0.0001674205" lon="0.00025360159" />
  <node id="6497" visible="true" version="1" lat="-0.00016749375" lon="0.00027976053" />
  <node id="6498" visible="true" version="1" lat="-0.000167567" lon="0.00030591947" />
  <node id="6499" visible="true" version="1" lat="-0.00016772566" lon="0.00038335874" />
  <node id="6500" visible="true" version="1" lat="-0.00016796854" lon="0.0004496625" />
  <node id="6501" visible="true" version="1" lat="-0.00016805536" lon="0.0004806948" />
  <node id="6502" visible="true" version="1" lat="-0.0001681051" lon="0.00049830178" />
  <node id="6503" visible="true" version="1" lat="-0.00016810872" lon="0.00049955942" />
  <node id="6504" visible="true" version="1" lat="-0.00016811234" lon="0.00050081706" />
  <node id="6505" visible="true" version="1" lat="-0.00016811415" lon="0.00050162554" />
  <node id="6506" visible="true" version="1" lat="-0.00016811686" lon="0.00050243403" />
  <node id="6507" visible="true" version="1" lat="-0.00016813495" lon="0.00050917139" />
  <node id="6508" visible="true" version="1" lat="-0.00016815394" lon="0.00051590876" />
  <node id="6509" visible="true" version="1" lat="-0.00016847589" lon="0.00063102696" />
  <node id="6510" visible="true" version="1" lat="-0.00016879785" lon="0.00074614606" />
  <node id="6511" visible="true" version="1" lat="-0.00027280034" lon="0.0007458586" />
  <node id="6512" visible="true" version="1" lat="-0.00027247838" lon="0.0006307404" />
  <node id="6513" visible="true" version="1" lat="-0.00027215643" lon="0.00051562129" />
  <node id="6514" visible="true" version="1" lat="-0.00024114741" lon="0.00074594664" />
  <node id="6515" visible="true" version="1" lat="-0.00024082545" lon="0.00063082754" />
  <node id="6516" visible="true" version="1" lat="-0.0002405035" lon="0.00051570933" />
  <node id="6517" visible="true" version="1" lat="-0.00020949448" lon="0.00074603378" />
  <node id="6518" visible="true" version="1" lat="-0.00020917252" lon="0.00063091467" />
  <node id="6519" visible="true" version="1" lat="-0.00020885057" lon="0.00051579647" />
  <node id="6520" visible="true" version="1" lat="-0.00002007067" lon="-0.00025740326" />
  <node id="6521" visible="true" version="1" lat="-0.00002076342" lon="-0.00000978445" />
  <node id="6522" visible="true" version="1" lat="-0.00002145526" lon="0.00023783436" />
  <node id="6523" visible="true" version="1" lat="-0.00007433194" lon="-0.00025755328" />
  <node id="6524" visible="true" version="1" lat="-0.00007502468" lon="-0.00000993357" />
  <node id="6525" visible="true" version="1" lat="-0.00007571743" lon="0.00023768524" />
  <node id="6526" visible="true" version="1" lat="-0.00027137686" lon="0.00023714535" />
  <node id="6527" visible="true" version="1" lat="-0.00027068502" lon="-0.00001047346" />
  <node id="6528" visible="true" version="1" lat="-0.00026999227" lon="-0.00025809317" />
  <node id="6529" visible="true" version="1" lat="-0.00023972483" lon="0.00023723249" />
  <node id="6530" visible="true" version="1" lat="-0.00023903209" lon="-0.00001038632" />
  <node id="6531" visible="true" version="1" lat="-0.00023833934" lon="-0.00025800603" />
  <node id="6532" visible="true" version="1" lat="-0.0002080719" lon="0.00023731963" />
  <node id="6533" visible="true" version="1" lat="-0.00020737916" lon="-0.00001029918" />
  <node id="6534" visible="true" version="1" lat="-0.00020668641" lon="-0.00025791889" />
  <node id="6535" visible="true" version="1" lat="-0.00001897186" lon="-0.00065023564" />
  <node id="6536" visible="true" version="1" lat="-0.00001911294" lon="-0.00059975032" />
  <node id="6537" visible="true" version="1" lat="-0.00007323313" lon="-0.00065038566" />
  <node id="6538" visible="true" version="1" lat="-0.00007337511" lon="-0.00059990034" />
  <node id="6539" visible="true" version="1" lat="-0.00010117724" lon="-0.00079625948" />
  <node id="6540" visible="true" version="1" lat="-0.00010131109" lon="-0.00074860386" />
  <node id="6541" visible="true" version="1" lat="-0.00010144403" lon="-0.00070094823" />
  <node id="6542" visible="true" version="1" lat="-0.00010158511" lon="-0.00065046381" />
  <node id="6543" visible="true" version="1" lat="-0.00010172619" lon="-0.00059997849" />
  <node id="6544" visible="true" version="1" lat="-0.00013283017" lon="-0.00079634662" />
  <node id="6545" visible="true" version="1" lat="-0.00013296402" lon="-0.00074869099" />
  <node id="6546" visible="true" version="1" lat="-0.00013309696" lon="-0.00070103626" />
  <node id="6547" visible="true" version="1" lat="-0.00013323804" lon="-0.00065055095" />
  <node id="6548" visible="true" version="1" lat="-0.00013337912" lon="-0.00060006563" />
  <node id="6549" visible="true" version="1" lat="-0.0001644831" lon="-0.00079643375" />
  <node id="6550" visible="true" version="1" lat="-0.00016461605" lon="-0.00074877903" />
  <node id="6551" visible="true" version="1" lat="-0.00016474989" lon="-0.0007011234" />
  <node id="6552" visible="true" version="1" lat="-0.00016489097" lon="-0.00065063808" />
  <node id="6553" visible="true" version="1" lat="-0.00016503206" lon="-0.00060015276" />
  <node id="6554" visible="true" version="1" lat="-0.00035164779" lon="-0.0006006684" />
  <node id="6555" visible="true" version="1" lat="-0.00035150671" lon="-0.00065115282" />
  <node id="6556" visible="true" version="1" lat="-0.00029738653" lon="-0.00060051838" />
  <node id="6557" visible="true" version="1" lat="-0.00029724454" lon="-0.0006510037" />
  <node id="6558" visible="true" version="1" lat="-0.00001856399" lon="-0.00079603131" />
  <node id="6559" visible="true" version="1" lat="-0.00001869693" lon="-0.00074837568" />
  <node id="6560" visible="true" version="1" lat="-0.00001883078" lon="-0.00070072096" />
  <node id="6561" visible="true" version="1" lat="-0.00007282526" lon="-0.00079618133" />
  <node id="6562" visible="true" version="1" lat="-0.0000729591" lon="-0.0007485257" />
  <node id="6563" visible="true" version="1" lat="-0.00007309205" lon="-0.00070087008" />
  <node id="6564" visible="true" version="1" lat="-0.00035136563" lon="-0.00070163814" />
  <node id="6565" visible="true" version="1" lat="-0.00035123269" lon="-0.00074929376" />
  <node id="6566" visible="true" version="1" lat="-0.00035109884" lon="-0.00079694939" />
  <node id="6567" visible="true" version="1" lat="-0.00029710346" lon="-0.00070148902" />
  <node id="6568" visible="true" version="1" lat="-0.00029697052" lon="-0.00074914374" />
  <node id="6569" visible="true" version="1" lat="-0.00029683758" lon="-0.00079679937" />
  <node id="6570" visible="true" version="1" lat="-0.00026903455" lon="-0.00060044022" />
  <node id="6571" visible="true" version="1" lat="-0.00026889346" lon="-0.00065092554" />
  <node id="6572" visible="true" version="1" lat="-0.00026875148" lon="-0.00070140996" />
  <node id="6573" visible="true" version="1" lat="-0.00026861854" lon="-0.00074906559" />
  <node id="6574" visible="true" version="1" lat="-0.00026848559" lon="-0.00079672122" />
  <node id="6575" visible="true" version="1" lat="-0.00023738161" lon="-0.00060035309" />
  <node id="6576" visible="true" version="1" lat="-0.00023724053" lon="-0.00065083751" />
  <node id="6577" visible="true" version="1" lat="-0.00023709945" lon="-0.00070132283" />
  <node id="6578" visible="true" version="1" lat="-0.0002369656" lon="-0.00074897845" />
  <node id="6579" visible="true" version="1" lat="-0.00023683266" lon="-0.00079663408" />
  <node id="6580" visible="true" version="1" lat="-0.00020572868" lon="-0.00060026505" />
  <node id="6581" visible="true" version="1" lat="-0.0002055876" lon="-0.00065075037" />
  <node id="6582" visible="true" version="1" lat="-0.00020544652" lon="-0.00070123569" />
  <node id="6583" visible="true" version="1" lat="-0.00020531267" lon="-0.00074889132" />
  <node id="6586" visible="true" version="1" lat="0.0001339326" lon="0.00080004319" />
  <node id="6587" visible="true" version="1" lat="0.00013831336" lon="0.00080003061" />
  <node id="6588" visible="true" version="1" lat="0.00013987069" lon="0.00080002432" />
  <node id="6589" visible="true" version="1" lat="0.00014439254" lon="0.00080000905" />
  <node id="6590" visible="true" version="1" lat="0.00020129546" lon="0.00080028573" />
  <node id="6591" visible="true" version="1" lat="0.00020601537" lon="0.00080035131" />
  <node id="6592" visible="true" version="1" lat="0.00020719557" lon="0.00080036838" />
  <node id="6593" visible="true" version="1" lat="0.00020780692" lon="0.00080037646" />
  <node id="6594" visible="true" version="1" lat="0.00024517457" lon="0.00079757461" />
  <node id="6595" visible="true" version="1" lat="0.0002814859" lon="0.00078837137" />
  <node id="6596" visible="true" version="1" lat="0.0003156367" lon="0.00077304612" />
  <node id="6597" visible="true" version="1" lat="0.00034659056" lon="0.00075206506" />
  <node id="6598" visible="true" version="1" lat="0.00037340783" lon="0.00072606423" />
  <node id="6599" visible="true" version="1" lat="0.00039527277" lon="0.00069583322" />
  <node id="6600" visible="true" version="1" lat="0.00041152248" lon="0.00066229193" />
  <node id="6601" visible="true" version="1" lat="0.00042166317" lon="0.00062645633" />
  <node id="6602" visible="true" version="1" lat="0.00042538646" lon="0.000589417" />
  <node id="6603" visible="true" version="1" lat="0.00042540274" lon="0.00058670768" />
  <node id="6604" visible="true" version="1" lat="0.00042518841" lon="0.00006662535" />
  <node id="6605" visible="true" version="1" lat="0.00042518841" lon="0.00006662176" />
  <node id="6606" visible="true" version="1" lat="0.00042547599" lon="0.00002546903" />
  <node id="6607" visible="true" version="1" lat="0.00042554834" lon="0.0000207412" />
  <node id="6608" visible="true" version="1" lat="0.00042606022" lon="-0.00001113013" />
  <node id="6609" visible="true" version="1" lat="0.00042613257" lon="-0.0000156208" />
  <node id="6610" visible="true" version="1" lat="0.00042640569" lon="-0.00003543315" />
  <node id="6611" visible="true" version="1" lat="0.00042645362" lon="-0.00003978459" />
  <node id="6614" visible="true" version="1" lat="0.00013407097" lon="0.0008539421" />
  <node id="6615" visible="true" version="1" lat="0.00013850599" lon="0.00085392863" />
  <node id="6616" visible="true" version="1" lat="0.00014006332" lon="0.00085392324" />
  <node id="6617" visible="true" version="1" lat="0.00014458517" lon="0.00085390707" />
  <node id="6618" visible="true" version="1" lat="0.00020057106" lon="0.00085418016" />
  <node id="6619" visible="true" version="1" lat="0.000205215" lon="0.00085424483" />
  <node id="6620" visible="true" version="1" lat="0.0002063952" lon="0.0008542619" />
  <node id="6621" visible="true" version="1" lat="0.0002071612" lon="0.00085427178" />
  <node id="6622" visible="true" version="1" lat="0.00025395871" lon="0.00085076296" />
  <node id="6623" visible="true" version="1" lat="0.00029851234" lon="0.00083923758" />
  <node id="6624" visible="true" version="1" lat="0.00034220075" lon="0.00082004507" />
  <node id="6625" visible="true" version="1" lat="0.00038096564" lon="0.00079376935" />
  <node id="6626" visible="true" version="1" lat="0.0004145494" lon="0.00076120722" />
  <node id="6627" visible="true" version="1" lat="0.0004419319" lon="0.00072334862" />
  <node id="6628" visible="true" version="1" lat="0.00046228202" lon="0.0006813425" />
  <node id="6629" visible="true" version="1" lat="0.00047498208" lon="0.00063646446" />
  <node id="6630" visible="true" version="1" lat="0.00047964501" lon="0.00059007906" />
  <node id="6631" visible="true" version="1" lat="0.00047966491" lon="0.00058668522" />
  <node id="6632" visible="true" version="1" lat="0.00047945057" lon="0.00006660379" />
  <node id="6633" visible="true" version="1" lat="0.00047945057" lon="0.0000666002" />
  <node id="6634" visible="true" version="1" lat="0.00047973274" lon="0.00002623889" />
  <node id="6635" visible="true" version="1" lat="0.00047980328" lon="0.00002160179" />
  <node id="6636" visible="true" version="1" lat="0.00048031606" lon="-0.00001026864" />
  <node id="6637" visible="true" version="1" lat="0.00048038841" lon="-0.00001476022" />
  <node id="6638" visible="true" version="1" lat="0.00048066424" lon="-0.0000348178" />
  <node id="6639" visible="true" version="1" lat="0.00048071307" lon="-0.00003922314" />
  <node id="6640" visible="true" version="1" lat="0.00006475195" lon="-0.00056334879" />
  <node id="6641" visible="true" version="1" lat="0.00007694737" lon="-0.00056339909" />
  <node id="6642" visible="true" version="1" lat="0.000094153" lon="-0.00056349521" />
  <node id="6643" visible="true" version="1" lat="0.00009867485" lon="-0.00056352036" />
  <node id="6644" visible="true" version="1" lat="0.00015190423" lon="-0.00056349701" />
  <node id="6645" visible="true" version="1" lat="0.0001565762" lon="-0.00056346377" />
  <node id="6646" visible="true" version="1" lat="0.0001566178" lon="-0.00056346377" />
  <node id="6647" visible="true" version="1" lat="0.00006490479" lon="-0.00050944987" />
  <node id="6648" visible="true" version="1" lat="0.00007725124" lon="-0.00050950107" />
  <node id="6649" visible="true" version="1" lat="0.00009445687" lon="-0.00050959719" />
  <node id="6650" visible="true" version="1" lat="0.00009897872" lon="-0.00050962235" />
  <node id="6651" visible="true" version="1" lat="0.00015155243" lon="-0.00050959899" />
  <node id="6652" visible="true" version="1" lat="0.00015616652" lon="-0.00050956665" />
  <node id="6653" visible="true" version="1" lat="0.00015620812" lon="-0.00050956665" />
  <node id="6654" visible="true" version="1" lat="0.00015448439" lon="-0.00028256867" />
  <node id="6655" visible="true" version="1" lat="0.00015444189" lon="-0.00028256867" />
  <node id="6656" visible="true" version="1" lat="0.0001002575" lon="-0.00028262167" />
  <node id="6657" visible="true" version="1" lat="0.00007853092" lon="-0.00028250039" />
  <node id="6658" visible="true" version="1" lat="0.0000655478" lon="-0.0002824465" />
  <node id="6659" visible="true" version="1" lat="0.00015489317" lon="-0.00033646579" />
  <node id="6660" visible="true" version="1" lat="0.00015485157" lon="-0.00033646668" />
  <node id="6661" visible="true" version="1" lat="0.00009995453" lon="-0.00033651969" />
  <node id="6662" visible="true" version="1" lat="0.00007822706" lon="-0.00033639841" />
  <node id="6663" visible="true" version="1" lat="0.00006539496" lon="-0.00033634541" />
  <node id="6664" visible="true" version="1" lat="0.00001486612" lon="-0.00056319428" />
  <node id="6665" visible="true" version="1" lat="0.00002894615" lon="-0.00056324817" />
  <node id="6666" visible="true" version="1" lat="0.00004301181" lon="-0.0005632877" />
  <node id="6667" visible="true" version="1" lat="0.00001503333" lon="-0.00050931063" />
  <node id="6668" visible="true" version="1" lat="0.00002909899" lon="-0.00050934926" />
  <node id="6669" visible="true" version="1" lat="0.00004316375" lon="-0.00050938878" />
  <node id="6670" visible="true" version="1" lat="0.00004380675" lon="-0.00028238541" />
  <node id="6671" visible="true" version="1" lat="0.000029742" lon="-0.00028234588" />
  <node id="6672" visible="true" version="1" lat="0.00001567634" lon="-0.00028230726" />
  <node id="6673" visible="true" version="1" lat="0.00004365482" lon="-0.00033628433" />
  <node id="6674" visible="true" version="1" lat="0.00002958916" lon="-0.0003362448" />
  <node id="6675" visible="true" version="1" lat="0.0000155235" lon="-0.00033620527" />
  <node id="6676" visible="true" version="1" lat="0.00039148165" lon="-0.00035836402" />
  <node id="6677" visible="true" version="1" lat="0.00027327785" lon="-0.00035924976" />
  <node id="6678" visible="true" version="1" lat="0.00015507314" lon="-0.0003601355" />
  <node id="6679" visible="true" version="1" lat="0.00015503154" lon="-0.00036013639" />
  <node id="6680" visible="true" version="1" lat="0.00009982069" lon="-0.00036018939" />
  <node id="6681" visible="true" version="1" lat="0.00007809321" lon="-0.00036006902" />
  <node id="6682" visible="true" version="1" lat="0.00006532803" lon="-0.00036001512" />
  <node id="6683" visible="true" version="1" lat="0.00004358699" lon="-0.00035995493" />
  <node id="6684" visible="true" version="1" lat="0.00002952224" lon="-0.00035991541" />
  <node id="6685" visible="true" version="1" lat="0.00001545658" lon="-0.00035987588" />
  <node id="6686" visible="true" version="1" lat="0.0003917204" lon="-0.00038980415" />
  <node id="6687" visible="true" version="1" lat="0.0002735166" lon="-0.00039068989" />
  <node id="6688" visible="true" version="1" lat="0.00015531189" lon="-0.00039157563" />
  <node id="6689" visible="true" version="1" lat="0.00015527029" lon="-0.00039157653" />
  <node id="6690" visible="true" version="1" lat="0.00009964343" lon="-0.00039163043" />
  <node id="6691" visible="true" version="1" lat="0.00007791595" lon="-0.00039150916" />
  <node id="6692" visible="true" version="1" lat="0.00006523941" lon="-0.00039145616" />
  <node id="6693" visible="true" version="1" lat="0.00004349836" lon="-0.00039139597" />
  <node id="6694" visible="true" version="1" lat="0.0000294327" lon="-0.00039135644" />
  <node id="6695" visible="true" version="1" lat="0.00001536795" lon="-0.00039131692" />
  <node id="6696" visible="true" version="1" lat="0.00039195916" lon="-0.00042124429" />
  <node id="6697" visible="true" version="1" lat="0.00027352539" lon="-0.00042258997" />
  <node id="6698" visible="true" version="1" lat="0.00015642892" lon="-0.00042117692" />
  <node id="6699" visible="true" version="1" lat="0.00009831633" lon="-0.00042054091" />
  <node id="6700" visible="true" version="1" lat="0.00007520994" lon="-0.00042134041" />
  <node id="6701" visible="true" version="1" lat="0.00006239025" lon="-0.00042105744" />
  <node id="6702" visible="true" version="1" lat="0.00004177679" lon="-0.00042167672" />
  <node id="6703" visible="true" version="1" lat="0.00002658445" lon="-0.00042049779" />
  <node id="6704" visible="true" version="1" lat="0.00001527842" lon="-0.00042275795" />
  <node id="6705" visible="true" version="1" lat="-0.00046814053" lon="-0.00056185848" />
  <node id="6706" visible="true" version="1" lat="-0.00042667519" lon="-0.00056197436" />
  <node id="6707" visible="true" version="1" lat="-0.00038520985" lon="-0.00056209025" />
  <node id="6708" visible="true" version="1" lat="-0.00046798769" lon="-0.00050796046" />
  <node id="6709" visible="true" version="1" lat="-0.00042652235" lon="-0.00050807634" />
  <node id="6710" visible="true" version="1" lat="-0.00038505701" lon="-0.00050819223" />
  <node id="6711" visible="true" version="1" lat="-0.00046792077" lon="-0.00048428985" />
  <node id="6712" visible="true" version="1" lat="-0.00042645543" lon="-0.00048440574" />
  <node id="6713" visible="true" version="1" lat="-0.00038499009" lon="-0.00048452162" />
  <node id="6714" visible="true" version="1" lat="-0.00046783123" lon="-0.00045284882" />
  <node id="6715" visible="true" version="1" lat="-0.00042636589" lon="-0.0004529647" />
  <node id="6716" visible="true" version="1" lat="-0.00038490146" lon="-0.00045308058" />
  <node id="6717" visible="true" version="1" lat="-0.00038463376" lon="-0.00035875748" />
  <node id="6718" visible="true" version="1" lat="-0.00042609911" lon="-0.0003586416" />
  <node id="6719" visible="true" version="1" lat="-0.00046756445" lon="-0.00035852571" />
  <node id="6720" visible="true" version="1" lat="-0.0003847233" lon="-0.00039019852" />
  <node id="6721" visible="true" version="1" lat="-0.00042618773" lon="-0.00039008263" />
  <node id="6722" visible="true" version="1" lat="-0.00046765307" lon="-0.00038996675" />
  <node id="6723" visible="true" version="1" lat="-0.00038481193" lon="-0.00042163955" />
  <node id="6724" visible="true" version="1" lat="-0.00042627727" lon="-0.00042152367" />
  <node id="6725" visible="true" version="1" lat="-0.00046774261" lon="-0.00042140778" />
  <node id="6726" visible="true" version="1" lat="-0.00104006107" lon="-0.00056026038" />
  <node id="6727" visible="true" version="1" lat="-0.00089391587" lon="-0.00056066911" />
  <node id="6728" visible="true" version="1" lat="-0.00074776976" lon="-0.00056107695" />
  <node id="6729" visible="true" version="1" lat="-0.00103990823" lon="-0.00050636146" />
  <node id="6730" visible="true" version="1" lat="-0.00089376303" lon="-0.00050677019" />
  <node id="6731" visible="true" version="1" lat="-0.00074761783" lon="-0.00050717893" />
  <node id="6732" visible="true" version="1" lat="-0.00103984131" lon="-0.00048269085" />
  <node id="6733" visible="true" version="1" lat="-0.00089369611" lon="-0.00048309959" />
  <node id="6734" visible="true" version="1" lat="-0.00074755" lon="-0.00048350832" />
  <node id="6735" visible="true" version="1" lat="-0.00103975268" lon="-0.00045124982" />
  <node id="6736" visible="true" version="1" lat="-0.00089360658" lon="-0.00045165855" />
  <node id="6737" visible="true" version="1" lat="-0.00074746137" lon="-0.00045206729" />
  <node id="6738" visible="true" version="1" lat="-0.00074719368" lon="-0.00035774418" />
  <node id="6739" visible="true" version="1" lat="-0.00089333979" lon="-0.00035733545" />
  <node id="6740" visible="true" version="1" lat="-0.00103948499" lon="-0.00035692761" />
  <node id="6741" visible="true" version="1" lat="-0.00074728321" lon="-0.00038918522" />
  <node id="6742" visible="true" version="1" lat="-0.00089342842" lon="-0.00038877648" />
  <node id="6743" visible="true" version="1" lat="-0.00103957452" lon="-0.00038836865" />
  <node id="6744" visible="true" version="1" lat="-0.00074737184" lon="-0.00042062625" />
  <node id="6745" visible="true" version="1" lat="-0.00089351795" lon="-0.00042021752" />
  <node id="6746" visible="true" version="1" lat="-0.00103966315" lon="-0.00041980878" />
  <node id="6747" visible="true" version="1" lat="-0.00072953858" lon="0.00024365814" />
  <node id="6748" visible="true" version="1" lat="-0.00072922567" lon="0.00000039436" />
  <node id="6749" visible="true" version="1" lat="-0.00072891185" lon="-0.00024286852" />
  <node id="6750" visible="true" version="1" lat="-0.00067527641" lon="0.00024372641" />
  <node id="6751" visible="true" version="1" lat="-0.0006749635" lon="0.00000046263" />
  <node id="6752" visible="true" version="1" lat="-0.00067465059" lon="-0.00024279935" />
  <node id="6753" visible="true" version="1" lat="-0.00064692443" lon="0.00024376234" />
  <node id="6754" visible="true" version="1" lat="-0.00064661151" lon="0.00000049946" />
  <node id="6755" visible="true" version="1" lat="-0.0006462986" lon="-0.00024276342" />
  <node id="6756" visible="true" version="1" lat="-0.0005546695" lon="-0.00024307873" />
  <node id="6757" visible="true" version="1" lat="-0.00055462629" lon="-0.000253386" />
  <node id="6758" visible="true" version="1" lat="-0.00055462086" lon="-0.00025787757" />
  <node id="6759" visible="true" version="1" lat="-0.00055460006" lon="-0.00025954125" />
  <node id="6760" visible="true" version="1" lat="-0.00054898031" lon="-0.0002863389" />
  <node id="6761" visible="true" version="1" lat="-0.00053412061" lon="-0.00030939056" />
  <node id="6762" visible="true" version="1" lat="-0.00053116604" lon="-0.00031236219" />
  <node id="6763" visible="true" version="1" lat="-0.00053095894" lon="-0.00031255802" />
  <node id="6764" visible="true" version="1" lat="-0.00050711524" lon="-0.00032821027" />
  <node id="6765" visible="true" version="1" lat="-0.00047929502" lon="-0.00033471407" />
  <node id="6766" visible="true" version="1" lat="-0.00047507343" lon="-0.00033483445" />
  <node id="6767" visible="true" version="1" lat="-0.00046865008" lon="-0.00033485511" />
  <node id="6768" visible="true" version="1" lat="-0.00038547761" lon="-0.00028118885" />
  <node id="6769" visible="true" version="1" lat="-0.00042587934" lon="-0.00028107297" />
  <node id="6770" visible="true" version="1" lat="-0.0004666979" lon="-0.00028097146" />
  <node id="6771" visible="true" version="1" lat="-0.00038425782" lon="-0.00033515155" />
  <node id="6772" visible="true" version="1" lat="-0.00038330072" lon="-0.00033509047" />
  <node id="6773" visible="true" version="1" lat="-0.00038203461" lon="-0.00033509406" />
  <node id="6774" visible="true" version="1" lat="-0.00038135633" lon="-0.00033509586" />
  <node id="6775" visible="true" version="1" lat="-0.00038067805" lon="-0.00033509855" />
  <node id="6776" visible="true" version="1" lat="-0.00037990934" lon="-0.00033510035" />
  <node id="6777" visible="true" version="1" lat="-0.00037914062" lon="-0.00033510214" />
  <node id="6778" visible="true" version="1" lat="-0.00037791973" lon="-0.00033510574" />
  <node id="6779" visible="true" version="1" lat="-0.00037669883" lon="-0.00033510933" />
  <node id="6780" visible="true" version="1" lat="-0.00037602055" lon="-0.00033511113" />
  <node id="6781" visible="true" version="1" lat="-0.00037534227" lon="-0.00033511292" />
  <node id="6782" visible="true" version="1" lat="-0.0003751614" lon="-0.00033511382" />
  <node id="6783" visible="true" version="1" lat="-0.00037498053" lon="-0.00033511382" />
  <node id="6784" visible="true" version="1" lat="-0.00037115323" lon="-0.0003351246" />
  <node id="6785" visible="true" version="1" lat="-0.00036913468" lon="-0.00033510304" />
  <node id="6786" visible="true" version="1" lat="-0.00034252451" lon="-0.00032951103" />
  <node id="6787" visible="true" version="1" lat="-0.00031972445" lon="-0.00031477776" />
  <node id="6788" visible="true" version="1" lat="-0.00031727633" lon="-0.00031234243" />
  <node id="6789" visible="true" version="1" lat="-0.00030320162" lon="-0.00029048552" />
  <node id="6790" visible="true" version="1" lat="-0.00029832436" lon="-0.00026499672" />
  <node id="6791" visible="true" version="1" lat="-0.00029834426" lon="-0.00025817491" />
  <node id="6792" visible="true" version="1" lat="-0.00035370355" lon="0.00023691718" />
  <node id="6793" visible="true" version="1" lat="-0.00035329827" lon="-0.00001070163" />
  <node id="6794" visible="true" version="1" lat="-0.00035254803" lon="-0.00025751645" />
  <node id="6795" visible="true" version="1" lat="-0.00029972885" lon="0.00023769872" />
  <node id="6796" visible="true" version="1" lat="-0.00029975326" lon="0.00024568833" />
  <node id="6797" visible="true" version="1" lat="-0.00029979939" lon="0.00024904444" />
  <node id="6798" visible="true" version="1" lat="-0.00030567327" lon="0.00027489166" />
  <node id="6799" visible="true" version="1" lat="-0.00032065776" lon="0.00029681415" />
  <node id="6800" visible="true" version="1" lat="-0.00032225488" lon="0.00029835835" />
  <node id="6801" visible="true" version="1" lat="-0.00034531268" lon="0.00031317786" />
  <node id="6802" visible="true" version="1" lat="-0.00037217788" lon="0.00031883904" />
  <node id="6803" visible="true" version="1" lat="-0.00037883314" lon="0.00031893247" />
  <node id="6804" visible="true" version="1" lat="-0.00037937847" lon="0.00031893966" />
  <node id="6805" visible="true" version="1" lat="-0.00037971987" lon="0.00031893247" />
  <node id="6806" visible="true" version="1" lat="-0.0004769607" lon="0.00026630646" />
  <node id="6807" visible="true" version="1" lat="-0.00042878599" lon="0.00026567944" />
  <node id="6808" visible="true" version="1" lat="-0.00038049539" lon="0.00026505242" />
  <node id="6809" visible="true" version="1" lat="-0.00047624897" lon="0.00032020179" />
  <node id="6810" visible="true" version="1" lat="-0.00047627352" lon="0.00032020179" />
  <node id="6811" visible="true" version="1" lat="-0.00047631874" lon="0.00032020179" />
  <node id="6812" visible="true" version="1" lat="-0.00047636396" lon="0.00032020269" />
  <node id="6813" visible="true" version="1" lat="-0.00047640918" lon="0.00032020358" />
  <node id="6814" visible="true" version="1" lat="-0.0004769518" lon="0.00032021077" />
  <node id="6815" visible="true" version="1" lat="-0.00047749442" lon="0.00032021796" />
  <node id="6816" visible="true" version="1" lat="-0.00047763008" lon="0.00032021975" />
  <node id="6817" visible="true" version="1" lat="-0.00047776573" lon="0.00032022065" />
  <node id="6818" visible="true" version="1" lat="-0.00047988105" lon="0.0003202485" />
  <node id="6819" visible="true" version="1" lat="-0.00048247207" lon="0.00032023862" />
  <node id="6820" visible="true" version="1" lat="-0.00050959773" lon="0.00031472117" />
  <node id="6821" visible="true" version="1" lat="-0.00053298925" lon="0.00030000407" />
  <node id="6822" visible="true" version="1" lat="-0.00053623684" lon="0.00029682044" />
  <node id="6823" visible="true" version="1" lat="-0.00055035495" lon="0.00027488987" />
  <node id="6824" visible="true" version="1" lat="-0.00055527382" lon="0.00024932112" />
  <node id="6825" visible="true" version="1" lat="-0.00055526658" lon="0.00024388182" />
  <node id="6826" visible="true" version="1" lat="-0.00050037859" lon="-0.00024203219" />
  <node id="6827" visible="true" version="1" lat="-0.00050038944" lon="-0.00023395454" />
  <node id="6828" visible="true" version="1" lat="-0.00050040029" lon="-0.00022533071" />
  <node id="6829" visible="true" version="1" lat="-0.00050070235" lon="0.00000930834" />
  <node id="6830" visible="true" version="1" lat="-0.00050098285" lon="0.0002435746" />
  <node id="6831" visible="true" version="1" lat="-0.00050037859" lon="-0.00024257836" />
  <node id="6832" visible="true" version="1" lat="-0.00050036412" lon="-0.00025331683" />
  <node id="6833" visible="true" version="1" lat="-0.00050035869" lon="-0.0002578084" />
  <node id="6834" visible="true" version="1" lat="-0.00050035236" lon="-0.00025828541" />
  <node id="6835" visible="true" version="1" lat="-0.00049874077" lon="-0.00026597409" />
  <node id="6836" visible="true" version="1" lat="-0.00049447667" lon="-0.00027258748" />
  <node id="6837" visible="true" version="1" lat="-0.00049362928" lon="-0.00027343999" />
  <node id="6838" visible="true" version="1" lat="-0.00049356055" lon="-0.00027350556" />
  <node id="6839" visible="true" version="1" lat="-0.00048560752" lon="-0.00027872657" />
  <node id="6840" visible="true" version="1" lat="-0.00047632869" lon="-0.0002808951" />
  <node id="6841" visible="true" version="1" lat="-0.00047492059" lon="-0.00028093553" />
  <node id="6842" visible="true" version="1" lat="-0.00046927339" lon="-0.00028092834" />
  <node id="6843" visible="true" version="1" lat="-0.00038503397" lon="-0.0003350725" />
  <node id="6844" visible="true" version="1" lat="-0.00042603218" lon="-0.00033497099" />
  <node id="6845" visible="true" version="1" lat="-0.00046657765" lon="-0.0003349126" />
  <node id="6846" visible="true" version="1" lat="-0.000384414" lon="-0.00028118885" />
  <node id="6847" visible="true" version="1" lat="-0.00038314789" lon="-0.00028119245" />
  <node id="6848" visible="true" version="1" lat="-0.00038188177" lon="-0.00028119604" />
  <node id="6849" visible="true" version="1" lat="-0.00038120349" lon="-0.00028119784" />
  <node id="6850" visible="true" version="1" lat="-0.00038052521" lon="-0.00028119963" />
  <node id="6851" visible="true" version="1" lat="-0.0003797565" lon="-0.00028120143" />
  <node id="6852" visible="true" version="1" lat="-0.00037898779" lon="-0.00028120412" />
  <node id="6853" visible="true" version="1" lat="-0.00037776689" lon="-0.00028120682" />
  <node id="6854" visible="true" version="1" lat="-0.00037654599" lon="-0.00028121041" />
  <node id="6855" visible="true" version="1" lat="-0.00037586771" lon="-0.00028121221" />
  <node id="6856" visible="true" version="1" lat="-0.00037518943" lon="-0.00028121401" />
  <node id="6857" visible="true" version="1" lat="-0.00037500856" lon="-0.0002812149" />
  <node id="6858" visible="true" version="1" lat="-0.00037482769" lon="-0.0002812149" />
  <node id="6859" visible="true" version="1" lat="-0.00037100039" lon="-0.00028122568" />
  <node id="6860" visible="true" version="1" lat="-0.00037045687" lon="-0.00028122029" />
  <node id="6861" visible="true" version="1" lat="-0.00036328612" lon="-0.00027971292" />
  <node id="6862" visible="true" version="1" lat="-0.00035714184" lon="-0.00027574327" />
  <node id="6863" visible="true" version="1" lat="-0.00035662092" lon="-0.00027522494" />
  <node id="6864" visible="true" version="1" lat="-0.00035362474" lon="-0.00027057167" />
  <node id="6865" visible="true" version="1" lat="-0.00035258653" lon="-0.00026514584" />
  <node id="6866" visible="true" version="1" lat="-0.00035260552" lon="-0.00025832493" />
  <node id="6867" visible="true" version="1" lat="-0.00029972885" lon="0.0002370663" />
  <node id="6868" visible="true" version="1" lat="-0.0002990361" lon="-0.00001055251" />
  <node id="6869" visible="true" version="1" lat="-0.00029851673" lon="-0.00025730894" />
  <node id="6870" visible="true" version="1" lat="-0.00035376105" lon="0.0002374921" />
  <node id="6871" visible="true" version="1" lat="-0.00035401543" lon="0.00024553831" />
  <node id="6872" visible="true" version="1" lat="-0.000354029" lon="0.00024716965" />
  <node id="6873" visible="true" version="1" lat="-0.00035545519" lon="0.00025344528" />
  <node id="6874" visible="true" version="1" lat="-0.00035909347" lon="0.0002587678" />
  <node id="6875" visible="true" version="1" lat="-0.00035951581" lon="0.00025917564" />
  <node id="6876" visible="true" version="1" lat="-0.00036602727" lon="0.00026336089" />
  <node id="6877" visible="true" version="1" lat="-0.00037361312" lon="0.00026495899" />
  <node id="6878" visible="true" version="1" lat="-0.00037954397" lon="0.00026503804" />
  <node id="6879" visible="true" version="1" lat="-0.00038008931" lon="0.00026504523" />
  <node id="6880" visible="true" version="1" lat="-0.00038063193" lon="0.00026505242" />
  <node id="6881" visible="true" version="1" lat="-0.00047622831" lon="0.00032020089" />
  <node id="6882" visible="true" version="1" lat="-0.00042807425" lon="0.00031957387" />
  <node id="6883" visible="true" version="1" lat="-0.0003799211" lon="0.00031894684" />
  <node id="6884" visible="true" version="1" lat="-0.00047697597" lon="0.00026630646" />
  <node id="6885" visible="true" version="1" lat="-0.00047699604" lon="0.00026630736" />
  <node id="6886" visible="true" version="1" lat="-0.00047702958" lon="0.00026630826" />
  <node id="6887" visible="true" version="1" lat="-0.0004770748" lon="0.00026630826" />
  <node id="6888" visible="true" version="1" lat="-0.00047712001" lon="0.00026630916" />
  <node id="6889" visible="true" version="1" lat="-0.00047766264" lon="0.00026631635" />
  <node id="6890" visible="true" version="1" lat="-0.00047820526" lon="0.00026632353" />
  <node id="6891" visible="true" version="1" lat="-0.00047834091" lon="0.00026632533" />
  <node id="6892" visible="true" version="1" lat="-0.00047847657" lon="0.00026632713" />
  <node id="6893" visible="true" version="1" lat="-0.00048059279" lon="0.00026635408" />
  <node id="6894" visible="true" version="1" lat="-0.00048135156" lon="0.00026635138" />
  <node id="6895" visible="true" version="1" lat="-0.00048930458" lon="0.00026473351" />
  <node id="6896" visible="true" version="1" lat="-0.00049616242" lon="0.00026041891" />
  <node id="6897" visible="true" version="1" lat="-0.00049686873" lon="0.0002597263" />
  <node id="6898" visible="true" version="1" lat="-0.00049994087" lon="0.00025495445" />
  <node id="6899" visible="true" version="1" lat="-0.00050101165" lon="0.00024939029" />
  <node id="6900" visible="true" version="1" lat="-0.00050100441" lon="0.00024395099" />
  <node id="6901" visible="true" version="1" lat="-0.00055464076" lon="-0.00024264753" />
  <node id="6902" visible="true" version="1" lat="-0.00055465161" lon="-0.00023402371" />
  <node id="6903" visible="true" version="1" lat="-0.00055466246" lon="-0.00022539988" />
  <node id="6904" visible="true" version="1" lat="-0.00055496452" lon="0.00000923917" />
  <node id="6905" visible="true" version="1" lat="-0.00055549655" lon="0.00024249931" />
  <node id="6906" visible="true" version="1" lat="-0.00058299274" lon="-0.00024268347" />
  <node id="6907" visible="true" version="1" lat="-0.00058330565" lon="0.00000057941" />
  <node id="6908" visible="true" version="1" lat="-0.00058361856" lon="0.00024384319" />
  <node id="6909" visible="true" version="1" lat="-0.00061464567" lon="-0.00024272299" />
  <node id="6910" visible="true" version="1" lat="-0.00061403871" lon="-0.00000033616" />
  <node id="6911" visible="true" version="1" lat="-0.0006152715" lon="0.00024380277" />
  <node id="6912" visible="true" version="1" lat="-0.00073021866" lon="0.00077222595" />
  <node id="6913" visible="true" version="1" lat="-0.00073005769" lon="0.00064677622" />
  <node id="6914" visible="true" version="1" lat="-0.0007298958" lon="0.0005213265" />
  <node id="6915" visible="true" version="1" lat="-0.0006759565" lon="0.00077229512" />
  <node id="6916" visible="true" version="1" lat="-0.00067579552" lon="0.0006468454" />
  <node id="6917" visible="true" version="1" lat="-0.00067563364" lon="0.00052139567" />
  <node id="6918" visible="true" version="1" lat="-0.00064760451" lon="0.00077233106" />
  <node id="6919" visible="true" version="1" lat="-0.00064744353" lon="0.00064688133" />
  <node id="6920" visible="true" version="1" lat="-0.00064728165" lon="0.0005214316" />
  <node id="6921" visible="true" version="1" lat="-0.00058397579" lon="0.00052151245" />
  <node id="6922" visible="true" version="1" lat="-0.00058413767" lon="0.00064696128" />
  <node id="6923" visible="true" version="1" lat="-0.00058415133" lon="0.00077241999" />
  <node id="6924" visible="true" version="1" lat="-0.00061562872" lon="0.00052147202" />
  <node id="6925" visible="true" version="1" lat="-0.00061413293" lon="0.00064747431" />
  <node id="6926" visible="true" version="1" lat="-0.00061595158" lon="0.00077237148" />
  <node id="6927" visible="true" version="1" lat="-0.00047585661" lon="0.00034836038" />
  <node id="6928" visible="true" version="1" lat="-0.00042770255" lon="0.00034773335" />
  <node id="6929" visible="true" version="1" lat="-0.0003795494" lon="0.00034710633" />
  <node id="6930" visible="true" version="1" lat="-0.0003768527" lon="0.0004381434" />
  <node id="6931" visible="true" version="1" lat="-0.00037295745" lon="0.00043807333" />
  <node id="6932" visible="true" version="1" lat="-0.00034733847" lon="0.00044248136" />
  <node id="6933" visible="true" version="1" lat="-0.00032466683" lon="0.00045611689" />
  <node id="6934" visible="true" version="1" lat="-0.00032164172" lon="0.00045898521" />
  <node id="6935" visible="true" version="1" lat="-0.00030701264" lon="0.00048013515" />
  <node id="6936" visible="true" version="1" lat="-0.00030060156" lon="0.00050619797" />
  <node id="6937" visible="true" version="1" lat="-0.00030049394" lon="0.00051036076" />
  <node id="6938" visible="true" version="1" lat="-0.00035541449" lon="0.00074563133" />
  <node id="6939" visible="true" version="1" lat="-0.00035509163" lon="0.00063051223" />
  <node id="6940" visible="true" version="1" lat="-0.00035476968" lon="0.00051539402" />
  <node id="6941" visible="true" version="1" lat="-0.00030115232" lon="0.00074578045" />
  <node id="6942" visible="true" version="1" lat="-0.00030115323" lon="0.00074622961" />
  <node id="6943" visible="true" version="1" lat="-0.00030115504" lon="0.00074667877" />
  <node id="6944" visible="true" version="1" lat="-0.00030116137" lon="0.00074914913" />
  <node id="6945" visible="true" version="1" lat="-0.0003011686" lon="0.0007516195" />
  <node id="6946" visible="true" version="1" lat="-0.00030117041" lon="0.00075229324" />
  <node id="6947" visible="true" version="1" lat="-0.00030117222" lon="0.00075296697" />
  <node id="6948" visible="true" version="1" lat="-0.00030117674" lon="0.00075449411" />
  <node id="6949" visible="true" version="1" lat="-0.00030118036" lon="0.00075602124" />
  <node id="6950" visible="true" version="1" lat="-0.00030118488" lon="0.00075736872" />
  <node id="6951" visible="true" version="1" lat="-0.0003011885" lon="0.00075871619" />
  <node id="6952" visible="true" version="1" lat="-0.0003011894" lon="0.00075907552" />
  <node id="6953" visible="true" version="1" lat="-0.00030119031" lon="0.00075943484" />
  <node id="6954" visible="true" version="1" lat="-0.00030119483" lon="0.00076114164" />
  <node id="6955" visible="true" version="1" lat="-0.00030120025" lon="0.00076284844" />
  <node id="6956" visible="true" version="1" lat="-0.00030122015" lon="0.00076999005" />
  <node id="6957" visible="true" version="1" lat="-0.00030124005" lon="0.00077713165" />
  <node id="6958" visible="true" version="1" lat="-0.00030125542" lon="0.00078091985" />
  <node id="6959" visible="true" version="1" lat="-0.00030659211" lon="0.00080630354" />
  <node id="6960" visible="true" version="1" lat="-0.00032105749" lon="0.00082789006" />
  <node id="6961" visible="true" version="1" lat="-0.00032539937" lon="0.00083195584" />
  <node id="6962" visible="true" version="1" lat="-0.00034822114" lon="0.00084593093" />
  <node id="6963" visible="true" version="1" lat="-0.00037459979" lon="0.0008506893" />
  <node id="6964" visible="true" version="1" lat="-0.00037465224" lon="0.0008506893" />
  <node id="6965" visible="true" version="1" lat="-0.00037469746" lon="0.0008506893" />
  <node id="6966" visible="true" version="1" lat="-0.0003752853" lon="0.00085068481" />
  <node id="6967" visible="true" version="1" lat="-0.00037587314" lon="0.00085068122" />
  <node id="6968" visible="true" version="1" lat="-0.00037659663" lon="0.00085067583" />
  <node id="6969" visible="true" version="1" lat="-0.00037732013" lon="0.00085067134" />
  <node id="6970" visible="true" version="1" lat="-0.00037908365" lon="0.00085065966" />
  <node id="6971" visible="true" version="1" lat="-0.00038015636" lon="0.00085064708" />
  <node id="6972" visible="true" version="1" lat="-0.00048067871" lon="0.00079607084" />
  <node id="6973" visible="true" version="1" lat="-0.00043057754" lon="0.0007964104" />
  <node id="6974" visible="true" version="1" lat="-0.00038047638" lon="0.00079674996" />
  <node id="6975" visible="true" version="1" lat="-0.00048104859" lon="0.00084996885" />
  <node id="6976" visible="true" version="1" lat="-0.00048195296" lon="0.00084996257" />
  <node id="6977" visible="true" version="1" lat="-0.00048285733" lon="0.00084995628" />
  <node id="6978" visible="true" version="1" lat="-0.00048290255" lon="0.00084995628" />
  <node id="6979" visible="true" version="1" lat="-0.00048294777" lon="0.00084995538" />
  <node id="6980" visible="true" version="1" lat="-0.0004837617" lon="0.00084994999" />
  <node id="6981" visible="true" version="1" lat="-0.00048457202" lon="0.0008499446" />
  <node id="6982" visible="true" version="1" lat="-0.00048637533" lon="0.00084990867" />
  <node id="6983" visible="true" version="1" lat="-0.00051193462" lon="0.00084415496" />
  <node id="6984" visible="true" version="1" lat="-0.00053351921" lon="0.00082939115" />
  <node id="6985" visible="true" version="1" lat="-0.00053457189" lon="0.00082832485" />
  <node id="6986" visible="true" version="1" lat="-0.00053664833" lon="0.00082614374" />
  <node id="6987" visible="true" version="1" lat="-0.0005509455" lon="0.00080313788" />
  <node id="6988" visible="true" version="1" lat="-0.00055595209" lon="0.00077656392" />
  <node id="6989" visible="true" version="1" lat="-0.00055594757" lon="0.00077280986" />
  <node id="6990" visible="true" version="1" lat="-0.00055594757" lon="0.0007726266" />
  <node id="6991" visible="true" version="1" lat="-0.00055594398" lon="0.00077255114" />
  <node id="6992" visible="true" version="1" lat="-0.00050136164" lon="0.00052161665" />
  <node id="6993" visible="true" version="1" lat="-0.00050152352" lon="0.00064706638" />
  <node id="6994" visible="true" version="1" lat="-0.0005016854" lon="0.00077251611" />
  <node id="6995" visible="true" version="1" lat="-0.0005556229" lon="0.00052042549" />
  <node id="6996" visible="true" version="1" lat="-0.00055562109" lon="0.00051930259" />
  <node id="6997" visible="true" version="1" lat="-0.00055562109" lon="0.00051898818" />
  <node id="6998" visible="true" version="1" lat="-0.00055562019" lon="0.00051867377" />
  <node id="6999" visible="true" version="1" lat="-0.00055561838" lon="0.00051701189" />
  <node id="7000" visible="true" version="1" lat="-0.00055561657" lon="0.00051535" />
  <node id="7001" visible="true" version="1" lat="-0.00055561386" lon="0.00051326412" />
  <node id="7002" visible="true" version="1" lat="-0.00055113271" lon="0.00048799361" />
  <node id="7003" visible="true" version="1" lat="-0.00053729314" lon="0.00046456734" />
  <node id="7004" visible="true" version="1" lat="-0.00053445523" lon="0.00046149241" />
  <node id="7005" visible="true" version="1" lat="-0.00051333006" lon="0.0004464627" />
  <node id="7006" visible="true" version="1" lat="-0.00048729417" lon="0.00043968131" />
  <node id="7007" visible="true" version="1" lat="-0.00048310784" lon="0.00043950704" />
  <node id="7008" visible="true" version="1" lat="-0.00047592315" lon="0.00043939745" />
  <node id="7009" visible="true" version="1" lat="-0.00037832656" lon="0.00049203782" />
  <node id="7010" visible="true" version="1" lat="-0.00042578981" lon="0.00049266485" />
  <node id="7011" visible="true" version="1" lat="-0.00047394387" lon="0.00049323438" />
  <node id="7012" visible="true" version="1" lat="-0.00037568192" lon="0.00049203782" />
  <node id="7013" visible="true" version="1" lat="-0.00037224662" lon="0.00049196686" />
  <node id="7014" visible="true" version="1" lat="-0.00036625969" lon="0.00049299722" />
  <node id="7015" visible="true" version="1" lat="-0.00036096099" lon="0.00049618445" />
  <node id="7016" visible="true" version="1" lat="-0.00036025377" lon="0.00049685459" />
  <node id="7017" visible="true" version="1" lat="-0.0003564509" lon="0.00050235318" />
  <node id="7018" visible="true" version="1" lat="-0.00035478415" lon="0.00050912917" />
  <node id="7019" visible="true" version="1" lat="-0.00035475521" lon="0.00051021164" />
  <node id="7020" visible="true" version="1" lat="-0.00035471218" lon="0.00051222836" />
  <node id="7021" visible="true" version="1" lat="-0.00030112358" lon="0.00074494681" />
  <node id="7022" visible="true" version="1" lat="-0.00030083037" lon="0.00063066225" />
  <node id="7023" visible="true" version="1" lat="-0.00030050841" lon="0.00051600308" />
  <node id="7024" visible="true" version="1" lat="-0.00035541449" lon="0.00074585771" />
  <node id="7025" visible="true" version="1" lat="-0.0003554154" lon="0.00074608049" />
  <node id="7026" visible="true" version="1" lat="-0.0003554163" lon="0.00074652965" />
  <node id="7027" visible="true" version="1" lat="-0.00035542354" lon="0.00074900001" />
  <node id="7028" visible="true" version="1" lat="-0.00035543077" lon="0.00075147038" />
  <node id="7029" visible="true" version="1" lat="-0.00035543258" lon="0.00075214412" />
  <node id="7030" visible="true" version="1" lat="-0.00035543439" lon="0.00075281785" />
  <node id="7031" visible="true" version="1" lat="-0.00035543891" lon="0.00075434409" />
  <node id="7032" visible="true" version="1" lat="-0.00035544253" lon="0.00075587123" />
  <node id="7033" visible="true" version="1" lat="-0.00035544614" lon="0.0007572187" />
  <node id="7034" visible="true" version="1" lat="-0.00035545067" lon="0.00075856617" />
  <node id="7035" visible="true" version="1" lat="-0.00035545157" lon="0.0007589255" />
  <node id="7036" visible="true" version="1" lat="-0.00035545247" lon="0.00075928482" />
  <node id="7037" visible="true" version="1" lat="-0.000355457" lon="0.00076099162" />
  <node id="7038" visible="true" version="1" lat="-0.00035546152" lon="0.00076269842" />
  <node id="7039" visible="true" version="1" lat="-0.00035548141" lon="0.00076984003" />
  <node id="7040" visible="true" version="1" lat="-0.00035550222" lon="0.00077698164" />
  <node id="7041" visible="true" version="1" lat="-0.00035551126" lon="0.00078010148" />
  <node id="7042" visible="true" version="1" lat="-0.00035664353" lon="0.00078548419" />
  <node id="7043" visible="true" version="1" lat="-0.00035971115" lon="0.000790062" />
  <node id="7044" visible="true" version="1" lat="-0.00036194404" lon="0.00079211286" />
  <node id="7045" visible="true" version="1" lat="-0.00036764338" lon="0.00079560371" />
  <node id="7046" visible="true" version="1" lat="-0.00037423261" lon="0.00079679218" />
  <node id="7047" visible="true" version="1" lat="-0.00037428145" lon="0.00079679128" />
  <node id="7048" visible="true" version="1" lat="-0.00037432667" lon="0.00079679128" />
  <node id="7049" visible="true" version="1" lat="-0.00037491451" lon="0.00079678769" />
  <node id="7050" visible="true" version="1" lat="-0.00037550235" lon="0.0007967832" />
  <node id="7051" visible="true" version="1" lat="-0.00037622584" lon="0.00079677871" />
  <node id="7052" visible="true" version="1" lat="-0.00037694934" lon="0.00079677332" />
  <node id="7053" visible="true" version="1" lat="-0.00037819543" lon="0.00079676164" />
  <node id="7054" visible="true" version="1" lat="-0.00037915406" lon="0.00079674996" />
  <node id="7055" visible="true" version="1" lat="-0.00048043055" lon="0.00084998323" />
  <node id="7056" visible="true" version="1" lat="-0.00043094743" lon="0.00085030752" />
  <node id="7057" visible="true" version="1" lat="-0.00038113373" lon="0.00085076207" />
  <node id="7058" visible="true" version="1" lat="-0.00048103803" lon="0.00079606365" />
  <node id="7059" visible="true" version="1" lat="-0.00048158308" lon="0.00079606455" />
  <node id="7060" visible="true" version="1" lat="-0.00048248745" lon="0.00079605826" />
  <node id="7061" visible="true" version="1" lat="-0.00048253267" lon="0.00079605826" />
  <node id="7062" visible="true" version="1" lat="-0.00048257788" lon="0.00079605826" />
  <node id="7063" visible="true" version="1" lat="-0.00048339182" lon="0.00079605287" />
  <node id="7064" visible="true" version="1" lat="-0.00048420123" lon="0.00079604658" />
  <node id="7065" visible="true" version="1" lat="-0.00048459463" lon="0.00079603939" />
  <node id="7066" visible="true" version="1" lat="-0.0004901574" lon="0.00079478624" />
  <node id="7067" visible="true" version="1" lat="-0.00049485651" lon="0.00079157297" />
  <node id="7068" visible="true" version="1" lat="-0.00049581695" lon="0.0007905992" />
  <node id="7069" visible="true" version="1" lat="-0.00049647081" lon="0.00078991558" />
  <node id="7070" visible="true" version="1" lat="-0.00050033608" lon="0.00078369564" />
  <node id="7071" visible="true" version="1" lat="-0.00050168992" lon="0.00077651092" />
  <node id="7072" visible="true" version="1" lat="-0.0005016854" lon="0.00077287813" />
  <node id="7073" visible="true" version="1" lat="-0.0005016854" lon="0.00077269577" />
  <node id="7074" visible="true" version="1" lat="-0.0005016854" lon="0.00077260594" />
  <node id="7075" visible="true" version="1" lat="-0.00055562381" lon="0.00052220954" />
  <node id="7076" visible="true" version="1" lat="-0.00055578569" lon="0.00064699811" />
  <node id="7077" visible="true" version="1" lat="-0.00055595745" lon="0.00077223134" />
  <node id="7078" visible="true" version="1" lat="-0.00050136073" lon="0.00052050813" />
  <node id="7079" visible="true" version="1" lat="-0.00050135892" lon="0.00051937086" />
  <node id="7080" visible="true" version="1" lat="-0.00050135892" lon="0.00051905645" />
  <node id="7081" visible="true" version="1" lat="-0.00050135802" lon="0.00051874204" />
  <node id="7082" visible="true" version="1" lat="-0.00050135621" lon="0.00051708016" />
  <node id="7083" visible="true" version="1" lat="-0.0005013544" lon="0.00051541828" />
  <node id="7084" visible="true" version="1" lat="-0.00050135169" lon="0.00051333329" />
  <node id="7085" visible="true" version="1" lat="-0.0005001118" lon="0.0005063426" />
  <node id="7086" visible="true" version="1" lat="-0.0004962836" lon="0.00049986215" />
  <node id="7087" visible="true" version="1" lat="-0.00049549861" lon="0.00049901145" />
  <node id="7088" visible="true" version="1" lat="-0.00049010766" lon="0.00049517654" />
  <node id="7089" visible="true" version="1" lat="-0.00048346417" lon="0.00049344638" />
  <node id="7090" visible="true" version="1" lat="-0.00048239611" lon="0.00049340147" />
  <node id="7091" visible="true" version="1" lat="-0.00047567135" lon="0.00049323438" />
  <node id="7092" visible="true" version="1" lat="-0.00037846248" lon="0.0004381434" />
  <node id="7093" visible="true" version="1" lat="-0.00042650155" lon="0.00043877042" />
  <node id="7094" visible="true" version="1" lat="-0.0004746547" lon="0.00043939745" />
  <node id="7095" visible="true" version="1" lat="-0.00037871919" lon="0.00040998301" />
  <node id="7096" visible="true" version="1" lat="-0.00042687325" lon="0.00041061003" />
  <node id="7097" visible="true" version="1" lat="-0.0004750264" lon="0.00041123706" />
  <node id="7098" visible="true" version="1" lat="-0.00037913429" lon="0.00037854467" />
  <node id="7099" visible="true" version="1" lat="-0.00042793247" lon="0.00038055256" />
  <node id="7100" visible="true" version="1" lat="-0.0004754415" lon="0.00037979872" />
  <node id="7101" visible="true" version="1" lat="-0.00108372132" lon="0.00000868042" />
  <node id="7102" visible="true" version="1" lat="-0.00108374935" lon="0.0000131711" />
  <node id="7103" visible="true" version="1" lat="-0.00108455243" lon="0.00007526804" />
  <node id="7104" visible="true" version="1" lat="-0.00108464558" lon="0.00007989886" />
  <node id="7105" visible="true" version="1" lat="-0.00108490152" lon="0.00009223991" />
  <node id="7106" visible="true" version="1" lat="-0.00108499377" lon="0.00009673059" />
  <node id="7107" visible="true" version="1" lat="-0.00108582398" lon="0.00015746569" />
  <node id="7108" visible="true" version="1" lat="-0.00108585111" lon="0.00016181623" />
  <node id="7109" visible="true" version="1" lat="-0.00113798258" lon="0.00000834894" />
  <node id="7110" visible="true" version="1" lat="-0.00113801062" lon="0.00001284052" />
  <node id="7111" visible="true" version="1" lat="-0.00113880375" lon="0.00007421432" />
  <node id="7112" visible="true" version="1" lat="-0.0011388969" lon="0.00007879123" />
  <node id="7113" visible="true" version="1" lat="-0.00113915193" lon="0.00009113229" />
  <node id="7114" visible="true" version="1" lat="-0.00113924508" lon="0.00009562297" />
  <node id="7115" visible="true" version="1" lat="-0.00114008524" lon="0.00015710995" />
  <node id="7116" visible="true" version="1" lat="-0.00114011237" lon="0.00016151529" />
  <node id="7117" visible="true" version="1" lat="0.0004265531" lon="-0.00004925822" />
  <node id="7118" visible="true" version="1" lat="0.00042715445" lon="-0.00017846518" />
  <node id="7119" visible="true" version="1" lat="0.00042866842" lon="-0.00025103331" />
  <node id="7120" visible="true" version="1" lat="0.00048081255" lon="-0.00004869677" />
  <node id="7121" visible="true" version="1" lat="0.00048232743" lon="-0.00017790374" />
  <node id="7122" visible="true" version="1" lat="0.00048292787" lon="-0.00025047186" />
  <node id="7123" visible="true" version="1" lat="0.00004077802" lon="0.00087717433" />
  <node id="7124" visible="true" version="1" lat="0.00006297215" lon="0.00087732525" />
  <node id="7125" visible="true" version="1" lat="0.00011262117" lon="0.00087718929" />
  <node id="7129" visible="true" version="1" lat="0.00013413156" lon="0.00087761271" />
  <node id="7130" visible="true" version="1" lat="0.0001385901" lon="0.00087759924" />
  <node id="7131" visible="true" version="1" lat="0.00014014742" lon="0.00087759385" />
  <node id="7132" visible="true" version="1" lat="0.00014466927" lon="0.00087757768" />
  <node id="7133" visible="true" version="1" lat="0.00020025363" lon="0.00087784807" />
  <node id="7134" visible="true" version="1" lat="0.0002048632" lon="0.00087791275" />
  <node id="7135" visible="true" version="1" lat="0.00020604431" lon="0.00087792982" />
  <node id="7136" visible="true" version="1" lat="0.00020687723" lon="0.0008779406" />
  <node id="7137" visible="true" version="1" lat="0.00025781584" lon="0.00087412186" />
  <node id="7138" visible="true" version="1" lat="0.00030731379" lon="0.00086157599" />
  <node id="7139" visible="true" version="1" lat="0.00035386712" lon="0.00084068566" />
  <node id="7140" visible="true" version="1" lat="0.00039606228" lon="0.0008120842" />
  <node id="7141" visible="true" version="1" lat="0.0004326178" lon="0.00077664028" />
  <node id="7142" visible="true" version="1" lat="0.00046242311" lon="0.00073543186" />
  <node id="7143" visible="true" version="1" lat="0.00048457383" lon="0.00068970851" />
  <node id="7144" visible="true" version="1" lat="0.00049839711" lon="0.00064085992" />
  <node id="7145" visible="true" version="1" lat="0.00050347334" lon="0.00059037011" />
  <node id="7146" visible="true" version="1" lat="0.00050349505" lon="0.00058667624" />
  <node id="7147" visible="true" version="1" lat="0.00050328071" lon="0.00006659391" />
  <node id="7148" visible="true" version="1" lat="0.00050328071" lon="0.00006659032" />
  <node id="7149" visible="true" version="1" lat="0.00050356016" lon="0.00002657666" />
  <node id="7150" visible="true" version="1" lat="0.0005036307" lon="0.00002197998" />
  <node id="7151" visible="true" version="1" lat="0.00050414257" lon="-0.00000989135" />
  <node id="7152" visible="true" version="1" lat="0.00050421492" lon="-0.00001438203" />
  <node id="7153" visible="true" version="1" lat="0.00050449347" lon="-0.00003454831" />
  <node id="7154" visible="true" version="1" lat="0.00050454231" lon="-0.0000389761" />
  <node id="7155" visible="true" version="1" lat="0.00050464088" lon="-0.00004844435" />
  <node id="7156" visible="true" version="1" lat="0.00050464088" lon="-0.00004845063" />
  <node id="7157" visible="true" version="1" lat="0.00050615575" lon="-0.00017811346" />
  <node id="7158" visible="true" version="1" lat="0.00050675711" lon="-0.00025022572" />
  <node id="7159" visible="true" version="1" lat="0.00004056188" lon="0.00090861537" />
  <node id="7160" visible="true" version="1" lat="0.00006275691" lon="0.00090876539" />
  <node id="7161" visible="true" version="1" lat="0.00011326296" lon="0.0009089154" />
  <node id="7165" visible="true" version="1" lat="0.00013421295" lon="0.00090905374" />
  <node id="7166" visible="true" version="1" lat="0.00013870315" lon="0.00090904027" />
  <node id="7167" visible="true" version="1" lat="0.00014025957" lon="0.00090903488" />
  <node id="7168" visible="true" version="1" lat="0.00014478141" lon="0.00090901871" />
  <node id="7169" visible="true" version="1" lat="0.00019983129" lon="0.00090928641" />
  <node id="7170" visible="true" version="1" lat="0.00020439655" lon="0.00090935019" />
  <node id="7171" visible="true" version="1" lat="0.00020557765" lon="0.00090936726" />
  <node id="7172" visible="true" version="1" lat="0.00020650101" lon="0.00090937983" />
  <node id="7173" visible="true" version="1" lat="0.00026294" lon="0.00090514787" />
  <node id="7174" visible="true" version="1" lat="0.00031778187" lon="0.00089124734" />
  <node id="7175" visible="true" version="1" lat="0.00036936258" lon="0.00086810135" />
  <node id="7176" visible="true" version="1" lat="0.00041611396" lon="0.00083641148" />
  <node id="7177" visible="true" version="1" lat="0.00045661705" lon="0.00079714073" />
  <node id="7178" visible="true" version="1" lat="0.00048964101" lon="0.00075148206" />
  <node id="7179" visible="true" version="1" lat="0.00051418379" lon="0.00070082157" />
  <node id="7180" visible="true" version="1" lat="0.00052950019" lon="0.00064669807" />
  <node id="7181" visible="true" version="1" lat="0.00053512356" lon="0.00059075549" />
  <node id="7182" visible="true" version="1" lat="0.00053514798" lon="0.00058666276" />
  <node id="7183" visible="true" version="1" lat="0.00053493364" lon="0.00006658133" />
  <node id="7184" visible="true" version="1" lat="0.00053493364" lon="0.00006657774" />
  <node id="7185" visible="true" version="1" lat="0.00053521038" lon="0.00002702582" />
  <node id="7186" visible="true" version="1" lat="0.00053527911" lon="0.00002248214" />
  <node id="7187" visible="true" version="1" lat="0.00053579189" lon="-0.00000938919" />
  <node id="7188" visible="true" version="1" lat="0.00053586424" lon="-0.00001387987" />
  <node id="7189" visible="true" version="1" lat="0.00053614369" lon="-0.00003418898" />
  <node id="7190" visible="true" version="1" lat="0.00053619343" lon="-0.00003864912" />
  <node id="7191" visible="true" version="1" lat="0.000536292" lon="-0.00004811736" />
  <node id="7192" visible="true" version="1" lat="0.000536292" lon="-0.00004812365" />
  <node id="7193" visible="true" version="1" lat="0.00053735012" lon="-0.00017824322" />
  <node id="7194" visible="true" version="1" lat="0.00053840823" lon="-0.00024989784" />
  <node id="7195" visible="true" version="1" lat="0.00004563807" lon="0.0009469896" />
  <node id="7196" visible="true" version="1" lat="0.00011304682" lon="0.00094685364" />
  <node id="7200" visible="true" version="1" lat="0.00013555827" lon="0.00094716387" />
  <node id="7201" visible="true" version="1" lat="0.00015535804" lon="0.00094689887" />
  <node id="7202" visible="true" version="1" lat="0.00020021384" lon="0.00094739384" />
  <node id="7203" visible="true" version="1" lat="0.00020415986" lon="0.00094768669" />
  <node id="7204" visible="true" version="1" lat="0.00020911348" lon="0.00094691234" />
  <node id="7205" visible="true" version="1" lat="0.00027001799" lon="0.00094583257" />
  <node id="7206" visible="true" version="1" lat="0.0003337701" lon="0.00092781865" />
  <node id="7207" visible="true" version="1" lat="0.00039129717" lon="0.00090149622" />
  <node id="7208" visible="true" version="1" lat="0.00044329467" lon="0.00086303844" />
  <node id="7209" visible="true" version="1" lat="0.00048590559" lon="0.00082040081" />
  <node id="7210" visible="true" version="1" lat="0.00052053841" lon="0.00077006191" />
  <node id="7211" visible="true" version="1" lat="0.00054793319" lon="0.00071170466" />
  <node id="7212" visible="true" version="1" lat="0.00056520173" lon="0.00065368607" />
  <node id="7213" visible="true" version="1" lat="0.00057022331" lon="0.00059229161" />
  <node id="7214" visible="true" version="1" lat="0.00057025044" lon="0.00058734009" />
  <node id="7215" visible="true" version="1" lat="0.00057049604" lon="0.00006472811" />
  <node id="7216" visible="true" version="1" lat="0.00057026607" lon="0.00004287749" />
  <node id="7217" visible="true" version="1" lat="0.00057030922" lon="0.00002172576" />
  <node id="7218" visible="true" version="1" lat="0.00057037796" lon="0.0000045868" />
  <node id="7219" visible="true" version="1" lat="0.0005704308" lon="-0.00000992189" />
  <node id="7220" visible="true" version="1" lat="0.00057027227" lon="-0.00001590737" />
  <node id="7221" visible="true" version="1" lat="0.0005700945" lon="-0.00002796635" />
  <node id="7222" visible="true" version="1" lat="0.00057025922" lon="-0.00003475672" />
  <node id="7223" visible="true" version="1" lat="0.00057001285" lon="-0.00004353505" />
  <node id="7224" visible="true" version="1" lat="0.00057047369" lon="-0.00004986548" />
  <node id="7225" visible="true" version="1" lat="0.00056924075" lon="-0.0001786434" />
  <node id="7226" visible="true" version="1" lat="0.00057005935" lon="-0.00024957085" />
  <node id="7227" visible="true" version="1" lat="0.00002121379" lon="-0.00103724244" />
  <node id="7228" visible="true" version="1" lat="0.00019546951" lon="-0.00103530208" />
  <node id="7229" visible="true" version="1" lat="0.00019999136" lon="-0.00103525177" />
  <node id="7230" visible="true" version="1" lat="0.00021420534" lon="-0.00103488436" />
  <node id="7231" visible="true" version="1" lat="0.00029093747" lon="-0.00102556254" />
  <node id="7232" visible="true" version="1" lat="0.00036515907" lon="-0.0010040991" />
  <node id="7233" visible="true" version="1" lat="0.00043493751" lon="-0.00097105367" />
  <node id="7234" visible="true" version="1" lat="0.00049845499" lon="-0.00092728685" />
  <node id="7235" visible="true" version="1" lat="0.00050246406" lon="-0.00092398105" />
  <node id="7236" visible="true" version="1" lat="0.00053680569" lon="-0.00089149707" />
  <node id="7237" visible="true" version="1" lat="0.00057944671" lon="-0.00083625697" />
  <node id="7238" visible="true" version="1" lat="0.00061108336" lon="-0.00077414386" />
  <node id="7239" visible="true" version="1" lat="0.00063245291" lon="-0.00069907319" />
  <node id="7240" visible="true" version="1" lat="0.00063740232" lon="-0.00063801046" />
  <node id="7241" visible="true" version="1" lat="0.00063738514" lon="-0.00063261518" />
  <node id="7242" visible="true" version="1" lat="0.00063706499" lon="-0.00060211379" />
  <node id="7243" visible="true" version="1" lat="0.00002085838" lon="-0.0010058032" />
  <node id="7244" visible="true" version="1" lat="0.000195115" lon="-0.00100386374" />
  <node id="7245" visible="true" version="1" lat="0.00019963685" lon="-0.00100381343" />
  <node id="7246" visible="true" version="1" lat="0.00021291118" lon="-0.00100346938" />
  <node id="7247" visible="true" version="1" lat="0.00028457161" lon="-0.0009947638" />
  <node id="7248" visible="true" version="1" lat="0.00035388792" lon="-0.0009747188" />
  <node id="7249" visible="true" version="1" lat="0.00041905407" lon="-0.00094385717" />
  <node id="7250" visible="true" version="1" lat="0.00047837257" lon="-0.00090298383" />
  <node id="7251" visible="true" version="1" lat="0.00048211756" lon="-0.00089989632" />
  <node id="7252" visible="true" version="1" lat="0.00051358148" lon="-0.00087013424" />
  <node id="7253" visible="true" version="1" lat="0.00055265024" lon="-0.00081952225" />
  <node id="7254" visible="true" version="1" lat="0.00058163619" lon="-0.00076261308" />
  <node id="7255" visible="true" version="1" lat="0.00060228235" lon="-0.00068857584" />
  <node id="7256" visible="true" version="1" lat="0.00060575029" lon="-0.0006378865" />
  <node id="7257" visible="true" version="1" lat="0.00060573401" lon="-0.00063294217" />
  <node id="7258" visible="true" version="1" lat="0.00060541387" lon="-0.00060244167" />
  <node id="7259" visible="true" version="1" lat="0.0000224586" lon="-0.00097677953" />
  <node id="7260" visible="true" version="1" lat="0.00018740149" lon="-0.00097771378" />
  <node id="7261" visible="true" version="1" lat="0.00019813159" lon="-0.00097858335" />
  <node id="7262" visible="true" version="1" lat="0.00020793753" lon="-0.00097780361" />
  <node id="7263" visible="true" version="1" lat="0.00027671005" lon="-0.00096902438" />
  <node id="7264" visible="true" version="1" lat="0.0003422709" lon="-0.00094959382" />
  <node id="7265" visible="true" version="1" lat="0.000400411" lon="-0.00092172089" />
  <node id="7266" visible="true" version="1" lat="0.0004504721" lon="-0.00088891441" />
  <node id="7267" visible="true" version="1" lat="0.00046406984" lon="-0.00087753635" />
  <node id="7268" visible="true" version="1" lat="0.00049909608" lon="-0.00084244726" />
  <node id="7269" visible="true" version="1" lat="0.00052585377" lon="-0.00080278754" />
  <node id="7270" visible="true" version="1" lat="0.00055218811" lon="-0.00075108231" />
  <node id="7271" visible="true" version="1" lat="0.00057211087" lon="-0.00067990551" />
  <node id="7272" visible="true" version="1" lat="0.00057511775" lon="-0.00063350002" />
  <node id="7273" visible="true" version="1" lat="0.00057451014" lon="-0.00060547079" />
  <node id="7274" visible="true" version="1" lat="0.0005104605" lon="-0.00060342353" />
  <node id="7275" visible="true" version="1" lat="0.00051078065" lon="-0.00063392493" />
  <node id="7276" visible="true" version="1" lat="0.00050868884" lon="-0.0006687598" />
  <node id="7277" visible="true" version="1" lat="0.00049840887" lon="-0.00071390104" />
  <node id="7278" visible="true" version="1" lat="0.00047991271" lon="-0.00075637877" />
  <node id="7279" visible="true" version="1" lat="0.00045383612" lon="-0.00079473324" />
  <node id="7280" visible="true" version="1" lat="0.00042107714" lon="-0.00082764302" />
  <node id="7281" visible="true" version="1" lat="0.00040994435" lon="-0.00083654623" />
  <node id="7282" visible="true" version="1" lat="0.00036227866" lon="-0.00086734946" />
  <node id="7283" visible="true" version="1" lat="0.00031024485" lon="-0.00089013433" />
  <node id="7284" visible="true" version="1" lat="0.00025519769" lon="-0.00090430615" />
  <node id="7285" visible="true" version="1" lat="0.00019857241" lon="-0.00090949572" />
  <node id="7286" visible="true" version="1" lat="0.00001979393" lon="-0.00091148638" />
  <node id="7287" visible="true" version="1" lat="0.00054211162" lon="-0.00060309654" />
  <node id="7288" visible="true" version="1" lat="0.00054243177" lon="-0.00063359704" />
  <node id="7289" visible="true" version="1" lat="0.00054007589" lon="-0.00067282198" />
  <node id="7290" visible="true" version="1" lat="0.00052850086" lon="-0.00072365135" />
  <node id="7291" visible="true" version="1" lat="0.00050767414" lon="-0.00077148305" />
  <node id="7292" visible="true" version="1" lat="0.00047831107" lon="-0.00081467045" />
  <node id="7293" visible="true" version="1" lat="0.00044142365" lon="-0.00085172776" />
  <node id="7294" visible="true" version="1" lat="0.00042929153" lon="-0.00086143046" />
  <node id="7295" visible="true" version="1" lat="0.00037734274" lon="-0.0008950023" />
  <node id="7296" visible="true" version="1" lat="0.00032063335" lon="-0.00091983353" />
  <node id="7297" visible="true" version="1" lat="0.00026064019" lon="-0.00093527916" />
  <node id="7298" visible="true" version="1" lat="0.00019892692" lon="-0.00094093495" />
  <node id="7299" visible="true" version="1" lat="0.00002014935" lon="-0.00094292562" />
  <node id="7300" visible="true" version="1" lat="0.00057324532" lon="-0.00060529831" />
  <node id="7301" visible="true" version="1" lat="0.00057258809" lon="-0.00063350002" />
  <node id="7302" visible="true" version="1" lat="0.00056858923" lon="-0.00067745998" />
  <node id="7303" visible="true" version="1" lat="0.0005545693" lon="-0.00073248269" />
  <node id="7304" visible="true" version="1" lat="0.00053256096" lon="-0.00078486166" />
  <node id="7305" visible="true" version="1" lat="0.00050094717" lon="-0.00083311287" />
  <node id="7306" visible="true" version="1" lat="0.00046050532" lon="-0.0008756966" />
  <node id="7307" visible="true" version="1" lat="0.00044656808" lon="-0.0008870046" />
  <node id="7308" visible="true" version="1" lat="0.00039942087" lon="-0.00091977963" />
  <node id="7309" visible="true" version="1" lat="0.00034194535" lon="-0.00094734803" />
  <node id="7310" visible="true" version="1" lat="0.00027643128" lon="-0.00096567635" />
  <node id="7311" visible="true" version="1" lat="0.00020181109" lon="-0.00097536379" />
  <node id="7312" visible="true" version="1" lat="0.0000231485" lon="-0.00097424988" />
  <node id="7313" visible="true" version="1" lat="-0.00039525106" lon="-0.00111945446" />
  <node id="7314" visible="true" version="1" lat="-0.00039280926" lon="-0.00111942661" />
  <node id="7315" visible="true" version="1" lat="-0.00039036747" lon="-0.00111939966" />
  <node id="7316" visible="true" version="1" lat="-0.00038593606" lon="-0.00111935025" />
  <node id="7317" visible="true" version="1" lat="-0.00038150555" lon="-0.00111930084" />
  <node id="7318" visible="true" version="1" lat="-0.00037928985" lon="-0.00111927659" />
  <node id="7319" visible="true" version="1" lat="-0.00037707414" lon="-0.00111925144" />
  <node id="7320" visible="true" version="1" lat="-0.00037603412" lon="-0.00111924066" />
  <node id="7321" visible="true" version="1" lat="-0.00037499409" lon="-0.00111922898" />
  <node id="7322" visible="true" version="1" lat="-0.00037436103" lon="-0.00111922179" />
  <node id="7323" visible="true" version="1" lat="-0.00037372797" lon="-0.00111921461" />
  <node id="7324" visible="true" version="1" lat="-0.00036796352" lon="-0.00111915083" />
  <node id="7325" visible="true" version="1" lat="-0.00036219907" lon="-0.00111908615" />
  <node id="7326" visible="true" version="1" lat="-0.00033432369" lon="-0.00111877623" />
  <node id="7327" visible="true" version="1" lat="-0.00030644741" lon="-0.00111846541" />
  <node id="7328" visible="true" version="1" lat="-0.0001625993" lon="-0.00111686371" />
  <node id="7329" visible="true" version="1" lat="-0.00001875029" lon="-0.00111526202" />
  <node id="7330" visible="true" version="1" lat="-0.00000701158" lon="-0.00111513176" />
  <node id="7331" visible="true" version="1" lat="0.00000472623" lon="-0.00111500061" />
  <node id="7332" visible="true" version="1" lat="0.00000581148" lon="-0.00111498893" />
  <node id="7333" visible="true" version="1" lat="0.00000689582" lon="-0.00111497635" />
  <node id="7334" visible="true" version="1" lat="0.00000703147" lon="-0.00111497456" />
  <node id="7335" visible="true" version="1" lat="0.00000716713" lon="-0.00111497366" />
  <node id="7336" visible="true" version="1" lat="0.00000789062" lon="-0.00111496557" />
  <node id="7337" visible="true" version="1" lat="0.00000861412" lon="-0.00111495749" />
  <node id="7338" visible="true" version="1" lat="0.00000870456" lon="-0.00111495659" />
  <node id="7339" visible="true" version="1" lat="0.00000879499" lon="-0.00111495569" />
  <node id="7340" visible="true" version="1" lat="0.00001060373" lon="-0.00111493503" />
  <node id="7341" visible="true" version="1" lat="0.00001241247" lon="-0.00111491527" />
  <node id="7342" visible="true" version="1" lat="0.00001725085" lon="-0.00111486137" />
  <node id="7343" visible="true" version="1" lat="0.00002208832" lon="-0.00111480747" />
  <node id="7344" visible="true" version="1" lat="0.00019634494" lon="-0.00111286711" />
  <node id="7345" visible="true" version="1" lat="0.00020086679" lon="-0.0011128168" />
  <node id="7346" visible="true" version="1" lat="0.00021739867" lon="-0.00111238921" />
  <node id="7347" visible="true" version="1" lat="0.00030664275" lon="-0.00110154654" />
  <node id="7348" visible="true" version="1" lat="0.00039296843" lon="-0.00107658326" />
  <node id="7349" visible="true" version="1" lat="0.00047412565" lon="-0.00103814974" />
  <node id="7350" visible="true" version="1" lat="0.00054799997" lon="-0.0009872458" />
  <node id="7351" visible="true" version="1" lat="0.0005526629" lon="-0.00098340101" />
  <node id="7352" visible="true" version="1" lat="0.00059410292" lon="-0.00094420303" />
  <node id="7353" visible="true" version="1" lat="0.00064555883" lon="-0.00087754354" />
  <node id="7354" visible="true" version="1" lat="0.00068373498" lon="-0.00080259081" />
  <node id="7355" visible="true" version="1" lat="0.0007064038" lon="-0.00072009686" />
  <node id="7356" visible="true" version="1" lat="0.00071549462" lon="-0.00063831859" />
  <node id="7357" visible="true" version="1" lat="0.00071547292" lon="-0.0006318076" />
  <node id="7358" visible="true" version="1" lat="0.00071515368" lon="-0.0006013062" />
  <node id="7359" visible="true" version="1" lat="0.00071512383" lon="-0.00059852142" />
  <node id="7360" visible="true" version="1" lat="0.00071509489" lon="-0.00059573665" />
  <node id="7361" visible="true" version="1" lat="0.00071509399" lon="-0.00059564681" />
  <node id="7362" visible="true" version="1" lat="0.00071509308" lon="-0.00059555698" />
  <node id="7363" visible="true" version="1" lat="0.00071504696" lon="-0.00059115524" />
  <node id="7364" visible="true" version="1" lat="0.00071500084" lon="-0.00058675439" />
  <node id="7365" visible="true" version="1" lat="0.00071498818" lon="-0.00058554167" />
  <node id="7366" visible="true" version="1" lat="0.00071497552" lon="-0.00058432894" />
  <node id="7367" visible="true" version="1" lat="0.00071497371" lon="-0.00058414928" />
  <node id="7368" visible="true" version="1" lat="0.0007149719" lon="-0.00058396961" />
  <node id="7369" visible="true" version="1" lat="0.00071495653" lon="-0.00058253231" />
  <node id="7370" visible="true" version="1" lat="0.00071494115" lon="-0.000581095" />
  <node id="7371" visible="true" version="1" lat="0.00071492306" lon="-0.00057934329" />
  <node id="7372" visible="true" version="1" lat="0.00071490498" lon="-0.00057759157" />
  <node id="7373" visible="true" version="1" lat="0.00071159498" lon="-0.00026194065" />
  <node id="7374" visible="true" version="1" lat="0.00071152263" lon="-0.00025502452" />
  <node id="7375" visible="true" version="1" lat="0.00071151902" lon="-0.0002546652" />
  <node id="7376" visible="true" version="1" lat="0.00071151449" lon="-0.00025430587" />
  <node id="7377" visible="true" version="1" lat="0.00071149912" lon="-0.00025277873" />
  <node id="7378" visible="true" version="1" lat="0.00071148284" lon="-0.0002512516" />
  <node id="7379" visible="true" version="1" lat="0.00071146656" lon="-0.00024972446" />
  <node id="7380" visible="true" version="1" lat="0.00071145842" lon="-0.00024891598" />
  <node id="7381" visible="true" version="1" lat="0.00071145752" lon="-0.00024887106" />
  <node id="7382" visible="true" version="1" lat="0.00071145752" lon="-0.00024882615" />
  <node id="7383" visible="true" version="1" lat="0.00071145571" lon="-0.00024864648" />
  <node id="7384" visible="true" version="1" lat="0.000711453" lon="-0.00024837699" />
  <node id="7385" visible="true" version="1" lat="0.00071145119" lon="-0.00024824224" />
  <node id="7386" visible="true" version="1" lat="0.00071145028" lon="-0.00024810749" />
  <node id="7387" visible="true" version="1" lat="0.00070993541" lon="-0.00018147722" />
  <node id="7388" visible="true" version="1" lat="0.00070933406" lon="-0.00004633331" />
  <node id="7389" visible="true" version="1" lat="0.00070933406" lon="-0.00004632702" />
  <node id="7390" visible="true" version="1" lat="0.00070923458" lon="-0.00003685877" />
  <node id="7391" visible="true" version="1" lat="0.00070889273" lon="-0.00001113552" />
  <node id="7392" visible="true" version="1" lat="0.00070830851" lon="0.00002522649" />
  <node id="7393" visible="true" version="1" lat="0.00070798474" lon="0.00006650767" />
  <node id="7394" visible="true" version="1" lat="0.00070798474" lon="0.00006651126" />
  <node id="7395" visible="true" version="1" lat="0.00070819908" lon="0.00058659269" />
  <node id="7396" visible="true" version="1" lat="0.0007081421" lon="0.00059427149" />
  <node id="7397" visible="true" version="1" lat="0.00069927657" lon="0.00067999772" />
  <node id="7398" visible="true" version="1" lat="0.00067556309" lon="0.00076289246" />
  <node id="7399" visible="true" version="1" lat="0.00063772066" lon="0.00084043863" />
  <node id="7400" visible="true" version="1" lat="0.00058690052" lon="0.00091028264" />
  <node id="7401" visible="true" version="1" lat="0.00052464463" lon="0.00097030178" />
  <node id="7402" visible="true" version="1" lat="0.00045284402" lon="0.00101867426" />
  <node id="7403" visible="true" version="1" lat="0.00037367914" lon="0.00105392954" />
  <node id="7404" visible="true" version="1" lat="0.00028955469" lon="0.00107499953" />
  <node id="7405" visible="true" version="1" lat="0.00020302552" lon="0.00108124102" />
  <node id="7406" visible="true" version="1" lat="0.00020184532" lon="0.00108122395" />
  <node id="7407" visible="true" version="1" lat="0.00014539548" lon="0.00108091044" />
  <node id="7408" visible="true" version="1" lat="0.00013931721" lon="0.001080932" />
  <node id="7411" visible="true" version="1" lat="0.00011322667" lon="0.00108051846" />
  <node id="7412" visible="true" version="1" lat="0.00006157671" lon="0.00108065352" />
  <node id="7413" visible="true" version="1" lat="0.00003938167" lon="0.00108050351" />
  <node id="7414" visible="true" version="1" lat="0.00003734684" lon="0.00108049003" />
  <node id="7415" visible="true" version="1" lat="0.00003531201" lon="0.00108047566" />
  <node id="7416" visible="true" version="1" lat="0.00003422677" lon="0.00108046847" />
  <node id="7417" visible="true" version="1" lat="0.00003314152" lon="0.00108046128" />
  <node id="7418" visible="true" version="1" lat="0.00001853686" lon="0.00108036247" />
  <node id="7419" visible="true" version="1" lat="0.00000393129" lon="0.00108026365" />
  <node id="7420" visible="true" version="1" lat="0.00000311736" lon="0.00108025827" />
  <node id="7421" visible="true" version="1" lat="0.00000230343" lon="0.00108025198" />
  <node id="7422" visible="true" version="1" lat="0.0000014895" lon="0.00108024659" />
  <node id="7423" visible="true" version="1" lat="0.00000067556" lon="0.0010802412" />
  <node id="7424" visible="true" version="1" lat="-0.00000149402" lon="0.00108022682" />
  <node id="7425" visible="true" version="1" lat="-0.00000366451" lon="0.00108021155" />
  <node id="7426" visible="true" version="1" lat="-0.00000584313" lon="0.00108019718" />
  <node id="7427" visible="true" version="1" lat="-0.00000802176" lon="0.00108018281" />
  <node id="7428" visible="true" version="1" lat="-0.00017913931" lon="0.00107902308" />
  <node id="7429" visible="true" version="1" lat="-0.00035025687" lon="0.00107786425" />
  <node id="7430" visible="true" version="1" lat="-0.00035909618" lon="0.00107780407" />
  <node id="7431" visible="true" version="1" lat="-0.00036793549" lon="0.00107774388" />
  <node id="7432" visible="true" version="1" lat="-0.00036938248" lon="0.0010777349" />
  <node id="7433" visible="true" version="1" lat="-0.00037082947" lon="0.00107772502" />
  <node id="7434" visible="true" version="1" lat="-0.00037200515" lon="0.00107771693" />
  <node id="7435" visible="true" version="1" lat="-0.00037318083" lon="0.00107770885" />
  <node id="7436" visible="true" version="1" lat="-0.00037467304" lon="0.00107769896" />
  <node id="7437" visible="true" version="1" lat="-0.00037616525" lon="0.00107768819" />
  <node id="7438" visible="true" version="1" lat="-0.00037621047" lon="0.00107768819" />
  <node id="7439" visible="true" version="1" lat="-0.00037625569" lon="0.00107768819" />
  <node id="7440" visible="true" version="1" lat="-0.00037684353" lon="0.00107768369" />
  <node id="7441" visible="true" version="1" lat="-0.00037743137" lon="0.0010776801" />
  <node id="7442" visible="true" version="1" lat="-0.00037815486" lon="0.00107767471" />
  <node id="7443" visible="true" version="1" lat="-0.00037887836" lon="0.00107767022" />
  <node id="7444" visible="true" version="1" lat="-0.00038064188" lon="0.00107765854" />
  <node id="7445" visible="true" version="1" lat="-0.0003824054" lon="0.00107764596" />
  <node id="7446" visible="true" version="1" lat="-0.00043250656" lon="0.0010773073" />
  <node id="7447" visible="true" version="1" lat="-0.00048260682" lon="0.00107696774" />
  <node id="7448" visible="true" version="1" lat="-0.00048351119" lon="0.00107696145" />
  <node id="7449" visible="true" version="1" lat="-0.00048441556" lon="0.00107695516" />
  <node id="7450" visible="true" version="1" lat="-0.00048446078" lon="0.00107695516" />
  <node id="7451" visible="true" version="1" lat="-0.000484506" lon="0.00107695426" />
  <node id="7452" visible="true" version="1" lat="-0.00048531993" lon="0.00107694887" />
  <node id="7453" visible="true" version="1" lat="-0.00048613386" lon="0.00107694348" />
  <node id="7454" visible="true" version="1" lat="-0.00051568323" lon="0.00107674316" />
  <node id="7455" visible="true" version="1" lat="-0.0005452326" lon="0.00107654283" />
  <node id="7456" visible="true" version="1" lat="-0.00055163101" lon="0.00107649971" />
  <node id="7457" visible="true" version="1" lat="-0.00055802943" lon="0.00107645659" />
  <node id="7458" visible="true" version="1" lat="-0.00062397967" lon="0.00107601013" />
  <node id="7459" visible="true" version="1" lat="-0.00068992991" lon="0.00107556277" />
  <node id="7460" visible="true" version="1" lat="-0.00071934362" lon="0.00107536335" />
  <node id="7461" visible="true" version="1" lat="-0.00074875643" lon="0.00107516482" />
  <node id="7462" visible="true" version="1" lat="-0.00074898252" lon="0.00107516302" />
  <node id="7463" visible="true" version="1" lat="-0.00074920861" lon="0.00107516122" />
  <node id="7464" visible="true" version="1" lat="-0.0007496608" lon="0.00107515853" />
  <node id="7465" visible="true" version="1" lat="-0.00075011298" lon="0.00107515494" />
  <node id="7466" visible="true" version="1" lat="-0.00075051995" lon="0.00107515224" />
  <node id="7467" visible="true" version="1" lat="-0.00075092692" lon="0.00107514955" />
  <node id="7468" visible="true" version="1" lat="-0.00083425009" lon="0.0010745854" />
  <node id="7469" visible="true" version="1" lat="-0.00086533599" lon="0.00107354875" />
  <node id="7470" visible="true" version="1" lat="-0.00095568431" lon="0.00106101096" />
  <node id="7471" visible="true" version="1" lat="-0.00104294692" lon="0.00103459331" />
  <node id="7472" visible="true" version="1" lat="-0.00136654026" lon="0.00001144544" />
  <node id="7473" visible="true" version="1" lat="-0.00136645344" lon="-0.00000247935" />
  <node id="7474" visible="true" version="1" lat="-0.00136566574" lon="-0.00012990358" />
  <node id="7475" visible="true" version="1" lat="-0.00136487713" lon="-0.0002573269" />
  <node id="7476" visible="true" version="1" lat="-0.00136487532" lon="-0.00025764132" />
  <node id="7477" visible="true" version="1" lat="-0.00136487351" lon="-0.00025795573" />
  <node id="7478" visible="true" version="1" lat="-0.00136487261" lon="-0.00025809047" />
  <node id="7479" visible="true" version="1" lat="-0.0013648717" lon="-0.00025822522" />
  <node id="7480" visible="true" version="1" lat="-0.00136486356" lon="-0.00025952778" />
  <node id="7481" visible="true" version="1" lat="-0.00136485542" lon="-0.00026083033" />
  <node id="7482" visible="true" version="1" lat="-0.00136466551" lon="-0.00029146199" />
  <node id="7483" visible="true" version="1" lat="-0.00136447649" lon="-0.00032209454" />
  <node id="7484" visible="true" version="1" lat="-0.00136387961" lon="-0.00041852689" />
  <node id="7485" visible="true" version="1" lat="-0.00136328272" lon="-0.00051495924" />
  <node id="7486" visible="true" version="1" lat="-0.00136328182" lon="-0.00051509398" />
  <node id="7487" visible="true" version="1" lat="-0.00136328182" lon="-0.00051522873" />
  <node id="7488" visible="true" version="1" lat="-0.00136321128" lon="-0.00052661398" />
  <node id="7489" visible="true" version="1" lat="-0.00136135642" lon="-0.00060065223" />
  <node id="7490" visible="true" version="1" lat="-0.00136127231" lon="-0.00060169607" />
  <node id="7491" visible="true" version="1" lat="-0.00136118549" lon="-0.00060273991" />
  <node id="7492" visible="true" version="1" lat="-0.00135766749" lon="-0.00063347128" />
  <node id="7493" visible="true" version="1" lat="-0.00135230911" lon="-0.00066393944" />
  <node id="7494" visible="true" version="1" lat="-0.0013511289" lon="-0.00066948564" />
  <node id="7495" visible="true" version="1" lat="-0.00134988811" lon="-0.00067501926" />
  <node id="7496" visible="true" version="1" lat="-0.00134098007" lon="-0.00070853181" />
  <node id="7497" visible="true" version="1" lat="-0.00130865429" lon="-0.0007898509" />
  <node id="7498" visible="true" version="1" lat="-0.00126302252" lon="-0.00086461319" />
  <node id="7499" visible="true" version="1" lat="-0.00120538524" lon="-0.00093068787" />
  <node id="7500" visible="true" version="1" lat="-0.00113738208" lon="-0.00098619567" />
  <node id="7501" visible="true" version="1" lat="-0.0011322534" lon="-0.00098966227" />
  <node id="7502" visible="true" version="1" lat="-0.00108013368" lon="-0.00102159199" />
  <node id="7503" visible="true" version="1" lat="-0.00098821176" lon="-0.00106559237" />
  <node id="7504" visible="true" version="1" lat="-0.00089133842" lon="-0.00109743136" />
  <node id="7505" visible="true" version="1" lat="-0.00079113699" lon="-0.00111657715" />
  <node id="7506" visible="true" version="1" lat="-0.000689286" lon="-0.00112270905" />
  <node id="7507" visible="true" version="1" lat="-0.00068377567" lon="-0.00112266683" />
  <node id="7508" visible="true" version="1" lat="-0.00039525106" lon="-0.00111945446" />
  <node id="7544" visible="true" version="1" lat="-0.0007072135" lon="0.00078098285" />
  <node id="7545" visible="true" version="1" lat="-0.00069882058" lon="0.00078805057" />
  <node id="7575" visible="true" version="1" lat="-0.0001886027" lon="-0.00093277207" />
  <node id="7576" visible="true" version="1" lat="-0.00018877929" lon="-0.0009285338" />
  <node id="7577" visible="true" version="1" lat="-0.00018807291" lon="-0.00089533404" />
  <node id="7578" visible="true" version="1" lat="-0.00018807291" lon="-0.00088985961" />
  <node id="7579" visible="true" version="1" lat="-0.000223127" lon="-0.00026445028" />
  <node id="7580" visible="true" version="1" lat="-0.00022674719" lon="-0.00026445028" />
  <node id="7581" visible="true" version="1" lat="-0.0002643618" lon="-0.00026303752" />
  <node id="7582" visible="true" version="1" lat="-0.00026727561" lon="-0.00026303752" />
  <node id="7583" visible="true" version="1" lat="-0.00010489706" lon="-0.00059649195" />
  <node id="7584" visible="true" version="1" lat="-0.00010242474" lon="-0.0005965361" />
  <node id="7585" visible="true" version="1" lat="-0.00014436588" lon="-0.00059635955" />
  <node id="7586" visible="true" version="1" lat="-0.00014198185" lon="-0.00059653614" />
  <node id="7587" visible="true" version="1" lat="-0.00017866941" lon="-0.00048192628" />
  <node id="7588" visible="true" version="1" lat="-0.00017858112" lon="-0.00048601003" />
  <node id="7589" visible="true" version="1" lat="-0.00017941979" lon="-0.00052183678" />
  <node id="7590" visible="true" version="1" lat="-0.00017889" lon="-0.00052572186" />
  <node id="7591" visible="true" version="1" lat="-0.00018842619" lon="-0.00036210701" />
  <node id="7592" visible="true" version="1" lat="-0.00018930916" lon="-0.00035822193" />
  <node id="7593" visible="true" version="1" lat="-0.00018833789" lon="-0.00032290304" />
  <node id="7594" visible="true" version="1" lat="-0.00018833789" lon="-0.00031813499" />
  <node id="7595" visible="true" version="1" lat="0.00062152426" lon="-0.00040969921" />
  <node id="7596" visible="true" version="1" lat="0.00062567423" lon="-0.00040987581" />
  <node id="7597" visible="true" version="1" lat="0.00058258518" lon="-0.00040987581" />
  <node id="7598" visible="true" version="1" lat="0.00058647026" lon="-0.00040969921" />
  <node id="7599" visible="true" version="1" lat="0.00055044499" lon="-0.00055609601" />
  <node id="7600" visible="true" version="1" lat="0.00054717799" lon="-0.00055618431" />
  <node id="7601" visible="true" version="1" lat="0.00051097613" lon="-0.00055733218" />
  <node id="7602" visible="true" version="1" lat="0.00050647297" lon="-0.00055706728" />
  <node id="7603" visible="true" version="1" lat="0.00044025005" lon="-0.00038744831" />
  <node id="7604" visible="true" version="1" lat="0.00044051495" lon="-0.00039124509" />
  <node id="7605" visible="true" version="1" lat="0.0004419277" lon="-0.00034815605" />
  <node id="7606" visible="true" version="1" lat="0.000442016" lon="-0.00035151134" />
  <node id="7607" visible="true" version="1" lat="-0.00008776727" lon="-0.00108005184" />
  <node id="7608" visible="true" version="1" lat="-0.00008423538" lon="-0.00107987524" />
  <node id="7609" visible="true" version="1" lat="-0.00016652839" lon="-0.00102583734" />
  <node id="7610" visible="true" version="1" lat="-0.00016652839" lon="-0.00102901604" />
  <node id="7611" visible="true" version="1" lat="-0.0001661752" lon="-0.00098733975" />
  <node id="7612" visible="true" version="1" lat="-0.0001663518" lon="-0.00099087164" />
  <node id="7613" visible="true" version="1" lat="-0.00133928761" lon="-0.00043780412" />
  <node id="7614" visible="true" version="1" lat="-0.00133924149" lon="-0.00044037532" />
  <node id="7615" visible="true" version="1" lat="-0.00133854301" lon="-0.00047864894" />
  <node id="7616" visible="true" version="1" lat="-0.00133840859" lon="-0.00048093947" />
  <node id="7617" visible="true" version="1" lat="-0.00120892896" lon="-0.00056838871" />
  <node id="7618" visible="true" version="1" lat="-0.00120582797" lon="-0.00056832545" />
  <node id="7619" visible="true" version="1" lat="-0.00116889388" lon="-0.00056837355" />
  <node id="7620" visible="true" version="1" lat="-0.00116569669" lon="-0.00056826416" />
  <node id="7621" visible="true" version="1" lat="-0.00027687554" lon="0.00105594943" />
  <node id="7622" visible="true" version="1" lat="-0.00027979657" lon="0.00105603773" />
  <node id="7623" visible="true" version="1" lat="-0.00019396066" lon="0.00094998772" />
  <node id="7624" visible="true" version="1" lat="-0.00019413725" lon="0.00095378979" />
  <node id="7625" visible="true" version="1" lat="-0.00019453262" lon="0.00098960958" />
  <node id="7626" visible="true" version="1" lat="-0.0001948186" lon="0.0009933273" />
  <node id="7627" visible="true" version="1" lat="-0.00018267589" lon="0.00088966864" />
  <node id="7628" visible="true" version="1" lat="-0.00018281888" lon="0.00088652287" />
  <node id="7629" visible="true" version="1" lat="-0.00018213754" lon="0.00084873336" />
  <node id="7630" visible="true" version="1" lat="-0.00018213754" lon="0.00084630254" />
  <way id="1296" visible="true" version="1">
    <nd ref="1898" />
    <nd ref="1899" />
    <nd ref="1900" />
    <nd ref="1901" />
    <nd ref="1902" />
    <nd ref="1903" />
    <nd ref="1904" />
    <nd ref="1905" />
    <nd ref="1906" />
    <nd ref="1907" />
    <tag k="subtype" v="dashed" />
    <tag k="type" v="line_thin" />
  </way>
  <way id="1297" visible="true" version="1">
    <nd ref="1924" />
    <nd ref="1925" />
    <nd ref="1926" />
    <nd ref="1927" />
    <nd ref="1928" />
    <nd ref="1929" />
    <nd ref="1930" />
    <nd ref="1931" />
    <nd ref="1932" />
    <nd ref="1933" />
    <tag k="subtype" v="solid" />
    <tag k="type" v="line_thin" />
  </way>
  <way id="1298" visible="true" version="1">
    <nd ref="1936" />
    <nd ref="1937" />
    <nd ref="1938" />
    <nd ref="1939" />
    <nd ref="1940" />
    <nd ref="1941" />
    <nd ref="1942" />
    <nd ref="1943" />
    <nd ref="1944" />
    <nd ref="1945" />
    <nd ref="1946" />
    <tag k="subtype" v="high" />
    <tag k="type" v="curbstone" />
  </way>
  <way id="1299" visible="true" version="1">
    <nd ref="1966" />
    <nd ref="1967" />
    <nd ref="1968" />
    <tag k="subtype" v="solid" />
    <tag k="type" v="line_thick" />
  </way>
  <way id="1300" visible="true" version="1">
    <nd ref="1969" />
    <nd ref="1970" />
    <nd ref="1971" />
    <tag k="subtype" v="dashed" />
    <tag k="type" v="line_thin" />
  </way>
  <way id="1301" visible="true" version="1">
    <nd ref="1975" />
    <nd ref="1976" />
    <nd ref="1977" />
    <tag k="subtype" v="dashed" />
    <tag k="type" v="line_thin" />
  </way>
  <way id="1302" visible="true" version="1">
    <nd ref="1978" />
    <nd ref="1979" />
    <nd ref="1980" />
    <tag k="subtype" v="solid" />
    <tag k="type" v="line_thin" />
  </way>
  <way id="1303" visible="true" version="1">
    <nd ref="2019" />
    <nd ref="2020" />
    <nd ref="2021" />
    <nd ref="2022" />
    <nd ref="2023" />
    <nd ref="2024" />
    <nd ref="2025" />
    <nd ref="2026" />
    <nd ref="2027" />
    <tag k="subtype" v="dashed" />
    <tag k="type" v="line_thin" />
  </way>
  <way id="1304" visible="true" version="1">
    <nd ref="2039" />
    <nd ref="2042" />
    <nd ref="2043" />
    <nd ref="2044" />
    <nd ref="2045" />
    <nd ref="2046" />
    <nd ref="2047" />
    <tag k="subtype" v="solid" />
    <tag k="type" v="line_thin" />
  </way>
  <way id="1305" visible="true" version="1">
    <nd ref="2068" />
    <nd ref="2069" />
    <nd ref="2070" />
    <tag k="type" v="road_border" />
  </way>
  <way id="1306" visible="true" version="1">
    <nd ref="2071" />
    <nd ref="2072" />
    <nd ref="2073" />
    <tag k="subtype" v="high" />
    <tag k="type" v="curbstone" />
  </way>
  <way id="1307" visible="true" version="1">
    <nd ref="2079" />
    <nd ref="2080" />
    <nd ref="2081" />
    <nd ref="2082" />
    <nd ref="2083" />
    <nd ref="2084" />
    <tag k="subtype" v="solid" />
    <tag k="type" v="line_thick" />
  </way>
  <way id="1308" visible="true" version="1">
    <nd ref="2099" />
    <nd ref="2100" />
    <nd ref="2101" />
    <nd ref="2102" />
    <nd ref="2103" />
    <nd ref="2104" />
    <tag k="subtype" v="dashed" />
    <tag k="type" v="line_thin" />
  </way>
  <way id="1309" visible="true" version="1">
    <nd ref="2119" />
    <nd ref="2120" />
    <nd ref="2121" />
    <nd ref="2122" />
    <nd ref="2123" />
    <nd ref="2124" />
    <tag k="subtype" v="solid" />
    <tag k="type" v="line_thin" />
  </way>
  <way id="1310" visible="true" version="1">
    <nd ref="2137" />
    <nd ref="2138" />
    <nd ref="2139" />
    <nd ref="2140" />
    <nd ref="2141" />
    <nd ref="2142" />
    <nd ref="2143" />
    <tag k="subtype" v="solid" />
    <tag k="type" v="line_thick" />
  </way>
  <way id="1311" visible="true" version="1">
    <nd ref="6536" />
    <nd ref="5325" />
    <nd ref="5324" />
    <nd ref="5323" />
    <nd ref="5322" />
    <nd ref="5321" />
    <nd ref="5320" />
    <nd ref="5319" />
    <nd ref="5318" />
    <nd ref="5317" />
    <tag k="type" v="road_border" />
  </way>
  <way id="1312" visible="true" version="1">
    <nd ref="6402" />
    <nd ref="5282" />
    <nd ref="5281" />
    <nd ref="5280" />
    <nd ref="5279" />
    <nd ref="5278" />
    <nd ref="5277" />
    <nd ref="5276" />
    <nd ref="5275" />
    <nd ref="5274" />
    <nd ref="5273" />
    <nd ref="5272" />
    <nd ref="5271" />
    <nd ref="5270" />
    <nd ref="5269" />
    <nd ref="5268" />
    <nd ref="5267" />
    <nd ref="5266" />
    <nd ref="5265" />
    <nd ref="5264" />
    <nd ref="5263" />
    <nd ref="5262" />
    <nd ref="5261" />
    <nd ref="5260" />
    <nd ref="5259" />
    <nd ref="5258" />
    <nd ref="6543" />
    <tag k="type" v="virtual" />
  </way>
  <way id="1313" visible="true" version="1">
    <nd ref="6994" />
    <nd ref="7074" />
    <nd ref="7073" />
    <nd ref="7072" />
    <nd ref="7071" />
    <nd ref="7070" />
    <nd ref="7069" />
    <nd ref="7068" />
    <nd ref="7067" />
    <nd ref="7066" />
    <nd ref="7065" />
    <nd ref="7064" />
    <nd ref="7063" />
    <nd ref="7062" />
    <nd ref="7061" />
    <nd ref="7060" />
    <nd ref="7059" />
    <nd ref="7058" />
    <nd ref="6972" />
    <tag k="type" v="road_border" />
  </way>
  <way id="1314" visible="true" version="1">
    <nd ref="4031" />
    <nd ref="6465" />
    <tag k="subtype" v="dashed" />
    <tag k="type" v="line_thin" />
  </way>
  <way id="1315" visible="true" version="1">
    <nd ref="1980" />
    <nd ref="3587" />
    <nd ref="3588" />
    <nd ref="3589" />
    <nd ref="3590" />
    <nd ref="3591" />
    <nd ref="3592" />
    <nd ref="3593" />
    <nd ref="3594" />
    <nd ref="3968" />
    <nd ref="3898" />
    <nd ref="3595" />
    <nd ref="4051" />
    <nd ref="4046" />
    <nd ref="4042" />
    <nd ref="3989" />
    <nd ref="3596" />
    <nd ref="3597" />
    <nd ref="3598" />
    <nd ref="3599" />
    <nd ref="1910" />
    <tag k="type" v="virtual" />
  </way>
  <way id="1316" visible="true" version="1">
    <nd ref="1980" />
    <nd ref="3616" />
    <nd ref="3617" />
    <nd ref="3618" />
    <nd ref="3619" />
    <nd ref="3620" />
    <nd ref="3621" />
    <nd ref="3622" />
    <nd ref="3623" />
    <nd ref="3624" />
    <nd ref="3625" />
    <nd ref="3626" />
    <nd ref="3627" />
    <nd ref="3628" />
    <nd ref="3921" />
    <nd ref="4039" />
    <nd ref="4260" />
    <nd ref="6923" />
    <tag k="type" v="virtual" />
  </way>
  <way id="1317" visible="true" version="1">
    <nd ref="7077" />
    <nd ref="7076" />
    <nd ref="7075" />
    <tag k="subtype" v="high" />
    <tag k="type" v="curbstone" />
  </way>
  <way id="1318" visible="true" version="1">
    <nd ref="1936" />
    <nd ref="3656" />
    <nd ref="3657" />
    <nd ref="4891" />
    <nd ref="4890" />
    <nd ref="4889" />
    <nd ref="4888" />
    <nd ref="4887" />
    <nd ref="6915" />
    <tag k="subtype" v="high" />
    <tag k="type" v="curbstone" />
  </way>
  <way id="1319" visible="true" version="1">
    <nd ref="6994" />
    <nd ref="6993" />
    <nd ref="6992" />
    <tag k="type" v="road_border" />
  </way>
  <way id="1320" visible="true" version="1">
    <nd ref="6531" />
    <nd ref="3872" />
    <tag k="subtype" v="dashed" />
    <tag k="type" v="line_thin" />
  </way>
  <way id="1321" visible="true" version="1">
    <nd ref="7243" />
    <nd ref="4857" />
    <nd ref="4856" />
    <nd ref="4855" />
    <nd ref="4854" />
    <nd ref="4853" />
    <nd ref="4852" />
    <nd ref="4851" />
    <nd ref="4850" />
    <nd ref="4849" />
    <nd ref="4848" />
    <nd ref="4847" />
    <nd ref="4846" />
    <nd ref="4845" />
    <nd ref="4844" />
    <nd ref="4843" />
    <nd ref="4842" />
    <nd ref="4841" />
    <nd ref="4840" />
    <nd ref="4839" />
    <nd ref="4838" />
    <nd ref="4106" />
    <nd ref="4090" />
    <nd ref="4837" />
    <nd ref="4836" />
    <nd ref="4835" />
    <nd ref="4834" />
    <nd ref="4059" />
    <nd ref="4117" />
    <nd ref="4066" />
    <nd ref="2187" />
    <tag k="type" v="virtual" />
  </way>
  <way id="1322" visible="true" version="1">
    <nd ref="6749" />
    <nd ref="3760" />
    <nd ref="3761" />
    <nd ref="3762" />
    <nd ref="3763" />
    <nd ref="3764" />
    <nd ref="3765" />
    <nd ref="3766" />
    <nd ref="3889" />
    <nd ref="3933" />
    <nd ref="3918" />
    <nd ref="3767" />
    <nd ref="3993" />
    <tag k="type" v="road_border" />
  </way>
  <way id="1323" visible="true" version="1">
    <nd ref="6752" />
    <nd ref="4076" />
    <nd ref="3996" />
    <nd ref="3780" />
    <nd ref="3781" />
    <nd ref="3782" />
    <nd ref="3783" />
    <nd ref="3784" />
    <nd ref="3913" />
    <nd ref="3785" />
    <nd ref="3786" />
    <nd ref="3941" />
    <nd ref="3770" />
    <tag k="subtype" v="high" />
    <tag k="type" v="curbstone" />
  </way>
  <way id="1324" visible="true" version="1">
    <nd ref="5317" />
    <nd ref="6664" />
    <nd ref="6665" />
    <nd ref="6666" />
    <tag k="type" v="road_border" />
  </way>
  <way id="1325" visible="true" version="1">
    <nd ref="4113" />
    <nd ref="6443" />
    <nd ref="3948" />
    <tag k="subtype" v="solid" />
    <tag k="type" v="line_thin" />
  </way>
  <way id="1326" visible="true" version="1">
    <nd ref="2167" />
    <nd ref="2168" />
    <nd ref="2169" />
    <nd ref="2170" />
    <nd ref="2171" />
    <nd ref="2172" />
    <tag k="subtype" v="solid" />
    <tag k="type" v="line_thin" />
  </way>
  <way id="1327" visible="true" version="1">
    <nd ref="4195" />
    <nd ref="6466" />
    <nd ref="4031" />
    <tag k="subtype" v="dashed" />
    <tag k="type" v="line_thin" />
  </way>
  <way id="1328" visible="true" version="1">
    <nd ref="4710" />
    <nd ref="4709" />
    <nd ref="4708" />
    <nd ref="4085" />
    <nd ref="4707" />
    <nd ref="4706" />
    <tag k="subtype" v="high" />
    <tag k="type" v="curbstone" />
  </way>
  <way id="1329" visible="true" version="1">
    <nd ref="4002" />
    <nd ref="6489" />
    <nd ref="3754" />
    <tag k="subtype" v="high" />
    <tag k="type" v="curbstone" />
  </way>
  <way id="1330" visible="true" version="1">
    <nd ref="4237" />
    <nd ref="4676" />
    <nd ref="4675" />
    <nd ref="4674" />
    <nd ref="4673" />
    <nd ref="4672" />
    <tag k="type" v="road_border" />
  </way>
  <way id="1331" visible="true" version="1">
    <nd ref="4716" />
    <nd ref="4715" />
    <nd ref="4714" />
    <nd ref="4713" />
    <nd ref="4712" />
    <nd ref="4711" />
    <nd ref="4710" />
    <tag k="subtype" v="high" />
    <tag k="type" v="curbstone" />
  </way>
  <way id="1332" visible="true" version="1">
    <nd ref="6464" />
    <nd ref="6463" />
    <nd ref="6462" />
    <tag k="subtype" v="solid" />
    <tag k="type" v="line_thin" />
  </way>
  <way id="1333" visible="true" version="1">
    <nd ref="6510" />
    <nd ref="6509" />
    <nd ref="6508" />
    <tag k="subtype" v="high" />
    <tag k="type" v="curbstone" />
  </way>
  <way id="1334" visible="true" version="1">
    <nd ref="3183" />
    <nd ref="3185" />
    <tag k="subtype" v="red_yellow_green" />
    <tag k="type" v="traffic_light" />
  </way>
  <way id="1335" visible="true" version="1">
    <nd ref="3525" />
    <nd ref="3526" />
    <nd ref="3527" />
    <nd ref="3528" />
    <nd ref="3529" />
    <nd ref="3530" />
    <nd ref="3531" />
    <nd ref="3532" />
    <nd ref="3533" />
    <nd ref="3534" />
    <nd ref="3535" />
    <nd ref="3536" />
    <nd ref="3537" />
    <nd ref="3538" />
    <nd ref="3539" />
    <nd ref="3540" />
    <nd ref="3541" />
    <nd ref="1966" />
    <tag k="type" v="virtual" />
  </way>
  <way id="1336" visible="true" version="1">
    <nd ref="6924" />
    <nd ref="5809" />
    <nd ref="5808" />
    <nd ref="5807" />
    <nd ref="5806" />
    <nd ref="5805" />
    <nd ref="5804" />
    <nd ref="5803" />
    <nd ref="5802" />
    <nd ref="5801" />
    <nd ref="5800" />
    <nd ref="5799" />
    <nd ref="5798" />
    <nd ref="5797" />
    <nd ref="5796" />
    <nd ref="5795" />
    <nd ref="5794" />
    <nd ref="5793" />
    <nd ref="5792" />
    <nd ref="5791" />
    <nd ref="7100" />
    <tag k="type" v="virtual" />
  </way>
  <way id="1337" visible="true" version="1">
    <nd ref="7473" />
    <nd ref="7472" />
    <nd ref="4229" />
    <nd ref="4227" />
    <nd ref="4225" />
    <nd ref="4223" />
    <tag k="type" v="road_border" />
  </way>
  <way id="1338" visible="true" version="1">
    <nd ref="2267" />
    <nd ref="2268" />
    <nd ref="2269" />
    <nd ref="2270" />
    <nd ref="2271" />
    <nd ref="2272" />
    <nd ref="2273" />
    <nd ref="2274" />
    <nd ref="2275" />
    <nd ref="2276" />
    <nd ref="2277" />
    <nd ref="2278" />
    <nd ref="2279" />
    <nd ref="2280" />
    <nd ref="2281" />
    <nd ref="2282" />
    <nd ref="2283" />
    <nd ref="2284" />
    <nd ref="2285" />
    <nd ref="2286" />
    <nd ref="2287" />
    <tag k="subtype" v="high" />
    <tag k="type" v="curbstone" />
  </way>
  <way id="1339" visible="true" version="1">
    <nd ref="6414" />
    <nd ref="2569" />
    <nd ref="2570" />
    <nd ref="2571" />
    <nd ref="2572" />
    <nd ref="2573" />
    <nd ref="2574" />
    <nd ref="2575" />
    <nd ref="2576" />
    <nd ref="2577" />
    <nd ref="2578" />
    <nd ref="2579" />
    <nd ref="2580" />
    <nd ref="2581" />
    <nd ref="2582" />
    <nd ref="2583" />
    <nd ref="2584" />
    <nd ref="2585" />
    <nd ref="2586" />
    <nd ref="2587" />
    <nd ref="2588" />
    <nd ref="2589" />
    <nd ref="2590" />
    <nd ref="2591" />
    <nd ref="2592" />
    <nd ref="2593" />
    <nd ref="2594" />
    <nd ref="2595" />
    <nd ref="2596" />
    <nd ref="2597" />
    <nd ref="2598" />
    <nd ref="2599" />
    <nd ref="2600" />
    <nd ref="2601" />
    <nd ref="2602" />
    <nd ref="2603" />
    <nd ref="2604" />
    <nd ref="2605" />
    <nd ref="6716" />
    <tag k="type" v="virtual" />
  </way>
  <way id="1340" visible="true" version="1">
    <nd ref="7125" />
    <nd ref="7124" />
    <nd ref="7123" />
    <tag k="subtype" v="solid" />
    <tag k="type" v="line_thin" />
  </way>
  <way id="1341" visible="true" version="1">
    <nd ref="3924" />
    <nd ref="6867" />
    <tag k="subtype" v="high" />
    <tag k="type" v="curbstone" />
  </way>
  <way id="1342" visible="true" version="1">
    <nd ref="7161" />
    <nd ref="7160" />
    <nd ref="7159" />
    <tag k="subtype" v="dashed" />
    <tag k="type" v="line_thin" />
  </way>
  <way id="1343" visible="true" version="1">
    <nd ref="3914" />
    <nd ref="6526" />
    <tag k="subtype" v="solid" />
    <tag k="type" v="line_thin" />
  </way>
  <way id="1344" visible="true" version="1">
    <nd ref="2035" />
    <nd ref="2036" />
    <tag k="subtype" v="dashed" />
    <tag k="type" v="line_thin" />
  </way>
  <way id="1345" visible="true" version="1">
    <nd ref="7194" />
    <nd ref="7193" />
    <tag k="subtype" v="dashed" />
    <tag k="type" v="line_thin" />
  </way>
  <way id="1346" visible="true" version="1">
    <nd ref="3114" />
    <nd ref="3116" />
    <tag k="subtype" v="red_yellow_green" />
    <tag k="type" v="traffic_light" />
  </way>
  <way id="1347" visible="true" version="1">
    <nd ref="7158" />
    <nd ref="7157" />
    <tag k="subtype" v="solid" />
    <tag k="type" v="line_thin" />
  </way>
  <way id="1348" visible="true" version="1">
    <nd ref="2323" />
    <nd ref="2326" />
    <nd ref="2327" />
    <nd ref="2328" />
    <nd ref="2329" />
    <nd ref="2330" />
    <nd ref="2331" />
    <tag k="subtype" v="high" />
    <tag k="type" v="curbstone" />
  </way>
  <way id="1349" visible="true" version="1">
    <nd ref="7411" />
    <nd ref="7408" />
    <nd ref="7407" />
    <nd ref="7406" />
    <nd ref="7405" />
    <nd ref="7404" />
    <nd ref="7403" />
    <tag k="type" v="road_border" />
  </way>
  <way id="1350" visible="true" version="1">
    <nd ref="2349" />
    <nd ref="2350" />
    <nd ref="2351" />
    <nd ref="2352" />
    <nd ref="2353" />
    <nd ref="2354" />
    <nd ref="2355" />
    <nd ref="2356" />
    <nd ref="2357" />
    <nd ref="2358" />
    <nd ref="2359" />
    <nd ref="2360" />
    <nd ref="2361" />
    <nd ref="2362" />
    <nd ref="2363" />
    <nd ref="2364" />
    <nd ref="2365" />
    <nd ref="2366" />
    <nd ref="2367" />
    <nd ref="2368" />
    <nd ref="2369" />
    <nd ref="2370" />
    <nd ref="2371" />
    <nd ref="2372" />
    <nd ref="2373" />
    <nd ref="2374" />
    <nd ref="2375" />
    <nd ref="2376" />
    <tag k="subtype" v="high" />
    <tag k="type" v="curbstone" />
  </way>
  <way id="1351" visible="true" version="1">
    <nd ref="7383" />
    <nd ref="7382" />
    <nd ref="7381" />
    <nd ref="7380" />
    <nd ref="7379" />
    <nd ref="7378" />
    <nd ref="7377" />
    <nd ref="7376" />
    <nd ref="7375" />
    <nd ref="7374" />
    <nd ref="7373" />
    <nd ref="7372" />
    <nd ref="7371" />
    <nd ref="7370" />
    <nd ref="7369" />
    <nd ref="7368" />
    <nd ref="7367" />
    <nd ref="7366" />
    <nd ref="7365" />
    <nd ref="7364" />
    <nd ref="7363" />
    <nd ref="7362" />
    <nd ref="7361" />
    <nd ref="7360" />
    <nd ref="7359" />
    <nd ref="7358" />
    <tag k="type" v="road_border" />
  </way>
  <way id="1352" visible="true" version="1">
    <nd ref="3768" />
    <nd ref="3769" />
    <nd ref="3770" />
    <tag k="subtype" v="high" />
    <tag k="type" v="curbstone" />
  </way>
  <way id="1353" visible="true" version="1">
    <nd ref="2383" />
    <nd ref="2384" />
    <nd ref="2385" />
    <nd ref="2386" />
    <nd ref="2387" />
    <nd ref="2388" />
    <nd ref="2389" />
    <nd ref="2390" />
    <nd ref="2773" />
    <tag k="subtype" v="high" />
    <tag k="type" v="curbstone" />
  </way>
  <way id="1354" visible="true" version="1">
    <nd ref="7351" />
    <nd ref="7350" />
    <nd ref="7349" />
    <nd ref="7348" />
    <nd ref="7347" />
    <nd ref="7346" />
    <nd ref="7345" />
    <nd ref="7344" />
    <nd ref="2749" />
    <tag k="type" v="road_border" />
  </way>
  <way id="1355" visible="true" version="1">
    <nd ref="2143" />
    <nd ref="2144" />
    <nd ref="2145" />
    <nd ref="2146" />
    <nd ref="2147" />
    <nd ref="2148" />
    <tag k="subtype" v="solid" />
    <tag k="type" v="line_thick" />
  </way>
  <way id="1356" visible="true" version="1">
    <nd ref="2339" />
    <nd ref="2340" />
    <nd ref="2341" />
    <nd ref="2342" />
    <nd ref="2343" />
    <nd ref="2344" />
    <nd ref="2345" />
    <nd ref="2346" />
    <nd ref="2347" />
    <tag k="subtype" v="high" />
    <tag k="type" v="curbstone" />
  </way>
  <way id="1357" visible="true" version="1">
    <nd ref="1881" />
    <nd ref="1882" />
    <nd ref="1883" />
    <tag k="subtype" v="solid" />
    <tag k="type" v="line_thick" />
  </way>
  <way id="1358" visible="true" version="1">
    <nd ref="2055" />
    <nd ref="2056" />
    <nd ref="2057" />
    <nd ref="2058" />
    <nd ref="2059" />
    <nd ref="2060" />
    <nd ref="2061" />
    <nd ref="2062" />
    <nd ref="2063" />
    <tag k="subtype" v="solid" />
    <tag k="type" v="line_thin" />
  </way>
  <way id="1359" visible="true" version="1">
    <nd ref="2027" />
    <nd ref="2028" />
    <nd ref="2029" />
    <nd ref="2030" />
    <nd ref="2031" />
    <nd ref="2032" />
    <nd ref="2033" />
    <nd ref="2034" />
    <nd ref="2035" />
    <tag k="subtype" v="dashed" />
    <tag k="type" v="line_thin" />
  </way>
  <way id="1360" visible="true" version="1">
    <nd ref="1999" />
    <nd ref="2000" />
    <nd ref="2001" />
    <nd ref="2002" />
    <nd ref="2003" />
    <nd ref="2004" />
    <nd ref="2005" />
    <nd ref="2006" />
    <nd ref="2007" />
    <tag k="subtype" v="solid" />
    <tag k="type" v="line_thick" />
  </way>
  <way id="1361" visible="true" version="1">
    <nd ref="3179" />
    <nd ref="3181" />
    <tag k="subtype" v="red_yellow_green" />
    <tag k="type" v="traffic_light" />
  </way>
  <way id="1362" visible="true" version="1">
    <nd ref="7196" />
    <nd ref="7195" />
    <nd ref="1981" />
    <tag k="subtype" v="solid" />
    <tag k="type" v="line_thick" />
  </way>
  <way id="1363" visible="true" version="1">
    <nd ref="3187" />
    <nd ref="3189" />
    <tag k="subtype" v="red_yellow_green" />
    <tag k="type" v="traffic_light" />
  </way>
  <way id="1364" visible="true" version="1">
    <nd ref="6603" />
    <nd ref="6602" />
    <nd ref="6601" />
    <nd ref="6600" />
    <nd ref="6599" />
    <nd ref="6598" />
    <nd ref="6597" />
    <nd ref="6596" />
    <nd ref="6595" />
    <tag k="type" v="road_border" />
  </way>
  <way id="1365" visible="true" version="1">
    <nd ref="4502" />
    <nd ref="4499" />
    <tag k="subtype" v="solid" />
    <tag k="type" v="line_thick" />
  </way>
  <way id="1366" visible="true" version="1">
    <nd ref="6794" />
    <nd ref="6866" />
    <nd ref="6865" />
    <nd ref="6864" />
    <nd ref="6863" />
    <nd ref="6862" />
    <nd ref="6861" />
    <nd ref="6860" />
    <nd ref="6859" />
    <nd ref="6858" />
    <nd ref="6857" />
    <nd ref="6856" />
    <nd ref="6855" />
    <nd ref="6854" />
    <nd ref="6853" />
    <nd ref="6852" />
    <nd ref="6851" />
    <nd ref="6850" />
    <nd ref="6849" />
    <nd ref="6848" />
    <nd ref="6847" />
    <nd ref="6846" />
    <nd ref="6768" />
    <tag k="type" v="road_border" />
  </way>
  <way id="1367" visible="true" version="1">
    <nd ref="2012" />
    <nd ref="2014" />
    <nd ref="2015" />
    <nd ref="2016" />
    <nd ref="2017" />
    <nd ref="2018" />
    <nd ref="2019" />
    <tag k="subtype" v="dashed" />
    <tag k="type" v="line_thin" />
  </way>
  <way id="1368" visible="true" version="1">
    <nd ref="3525" />
    <nd ref="1858" />
    <nd ref="1859" />
    <nd ref="1860" />
    <nd ref="1861" />
    <nd ref="1862" />
    <nd ref="1863" />
    <nd ref="1864" />
    <nd ref="1865" />
    <nd ref="1866" />
    <nd ref="1867" />
    <nd ref="1868" />
    <tag k="subtype" v="solid" />
    <tag k="type" v="line_thick" />
  </way>
  <way id="1369" visible="true" version="1">
    <nd ref="6653" />
    <nd ref="6652" />
    <nd ref="6651" />
    <nd ref="6650" />
    <nd ref="6649" />
    <nd ref="6648" />
    <nd ref="6647" />
    <nd ref="6669" />
    <tag k="subtype" v="high" />
    <tag k="type" v="curbstone" />
  </way>
  <way id="1370" visible="true" version="1">
    <nd ref="6770" />
    <nd ref="6769" />
    <nd ref="6768" />
    <tag k="type" v="road_border" />
  </way>
  <way id="1371" visible="true" version="1">
    <nd ref="4143" />
    <nd ref="6583" />
    <nd ref="6582" />
    <tag k="subtype" v="high" />
    <tag k="type" v="curbstone" />
  </way>
  <way id="1372" visible="true" version="1">
    <nd ref="6569" />
    <nd ref="6568" />
    <nd ref="6567" />
    <tag k="subtype" v="high" />
    <tag k="type" v="curbstone" />
  </way>
  <way id="1373" visible="true" version="1">
    <nd ref="6974" />
    <nd ref="7054" />
    <nd ref="7053" />
    <nd ref="7052" />
    <nd ref="7051" />
    <nd ref="7050" />
    <nd ref="7049" />
    <nd ref="7048" />
    <nd ref="7047" />
    <nd ref="7046" />
    <nd ref="7045" />
    <nd ref="7044" />
    <nd ref="7043" />
    <nd ref="7042" />
    <nd ref="7041" />
    <nd ref="7040" />
    <nd ref="7039" />
    <nd ref="7038" />
    <nd ref="7037" />
    <nd ref="7036" />
    <nd ref="7035" />
    <nd ref="7034" />
    <nd ref="7033" />
    <nd ref="7032" />
    <nd ref="7031" />
    <nd ref="7030" />
    <nd ref="7029" />
    <nd ref="7028" />
    <nd ref="7027" />
    <nd ref="7026" />
    <nd ref="7025" />
    <nd ref="7024" />
    <nd ref="6938" />
    <tag k="type" v="road_border" />
  </way>
  <way id="1374" visible="true" version="1">
    <nd ref="2128" />
    <nd ref="2129" />
    <nd ref="2130" />
    <nd ref="2131" />
    <nd ref="2132" />
    <nd ref="2133" />
    <nd ref="2134" />
    <nd ref="2135" />
    <nd ref="2136" />
    <tag k="subtype" v="solid" />
    <tag k="type" v="line_thin" />
  </way>
  <way id="1375" visible="true" version="1">
    <nd ref="6560" />
    <nd ref="6559" />
    <nd ref="6558" />
    <tag k="type" v="road_border" />
  </way>
  <way id="1376" visible="true" version="1">
    <nd ref="7057" />
    <nd ref="7056" />
    <nd ref="7055" />
    <tag k="subtype" v="high" />
    <tag k="type" v="curbstone" />
  </way>
  <way id="1377" visible="true" version="1">
    <nd ref="1909" />
    <nd ref="2891" />
    <nd ref="2892" />
    <nd ref="2893" />
    <nd ref="2894" />
    <nd ref="2895" />
    <nd ref="2896" />
    <nd ref="2897" />
    <nd ref="2898" />
    <nd ref="2899" />
    <nd ref="2900" />
    <nd ref="2901" />
    <nd ref="2902" />
    <nd ref="2903" />
    <nd ref="2904" />
    <nd ref="2905" />
    <nd ref="2906" />
    <nd ref="2907" />
    <nd ref="2908" />
    <nd ref="2909" />
    <nd ref="2149" />
    <tag k="subtype" v="dashed" />
    <tag k="type" v="line_thin" />
  </way>
  <way id="1378" visible="true" version="1">
    <nd ref="6553" />
    <nd ref="6552" />
    <nd ref="6551" />
    <tag k="subtype" v="high" />
    <tag k="type" v="curbstone" />
  </way>
  <way id="1379" visible="true" version="1">
    <nd ref="7057" />
    <nd ref="6971" />
    <nd ref="6970" />
    <nd ref="6969" />
    <nd ref="6968" />
    <nd ref="6967" />
    <nd ref="6966" />
    <nd ref="6965" />
    <nd ref="6964" />
    <nd ref="6963" />
    <nd ref="6962" />
    <nd ref="6961" />
    <nd ref="6960" />
    <nd ref="6959" />
    <nd ref="6958" />
    <nd ref="6957" />
    <nd ref="6956" />
    <nd ref="6955" />
    <nd ref="6954" />
    <nd ref="6953" />
    <nd ref="6952" />
    <nd ref="6951" />
    <nd ref="6950" />
    <nd ref="6949" />
    <nd ref="6948" />
    <nd ref="6947" />
    <nd ref="6946" />
    <nd ref="6945" />
    <nd ref="6944" />
    <nd ref="6943" />
    <nd ref="6942" />
    <nd ref="6941" />
    <nd ref="7021" />
    <tag k="subtype" v="high" />
    <tag k="type" v="curbstone" />
  </way>
  <way id="1380" visible="true" version="1">
    <nd ref="2200" />
    <nd ref="2948" />
    <nd ref="2949" />
    <nd ref="2950" />
    <nd ref="2951" />
    <nd ref="2952" />
    <nd ref="2953" />
    <nd ref="2954" />
    <nd ref="2955" />
    <nd ref="2956" />
    <nd ref="2957" />
    <nd ref="2958" />
    <nd ref="2959" />
    <nd ref="2960" />
    <nd ref="2961" />
    <nd ref="2962" />
    <nd ref="2963" />
    <nd ref="2964" />
    <nd ref="2965" />
    <nd ref="2966" />
    <nd ref="2097" />
    <tag k="type" v="virtual" />
  </way>
  <way id="1381" visible="true" version="1">
    <nd ref="3971" />
    <nd ref="3901" />
    <nd ref="4206" />
    <nd ref="4054" />
    <nd ref="7471" />
    <nd ref="7470" />
    <nd ref="7469" />
    <nd ref="7468" />
    <nd ref="7467" />
    <tag k="type" v="road_border" />
  </way>
  <way id="1382" visible="true" version="1">
    <nd ref="6538" />
    <nd ref="6537" />
    <nd ref="6563" />
    <tag k="subtype" v="high" />
    <tag k="type" v="curbstone" />
  </way>
  <way id="1383" visible="true" version="1">
    <nd ref="6974" />
    <nd ref="6973" />
    <nd ref="6972" />
    <tag k="type" v="road_border" />
  </way>
  <way id="1384" visible="true" version="1">
    <nd ref="7159" />
    <nd ref="2986" />
    <nd ref="2987" />
    <nd ref="2988" />
    <nd ref="2989" />
    <nd ref="2990" />
    <nd ref="2991" />
    <nd ref="2992" />
    <nd ref="2993" />
    <nd ref="2994" />
    <nd ref="2995" />
    <nd ref="2996" />
    <nd ref="2997" />
    <nd ref="2998" />
    <nd ref="2999" />
    <nd ref="3001" />
    <nd ref="3003" />
    <nd ref="3004" />
    <nd ref="3006" />
    <nd ref="3008" />
    <nd ref="3009" />
    <nd ref="3010" />
    <nd ref="3011" />
    <nd ref="3012" />
    <nd ref="3013" />
    <nd ref="3014" />
    <nd ref="3015" />
    <nd ref="3016" />
    <nd ref="3017" />
    <nd ref="3018" />
    <nd ref="3019" />
    <nd ref="3020" />
    <nd ref="1975" />
    <tag k="type" v="virtual" />
  </way>
  <way id="1385" visible="true" version="1">
    <nd ref="1964" />
    <nd ref="1965" />
    <tag k="type" v="road_border" />
  </way>
  <way id="1386" visible="true" version="1">
    <nd ref="3872" />
    <nd ref="6530" />
    <nd ref="3903" />
    <tag k="subtype" v="dashed" />
    <tag k="type" v="line_thin" />
  </way>
  <way id="1387" visible="true" version="1">
    <nd ref="1949" />
    <nd ref="1950" />
    <tag k="subtype" v="high" />
    <tag k="type" v="curbstone" />
  </way>
  <way id="1388" visible="true" version="1">
    <nd ref="3817" />
    <nd ref="6521" />
    <nd ref="3807" />
    <tag k="type" v="road_border" />
  </way>
  <way id="1389" visible="true" version="1">
    <nd ref="2085" />
    <nd ref="2086" />
    <nd ref="2087" />
    <nd ref="2088" />
    <tag k="subtype" v="solid" />
    <tag k="type" v="line_thick" />
  </way>
  <way id="1390" visible="true" version="1">
    <nd ref="3929" />
    <nd ref="6400" />
    <nd ref="6653" />
    <tag k="subtype" v="high" />
    <tag k="type" v="curbstone" />
  </way>
  <way id="1391" visible="true" version="1">
    <nd ref="2105" />
    <nd ref="2106" />
    <nd ref="2107" />
    <nd ref="2108" />
    <tag k="subtype" v="dashed" />
    <tag k="type" v="line_thin" />
  </way>
  <way id="1392" visible="true" version="1">
    <nd ref="6654" />
    <nd ref="6396" />
    <nd ref="4125" />
    <tag k="type" v="road_border" />
  </way>
  <way id="1393" visible="true" version="1">
    <nd ref="2256" />
    <nd ref="2257" />
    <nd ref="2258" />
    <nd ref="2259" />
    <tag k="subtype" v="high" />
    <tag k="type" v="curbstone" />
  </way>
  <way id="1394" visible="true" version="1">
    <nd ref="6676" />
    <nd ref="6282" />
    <nd ref="6281" />
    <nd ref="6280" />
    <nd ref="6279" />
    <nd ref="6278" />
    <nd ref="6277" />
    <nd ref="6276" />
    <nd ref="6275" />
    <nd ref="6274" />
    <nd ref="6273" />
    <nd ref="6272" />
    <nd ref="6271" />
    <nd ref="6270" />
    <nd ref="6269" />
    <nd ref="6268" />
    <nd ref="6267" />
    <nd ref="6266" />
    <nd ref="6265" />
    <nd ref="6264" />
    <nd ref="6263" />
    <nd ref="6262" />
    <nd ref="6261" />
    <nd ref="7158" />
    <tag k="subtype" v="solid" />
    <tag k="type" v="line_thin" />
  </way>
  <way id="1395" visible="true" version="1">
    <nd ref="4221" />
    <nd ref="4219" />
    <nd ref="4217" />
    <nd ref="3971" />
    <tag k="type" v="road_border" />
  </way>
  <way id="1396" visible="true" version="1">
    <nd ref="2872" />
    <nd ref="5925" />
    <tag k="subtype" v="high" />
    <tag k="type" v="curbstone" />
  </way>
  <way id="1397" visible="true" version="1">
    <nd ref="7300" />
    <nd ref="6214" />
    <nd ref="6213" />
    <nd ref="6212" />
    <nd ref="6211" />
    <nd ref="6210" />
    <nd ref="6209" />
    <nd ref="6208" />
    <nd ref="6207" />
    <nd ref="6206" />
    <nd ref="6205" />
    <nd ref="6204" />
    <nd ref="6203" />
    <nd ref="6202" />
    <nd ref="6201" />
    <nd ref="6200" />
    <nd ref="6199" />
    <nd ref="6198" />
    <nd ref="6197" />
    <nd ref="6196" />
    <nd ref="6195" />
    <nd ref="6194" />
    <nd ref="6193" />
    <nd ref="6192" />
    <nd ref="6191" />
    <nd ref="6190" />
    <nd ref="6189" />
    <nd ref="6188" />
    <nd ref="7226" />
    <tag k="type" v="virtual" />
  </way>
  <way id="1398" visible="true" version="1">
    <nd ref="7355" />
    <nd ref="7354" />
    <nd ref="7353" />
    <nd ref="7352" />
    <nd ref="7351" />
    <tag k="type" v="road_border" />
  </way>
  <way id="1399" visible="true" version="1">
    <nd ref="6442" />
    <nd ref="5616" />
    <nd ref="5615" />
    <nd ref="5614" />
    <nd ref="5613" />
    <nd ref="5612" />
    <nd ref="5611" />
    <nd ref="5610" />
    <nd ref="5609" />
    <nd ref="5608" />
    <nd ref="5607" />
    <nd ref="5606" />
    <nd ref="5605" />
    <nd ref="5604" />
    <nd ref="5603" />
    <nd ref="5602" />
    <nd ref="5601" />
    <nd ref="5600" />
    <nd ref="5599" />
    <nd ref="3843" />
    <nd ref="5598" />
    <nd ref="5597" />
    <nd ref="5596" />
    <nd ref="5595" />
    <nd ref="5594" />
    <nd ref="5593" />
    <nd ref="5592" />
    <nd ref="5591" />
    <nd ref="5590" />
    <nd ref="5589" />
    <nd ref="5588" />
    <nd ref="5587" />
    <nd ref="5586" />
    <nd ref="5585" />
    <nd ref="5584" />
    <nd ref="5583" />
    <nd ref="4114" />
    <nd ref="5582" />
    <nd ref="5581" />
    <nd ref="5580" />
    <nd ref="5579" />
    <nd ref="5578" />
    <nd ref="6543" />
    <tag k="type" v="virtual" />
  </way>
  <way id="1400" visible="true" version="1">
    <nd ref="2379" />
    <nd ref="2380" />
    <nd ref="2381" />
    <nd ref="2382" />
    <nd ref="2383" />
    <tag k="subtype" v="high" />
    <tag k="type" v="curbstone" />
  </way>
  <way id="1401" visible="true" version="1">
    <nd ref="6570" />
    <nd ref="5502" />
    <nd ref="5501" />
    <nd ref="5500" />
    <nd ref="5499" />
    <nd ref="5498" />
    <nd ref="5497" />
    <nd ref="5496" />
    <nd ref="5495" />
    <nd ref="5494" />
    <nd ref="5493" />
    <nd ref="5492" />
    <nd ref="5491" />
    <nd ref="5490" />
    <nd ref="5489" />
    <nd ref="5488" />
    <nd ref="5487" />
    <nd ref="5486" />
    <nd ref="5485" />
    <nd ref="5484" />
    <nd ref="5483" />
    <nd ref="5482" />
    <nd ref="5481" />
    <nd ref="5480" />
    <nd ref="5479" />
    <nd ref="5478" />
    <nd ref="5477" />
    <nd ref="5476" />
    <nd ref="5475" />
    <nd ref="5474" />
    <nd ref="5473" />
    <nd ref="5472" />
    <nd ref="5471" />
    <nd ref="5470" />
    <nd ref="5469" />
    <nd ref="5468" />
    <nd ref="5467" />
    <nd ref="5466" />
    <nd ref="5465" />
    <nd ref="5464" />
    <nd ref="5463" />
    <nd ref="5462" />
    <nd ref="6528" />
    <tag k="type" v="virtual" />
  </way>
  <way id="1402" visible="true" version="1">
    <nd ref="7239" />
    <nd ref="7238" />
    <nd ref="7237" />
    <nd ref="7236" />
    <nd ref="7235" />
    <tag k="subtype" v="solid" />
    <tag k="type" v="line_thin" />
  </way>
  <way id="1403" visible="true" version="1">
    <nd ref="6707" />
    <nd ref="5441" />
    <nd ref="5440" />
    <nd ref="5439" />
    <nd ref="5438" />
    <nd ref="5437" />
    <nd ref="5436" />
    <nd ref="5435" />
    <nd ref="5434" />
    <nd ref="5433" />
    <nd ref="5432" />
    <nd ref="5431" />
    <nd ref="5430" />
    <nd ref="5429" />
    <nd ref="5428" />
    <nd ref="5427" />
    <nd ref="5426" />
    <nd ref="5425" />
    <nd ref="5424" />
    <nd ref="5423" />
    <nd ref="5422" />
    <nd ref="5421" />
    <nd ref="5420" />
    <nd ref="5419" />
    <nd ref="6554" />
    <tag k="type" v="road_border" />
  </way>
  <way id="1404" visible="true" version="1">
    <nd ref="7255" />
    <nd ref="7254" />
    <nd ref="7253" />
    <nd ref="7252" />
    <nd ref="7251" />
    <tag k="subtype" v="dashed" />
    <tag k="type" v="line_thin" />
  </way>
  <way id="1405" visible="true" version="1">
    <nd ref="6570" />
    <nd ref="5360" />
    <nd ref="5359" />
    <nd ref="5358" />
    <nd ref="5357" />
    <nd ref="5356" />
    <nd ref="5355" />
    <nd ref="5354" />
    <nd ref="5353" />
    <nd ref="5352" />
    <nd ref="5351" />
    <nd ref="5350" />
    <nd ref="5349" />
    <nd ref="5348" />
    <nd ref="5347" />
    <nd ref="5346" />
    <nd ref="5345" />
    <nd ref="5344" />
    <nd ref="5343" />
    <nd ref="5342" />
    <nd ref="5341" />
    <nd ref="5340" />
    <nd ref="5339" />
    <nd ref="5338" />
    <nd ref="5337" />
    <nd ref="5336" />
    <nd ref="5335" />
    <nd ref="5334" />
    <nd ref="5333" />
    <nd ref="5332" />
    <nd ref="5331" />
    <nd ref="5330" />
    <nd ref="5329" />
    <nd ref="5328" />
    <nd ref="5327" />
    <nd ref="5326" />
    <nd ref="6713" />
    <tag k="type" v="virtual" />
  </way>
  <way id="1406" visible="true" version="1">
    <nd ref="7271" />
    <nd ref="7270" />
    <nd ref="7269" />
    <nd ref="7268" />
    <nd ref="7267" />
    <tag k="subtype" v="solid" />
    <tag k="type" v="line_thick" />
  </way>
  <way id="1407" visible="true" version="1">
    <nd ref="2834" />
    <nd ref="7311" />
    <nd ref="7310" />
    <nd ref="7309" />
    <nd ref="7308" />
    <nd ref="7307" />
    <nd ref="7306" />
    <tag k="subtype" v="solid" />
    <tag k="type" v="line_thick" />
  </way>
  <way id="1408" visible="true" version="1">
    <nd ref="7293" />
    <nd ref="7292" />
    <nd ref="7291" />
    <nd ref="7290" />
    <nd ref="7289" />
    <tag k="subtype" v="dashed" />
    <tag k="type" v="line_thin" />
  </way>
  <way id="1409" visible="true" version="1">
    <nd ref="6442" />
    <nd ref="2507" />
    <nd ref="2508" />
    <nd ref="2509" />
    <nd ref="2510" />
    <nd ref="2511" />
    <nd ref="2512" />
    <nd ref="3975" />
    <nd ref="2513" />
    <nd ref="2514" />
    <nd ref="2515" />
    <nd ref="2516" />
    <nd ref="2517" />
    <nd ref="2518" />
    <nd ref="2519" />
    <nd ref="2520" />
    <nd ref="2521" />
    <nd ref="2522" />
    <nd ref="2523" />
    <nd ref="2524" />
    <nd ref="3909" />
    <nd ref="2525" />
    <nd ref="2526" />
    <nd ref="2527" />
    <nd ref="2528" />
    <nd ref="2529" />
    <nd ref="2530" />
    <nd ref="2531" />
    <nd ref="2532" />
    <nd ref="2533" />
    <nd ref="2534" />
    <nd ref="6685" />
    <tag k="subtype" v="solid" />
    <tag k="type" v="line_thin" />
  </way>
  <way id="1410" visible="true" version="1">
    <nd ref="7280" />
    <nd ref="7279" />
    <nd ref="7278" />
    <nd ref="7277" />
    <nd ref="7276" />
    <tag k="subtype" v="solid" />
    <tag k="type" v="line_thin" />
  </way>
  <way id="1411" visible="true" version="1">
    <nd ref="6404" />
    <nd ref="6403" />
    <nd ref="6402" />
    <tag k="subtype" v="solid" />
    <tag k="type" v="line_thin" />
  </way>
  <way id="1412" visible="true" version="1">
    <nd ref="6402" />
    <nd ref="2606" />
    <nd ref="2607" />
    <nd ref="2608" />
    <nd ref="2609" />
    <nd ref="2610" />
    <nd ref="2611" />
    <nd ref="2612" />
    <nd ref="2613" />
    <nd ref="2614" />
    <nd ref="2615" />
    <nd ref="2616" />
    <nd ref="2617" />
    <nd ref="2618" />
    <nd ref="2619" />
    <nd ref="2620" />
    <nd ref="2621" />
    <nd ref="2622" />
    <nd ref="2623" />
    <nd ref="2624" />
    <nd ref="2625" />
    <nd ref="2626" />
    <nd ref="2627" />
    <nd ref="2628" />
    <nd ref="2629" />
    <nd ref="2630" />
    <nd ref="2631" />
    <nd ref="2632" />
    <nd ref="2633" />
    <nd ref="2634" />
    <nd ref="2635" />
    <nd ref="2636" />
    <nd ref="2637" />
    <nd ref="2638" />
    <nd ref="2639" />
    <nd ref="2640" />
    <nd ref="2641" />
    <nd ref="2642" />
    <nd ref="6713" />
    <tag k="type" v="virtual" />
  </way>
  <way id="1413" visible="true" version="1">
    <nd ref="4218" />
    <nd ref="4220" />
    <nd ref="4222" />
    <nd ref="4224" />
    <nd ref="4226" />
    <nd ref="4228" />
    <nd ref="2872" />
    <tag k="subtype" v="high" />
    <tag k="type" v="curbstone" />
  </way>
  <way id="1414" visible="true" version="1">
    <nd ref="6416" />
    <nd ref="6415" />
    <nd ref="6414" />
    <tag k="subtype" v="dashed" />
    <tag k="type" v="line_thin" />
  </way>
  <way id="1415" visible="true" version="1">
    <nd ref="6717" />
    <nd ref="2717" />
    <nd ref="2718" />
    <nd ref="2719" />
    <nd ref="2720" />
    <nd ref="2721" />
    <nd ref="2722" />
    <nd ref="2723" />
    <nd ref="2724" />
    <nd ref="2725" />
    <nd ref="2726" />
    <nd ref="2727" />
    <nd ref="2728" />
    <nd ref="2729" />
    <nd ref="2730" />
    <nd ref="2731" />
    <nd ref="2732" />
    <nd ref="2733" />
    <nd ref="2734" />
    <nd ref="2735" />
    <nd ref="2736" />
    <nd ref="2737" />
    <nd ref="2738" />
    <nd ref="2739" />
    <nd ref="2740" />
    <nd ref="2741" />
    <nd ref="2742" />
    <nd ref="2743" />
    <nd ref="2744" />
    <nd ref="2745" />
    <nd ref="2746" />
    <nd ref="2747" />
    <nd ref="2748" />
    <nd ref="2750" />
    <nd ref="2751" />
    <nd ref="2752" />
    <nd ref="2753" />
    <nd ref="2754" />
    <nd ref="6685" />
    <tag k="type" v="virtual" />
  </way>
  <way id="1416" visible="true" version="1">
    <nd ref="7182" />
    <nd ref="7181" />
    <nd ref="7180" />
    <nd ref="7179" />
    <nd ref="7178" />
    <nd ref="7177" />
    <nd ref="7176" />
    <nd ref="7175" />
    <nd ref="7174" />
    <tag k="subtype" v="dashed" />
    <tag k="type" v="line_thin" />
  </way>
  <way id="1417" visible="true" version="1">
    <nd ref="5931" />
    <nd ref="5932" />
    <nd ref="5933" />
    <nd ref="5934" />
    <nd ref="5935" />
    <nd ref="5936" />
    <nd ref="2883" />
    <tag k="type" v="road_border" />
  </way>
  <way id="1418" visible="true" version="1">
    <nd ref="6544" />
    <nd ref="4166" />
    <nd ref="4164" />
    <nd ref="4306" />
    <nd ref="4305" />
    <nd ref="4304" />
    <nd ref="4303" />
    <nd ref="4162" />
    <nd ref="4160" />
    <nd ref="4158" />
    <nd ref="4156" />
    <nd ref="4154" />
    <nd ref="3972" />
    <nd ref="4024" />
    <nd ref="3858" />
    <nd ref="3863" />
    <nd ref="3907" />
    <nd ref="3865" />
    <nd ref="3868" />
    <nd ref="4302" />
    <nd ref="4301" />
    <nd ref="4300" />
    <nd ref="4299" />
    <nd ref="4298" />
    <nd ref="7299" />
    <tag k="type" v="virtual" />
  </way>
  <way id="1419" visible="true" version="1">
    <nd ref="6698" />
    <nd ref="6697" />
    <nd ref="3976" />
    <tag k="subtype" v="solid" />
    <tag k="type" v="line_thick" />
  </way>
  <way id="1420" visible="true" version="1">
    <nd ref="6672" />
    <nd ref="4995" />
    <nd ref="4994" />
    <nd ref="4993" />
    <nd ref="4992" />
    <nd ref="4991" />
    <nd ref="4990" />
    <nd ref="4989" />
    <nd ref="4988" />
    <nd ref="4987" />
    <nd ref="4986" />
    <nd ref="4985" />
    <nd ref="4984" />
    <nd ref="4983" />
    <nd ref="4982" />
    <nd ref="4981" />
    <nd ref="4980" />
    <nd ref="4979" />
    <nd ref="4978" />
    <nd ref="4977" />
    <nd ref="4976" />
    <nd ref="4975" />
    <nd ref="4974" />
    <nd ref="4973" />
    <nd ref="4972" />
    <nd ref="4971" />
    <nd ref="4970" />
    <nd ref="4969" />
    <nd ref="6520" />
    <tag k="type" v="road_border" />
  </way>
  <way id="1421" visible="true" version="1">
    <nd ref="4145" />
    <nd ref="6676" />
    <tag k="subtype" v="solid" />
    <tag k="type" v="line_thin" />
  </way>
  <way id="1422" visible="true" version="1">
    <nd ref="7094" />
    <nd ref="7008" />
    <nd ref="7007" />
    <nd ref="7006" />
    <nd ref="7005" />
    <nd ref="7004" />
    <nd ref="7003" />
    <nd ref="7002" />
    <nd ref="7001" />
    <nd ref="7000" />
    <nd ref="6999" />
    <nd ref="6998" />
    <nd ref="6997" />
    <nd ref="6996" />
    <nd ref="6995" />
    <nd ref="7075" />
    <tag k="subtype" v="high" />
    <tag k="type" v="curbstone" />
  </way>
  <way id="1423" visible="true" version="1">
    <nd ref="6688" />
    <nd ref="6687" />
    <nd ref="3910" />
    <tag k="subtype" v="dashed" />
    <tag k="type" v="line_thin" />
  </way>
  <way id="1424" visible="true" version="1">
    <nd ref="2124" />
    <nd ref="2125" />
    <tag k="subtype" v="solid" />
    <tag k="type" v="line_thin" />
  </way>
  <way id="1425" visible="true" version="1">
    <nd ref="2255" />
    <nd ref="2256" />
    <tag k="subtype" v="high" />
    <tag k="type" v="curbstone" />
  </way>
  <way id="1426" visible="true" version="1">
    <nd ref="4223" />
    <nd ref="4221" />
    <tag k="type" v="road_border" />
  </way>
  <way id="1427" visible="true" version="1">
    <nd ref="7508" />
    <nd ref="7507" />
    <nd ref="7506" />
    <nd ref="7505" />
    <nd ref="7504" />
    <nd ref="7503" />
    <nd ref="4657" />
    <tag k="type" v="road_border" />
  </way>
  <way id="1428" visible="true" version="1">
    <nd ref="2215" />
    <nd ref="2216" />
    <nd ref="2217" />
    <nd ref="2218" />
    <nd ref="2219" />
    <nd ref="2220" />
    <nd ref="4648" />
    <tag k="subtype" v="high" />
    <tag k="type" v="curbstone" />
  </way>
  <way id="1429" visible="true" version="1">
    <nd ref="2201" />
    <nd ref="2202" />
    <nd ref="2203" />
    <nd ref="2204" />
    <nd ref="2205" />
    <nd ref="2206" />
    <nd ref="4633" />
    <tag k="subtype" v="solid" />
    <tag k="type" v="line_thin" />
  </way>
  <way id="1430" visible="true" version="1">
    <nd ref="6487" />
    <nd ref="6486" />
    <nd ref="6485" />
    <tag k="subtype" v="dashed" />
    <tag k="type" v="line_thin" />
  </way>
  <way id="1431" visible="true" version="1">
    <nd ref="4671" />
    <nd ref="4670" />
    <nd ref="4669" />
    <nd ref="4668" />
    <nd ref="4667" />
    <nd ref="4666" />
    <nd ref="4665" />
    <nd ref="4664" />
    <nd ref="4663" />
    <nd ref="4662" />
    <nd ref="4661" />
    <nd ref="4660" />
    <nd ref="6729" />
    <tag k="subtype" v="high" />
    <tag k="type" v="curbstone" />
  </way>
  <way id="1432" visible="true" version="1">
    <nd ref="2187" />
    <nd ref="2188" />
    <nd ref="2189" />
    <nd ref="2190" />
    <nd ref="2191" />
    <nd ref="2192" />
    <nd ref="4607" />
    <tag k="subtype" v="dashed" />
    <tag k="type" v="line_thin" />
  </way>
  <way id="1433" visible="true" version="1">
    <nd ref="2173" />
    <nd ref="2174" />
    <nd ref="2175" />
    <nd ref="2176" />
    <nd ref="2177" />
    <nd ref="2178" />
    <nd ref="4599" />
    <tag k="subtype" v="solid" />
    <tag k="type" v="line_thick" />
  </way>
  <way id="1434" visible="true" version="1">
    <nd ref="2009" />
    <nd ref="2010" />
    <nd ref="2011" />
    <nd ref="2012" />
    <tag k="subtype" v="dashed" />
    <tag k="type" v="line_thin" />
  </way>
  <way id="1435" visible="true" version="1">
    <nd ref="7273" />
    <nd ref="7272" />
    <nd ref="7271" />
    <tag k="subtype" v="solid" />
    <tag k="type" v="line_thick" />
  </way>
  <way id="1436" visible="true" version="1">
    <nd ref="7121" />
    <nd ref="7120" />
    <nd ref="6639" />
    <nd ref="6638" />
    <nd ref="6637" />
    <nd ref="6636" />
    <nd ref="6635" />
    <nd ref="6634" />
    <nd ref="6633" />
    <nd ref="6632" />
    <nd ref="6631" />
    <tag k="subtype" v="high" />
    <tag k="type" v="curbstone" />
  </way>
  <way id="1437" visible="true" version="1">
    <nd ref="7118" />
    <nd ref="7117" />
    <nd ref="6611" />
    <nd ref="6610" />
    <nd ref="6609" />
    <nd ref="6608" />
    <nd ref="6607" />
    <nd ref="6606" />
    <nd ref="6605" />
    <nd ref="6604" />
    <nd ref="6603" />
    <tag k="type" v="road_border" />
  </way>
  <way id="1438" visible="true" version="1">
    <nd ref="2155" />
    <nd ref="2156" />
    <nd ref="2157" />
    <nd ref="2158" />
    <nd ref="2159" />
    <nd ref="2160" />
    <tag k="subtype" v="dashed" />
    <tag k="type" v="line_thin" />
  </way>
  <way id="1439" visible="true" version="1">
    <nd ref="1984" />
    <nd ref="1986" />
    <nd ref="1987" />
    <nd ref="1988" />
    <nd ref="1989" />
    <nd ref="1990" />
    <nd ref="1991" />
    <tag k="subtype" v="solid" />
    <tag k="type" v="line_thick" />
  </way>
  <way id="1440" visible="true" version="1">
    <nd ref="4572" />
    <nd ref="4569" />
    <tag k="subtype" v="solid" />
    <tag k="type" v="line_thick" />
  </way>
  <way id="1441" visible="true" version="1">
    <nd ref="7214" />
    <nd ref="7213" />
    <nd ref="7212" />
    <nd ref="7211" />
    <nd ref="7210" />
    <nd ref="7209" />
    <nd ref="7208" />
    <nd ref="7207" />
    <nd ref="7206" />
    <tag k="subtype" v="solid" />
    <tag k="type" v="line_thick" />
  </way>
  <way id="1442" visible="true" version="1">
    <nd ref="4558" />
    <nd ref="4555" />
    <tag k="subtype" v="solid" />
    <tag k="type" v="line_thick" />
  </way>
  <way id="1443" visible="true" version="1">
    <nd ref="3324" />
    <nd ref="3326" />
    <tag k="subtype" v="solid" />
    <tag k="type" v="line_thick" />
  </way>
  <way id="1444" visible="true" version="1">
    <nd ref="2047" />
    <nd ref="2048" />
    <nd ref="2049" />
    <nd ref="2050" />
    <nd ref="2051" />
    <nd ref="2052" />
    <nd ref="2053" />
    <nd ref="2054" />
    <nd ref="2055" />
    <tag k="subtype" v="solid" />
    <tag k="type" v="line_thin" />
  </way>
  <way id="1445" visible="true" version="1">
    <nd ref="4524" />
    <nd ref="4521" />
    <tag k="subtype" v="solid" />
    <tag k="type" v="line_thick" />
  </way>
  <way id="1446" visible="true" version="1">
    <nd ref="6678" />
    <nd ref="6677" />
    <nd ref="4145" />
    <tag k="subtype" v="solid" />
    <tag k="type" v="line_thin" />
  </way>
  <way id="1447" visible="true" version="1">
    <nd ref="7023" />
    <nd ref="7022" />
    <nd ref="7021" />
    <tag k="subtype" v="high" />
    <tag k="type" v="curbstone" />
  </way>
  <way id="1448" visible="true" version="1">
    <nd ref="6575" />
    <nd ref="5217" />
    <nd ref="5216" />
    <nd ref="5215" />
    <nd ref="5214" />
    <nd ref="5213" />
    <nd ref="5212" />
    <nd ref="3936" />
    <nd ref="5211" />
    <nd ref="5210" />
    <nd ref="5209" />
    <nd ref="5208" />
    <nd ref="5207" />
    <nd ref="5206" />
    <nd ref="5205" />
    <nd ref="5204" />
    <nd ref="5203" />
    <nd ref="5202" />
    <nd ref="5201" />
    <nd ref="5200" />
    <nd ref="5199" />
    <nd ref="5198" />
    <nd ref="5197" />
    <nd ref="5196" />
    <nd ref="4151" />
    <nd ref="5195" />
    <nd ref="5194" />
    <nd ref="5193" />
    <nd ref="5192" />
    <nd ref="5191" />
    <nd ref="5190" />
    <nd ref="5189" />
    <nd ref="5188" />
    <nd ref="5187" />
    <nd ref="5186" />
    <nd ref="5185" />
    <nd ref="5184" />
    <nd ref="5183" />
    <nd ref="5182" />
    <nd ref="5181" />
    <nd ref="5180" />
    <nd ref="5179" />
    <nd ref="5178" />
    <nd ref="6695" />
    <tag k="type" v="virtual" />
  </way>
  <way id="1449" visible="true" version="1">
    <nd ref="7467" />
    <nd ref="7466" />
    <nd ref="7465" />
    <nd ref="7464" />
    <nd ref="7463" />
    <nd ref="7462" />
    <nd ref="7461" />
    <nd ref="7460" />
    <nd ref="7459" />
    <nd ref="7458" />
    <nd ref="7457" />
    <nd ref="7456" />
    <nd ref="7455" />
    <nd ref="7454" />
    <nd ref="7453" />
    <nd ref="7452" />
    <nd ref="7451" />
    <nd ref="7450" />
    <nd ref="7449" />
    <nd ref="7448" />
    <nd ref="7447" />
    <tag k="type" v="road_border" />
  </way>
  <way id="1450" visible="true" version="1">
    <nd ref="1923" />
    <nd ref="1924" />
    <tag k="subtype" v="solid" />
    <tag k="type" v="line_thin" />
  </way>
  <way id="1451" visible="true" version="1">
    <nd ref="4435" />
    <nd ref="4432" />
    <tag k="subtype" v="solid" />
    <tag k="type" v="line_thick" />
  </way>
  <way id="1452" visible="true" version="1">
    <nd ref="3256" />
    <nd ref="3258" />
    <tag k="subtype" v="red_yellow_green" />
    <tag k="type" v="traffic_light" />
  </way>
  <way id="1453" visible="true" version="1">
    <nd ref="7122" />
    <nd ref="7121" />
    <tag k="subtype" v="high" />
    <tag k="type" v="curbstone" />
  </way>
  <way id="1454" visible="true" version="1">
    <nd ref="2037" />
    <nd ref="2038" />
    <nd ref="2039" />
    <tag k="subtype" v="solid" />
    <tag k="type" v="line_thin" />
  </way>
  <way id="1455" visible="true" version="1">
    <nd ref="7258" />
    <nd ref="7257" />
    <nd ref="7256" />
    <nd ref="7255" />
    <tag k="subtype" v="dashed" />
    <tag k="type" v="line_thin" />
  </way>
  <way id="1456" visible="true" version="1">
    <nd ref="6428" />
    <nd ref="6427" />
    <nd ref="6426" />
    <tag k="subtype" v="solid" />
    <tag k="type" v="line_thick" />
  </way>
  <way id="1457" visible="true" version="1">
    <nd ref="6735" />
    <nd ref="2786" />
    <nd ref="2787" />
    <nd ref="2789" />
    <nd ref="2790" />
    <nd ref="2791" />
    <nd ref="2792" />
    <nd ref="2793" />
    <nd ref="2794" />
    <nd ref="2795" />
    <nd ref="2149" />
    <tag k="type" v="virtual" />
  </way>
  <way id="1458" visible="true" version="1">
    <nd ref="4073" />
    <nd ref="6792" />
    <tag k="type" v="road_border" />
  </way>
  <way id="1459" visible="true" version="1">
    <nd ref="2287" />
    <nd ref="2288" />
    <nd ref="2289" />
    <tag k="subtype" v="high" />
    <tag k="type" v="curbstone" />
  </way>
  <way id="1460" visible="true" version="1">
    <nd ref="1897" />
    <nd ref="1898" />
    <tag k="subtype" v="dashed" />
    <tag k="type" v="line_thin" />
  </way>
  <way id="1461" visible="true" version="1">
    <nd ref="4420" />
    <nd ref="4417" />
    <tag k="subtype" v="solid" />
    <tag k="type" v="line_thick" />
  </way>
  <way id="1462" visible="true" version="1">
    <nd ref="2259" />
    <nd ref="2260" />
    <nd ref="2261" />
    <nd ref="2262" />
    <nd ref="2263" />
    <nd ref="2264" />
    <nd ref="2265" />
    <nd ref="2266" />
    <nd ref="2267" />
    <tag k="subtype" v="high" />
    <tag k="type" v="curbstone" />
  </way>
  <way id="1463" visible="true" version="1">
    <nd ref="6808" />
    <nd ref="6807" />
    <nd ref="6806" />
    <tag k="type" v="road_border" />
  </way>
  <way id="1464" visible="true" version="1">
    <nd ref="1965" />
    <nd ref="7108" />
    <nd ref="7107" />
    <nd ref="7106" />
    <nd ref="7105" />
    <nd ref="7104" />
    <nd ref="7103" />
    <nd ref="7102" />
    <nd ref="7101" />
    <nd ref="2074" />
    <tag k="type" v="road_border" />
  </way>
  <way id="1465" visible="true" version="1">
    <nd ref="2007" />
    <nd ref="2008" />
    <tag k="subtype" v="solid" />
    <tag k="type" v="line_thick" />
  </way>
  <way id="1466" visible="true" version="1">
    <nd ref="7413" />
    <nd ref="7412" />
    <nd ref="7411" />
    <tag k="type" v="road_border" />
  </way>
  <way id="1467" visible="true" version="1">
    <nd ref="2376" />
    <nd ref="2377" />
    <nd ref="2378" />
    <nd ref="2379" />
    <tag k="subtype" v="high" />
    <tag k="type" v="curbstone" />
  </way>
  <way id="1468" visible="true" version="1">
    <nd ref="7447" />
    <nd ref="7446" />
    <nd ref="7445" />
    <tag k="type" v="road_border" />
  </way>
  <way id="1469" visible="true" version="1">
    <nd ref="1961" />
    <nd ref="1962" />
    <nd ref="1963" />
    <nd ref="1964" />
    <tag k="type" v="road_border" />
  </way>
  <way id="1470" visible="true" version="1">
    <nd ref="6710" />
    <nd ref="6709" />
    <nd ref="6708" />
    <tag k="subtype" v="high" />
    <tag k="type" v="curbstone" />
  </way>
  <way id="1471" visible="true" version="1">
    <nd ref="1871" />
    <nd ref="1872" />
    <tag k="subtype" v="solid" />
    <tag k="type" v="line_thick" />
  </way>
  <way id="1472" visible="true" version="1">
    <nd ref="4402" />
    <nd ref="4399" />
    <tag k="subtype" v="solid" />
    <tag k="type" v="line_thick" />
  </way>
  <way id="1473" visible="true" version="1">
    <nd ref="7011" />
    <nd ref="7091" />
    <nd ref="7090" />
    <nd ref="7089" />
    <nd ref="7088" />
    <nd ref="7087" />
    <nd ref="7086" />
    <nd ref="7085" />
    <nd ref="7084" />
    <nd ref="7083" />
    <nd ref="7082" />
    <nd ref="7081" />
    <nd ref="7080" />
    <nd ref="7079" />
    <nd ref="7078" />
    <nd ref="6992" />
    <tag k="type" v="road_border" />
  </way>
  <way id="1474" visible="true" version="1">
    <nd ref="7358" />
    <nd ref="7357" />
    <nd ref="7356" />
    <nd ref="7355" />
    <tag k="type" v="road_border" />
  </way>
  <way id="1475" visible="true" version="1">
    <nd ref="3946" />
    <nd ref="3982" />
    <nd ref="3993" />
    <tag k="type" v="road_border" />
  </way>
  <way id="1476" visible="true" version="1">
    <nd ref="2289" />
    <nd ref="2290" />
    <nd ref="2291" />
    <nd ref="2292" />
    <nd ref="2293" />
    <nd ref="2294" />
    <nd ref="2295" />
    <nd ref="2296" />
    <nd ref="2297" />
    <nd ref="2298" />
    <nd ref="2299" />
    <nd ref="2300" />
    <nd ref="2301" />
    <nd ref="2302" />
    <nd ref="2303" />
    <nd ref="2304" />
    <nd ref="2305" />
    <nd ref="2306" />
    <nd ref="2307" />
    <nd ref="2308" />
    <nd ref="2309" />
    <nd ref="2310" />
    <nd ref="2311" />
    <nd ref="2312" />
    <nd ref="2313" />
    <nd ref="2314" />
    <nd ref="2315" />
    <nd ref="2316" />
    <nd ref="2317" />
    <nd ref="2318" />
    <nd ref="2319" />
    <nd ref="2320" />
    <nd ref="2321" />
    <tag k="subtype" v="high" />
    <tag k="type" v="curbstone" />
  </way>
  <way id="1477" visible="true" version="1">
    <nd ref="1946" />
    <nd ref="1947" />
    <nd ref="1948" />
    <nd ref="1949" />
    <tag k="subtype" v="high" />
    <tag k="type" v="curbstone" />
  </way>
  <way id="1478" visible="true" version="1">
    <nd ref="6693" />
    <nd ref="6692" />
    <nd ref="6691" />
    <nd ref="6690" />
    <nd ref="6689" />
    <nd ref="6688" />
    <tag k="subtype" v="dashed" />
    <tag k="type" v="line_thin" />
  </way>
  <way id="1479" visible="true" version="1">
    <nd ref="4207" />
    <nd ref="4384" />
    <tag k="subtype" v="solid" />
    <tag k="type" v="line_thick" />
  </way>
  <way id="1480" visible="true" version="1">
    <nd ref="6926" />
    <nd ref="6925" />
    <nd ref="6924" />
    <tag k="subtype" v="solid" />
    <tag k="type" v="line_thick" />
  </way>
  <way id="1481" visible="true" version="1">
    <nd ref="2883" />
    <nd ref="5937" />
    <nd ref="5980" />
    <tag k="type" v="road_border" />
  </way>
  <way id="1482" visible="true" version="1">
    <nd ref="6686" />
    <nd ref="6304" />
    <nd ref="6303" />
    <nd ref="6302" />
    <nd ref="6301" />
    <nd ref="6300" />
    <nd ref="6299" />
    <nd ref="6298" />
    <nd ref="6297" />
    <nd ref="6296" />
    <nd ref="6295" />
    <nd ref="6294" />
    <nd ref="6293" />
    <nd ref="6292" />
    <nd ref="6291" />
    <nd ref="6290" />
    <nd ref="6289" />
    <nd ref="6288" />
    <nd ref="6287" />
    <nd ref="6286" />
    <nd ref="6285" />
    <nd ref="6284" />
    <nd ref="6283" />
    <nd ref="7194" />
    <tag k="type" v="virtual" />
  </way>
  <way id="1483" visible="true" version="1">
    <nd ref="6685" />
    <nd ref="6684" />
    <nd ref="6683" />
    <tag k="subtype" v="solid" />
    <tag k="type" v="line_thin" />
  </way>
  <way id="1484" visible="true" version="1">
    <nd ref="1935" />
    <nd ref="2910" />
    <nd ref="2911" />
    <nd ref="2912" />
    <nd ref="2913" />
    <nd ref="2914" />
    <nd ref="2915" />
    <nd ref="2916" />
    <nd ref="2917" />
    <nd ref="2918" />
    <nd ref="2919" />
    <nd ref="2920" />
    <nd ref="2921" />
    <nd ref="2922" />
    <nd ref="2923" />
    <nd ref="2924" />
    <nd ref="2925" />
    <nd ref="2926" />
    <nd ref="2927" />
    <nd ref="2928" />
    <nd ref="2161" />
    <tag k="type" v="virtual" />
  </way>
  <way id="1485" visible="true" version="1">
    <nd ref="7193" />
    <nd ref="7192" />
    <nd ref="7191" />
    <nd ref="7190" />
    <nd ref="7189" />
    <nd ref="7188" />
    <nd ref="7187" />
    <nd ref="7186" />
    <nd ref="7185" />
    <nd ref="7184" />
    <nd ref="7183" />
    <nd ref="7182" />
    <tag k="subtype" v="dashed" />
    <tag k="type" v="line_thin" />
  </way>
  <way id="1486" visible="true" version="1">
    <nd ref="2248" />
    <nd ref="2249" />
    <nd ref="2250" />
    <tag k="subtype" v="high" />
    <tag k="type" v="curbstone" />
  </way>
  <way id="1487" visible="true" version="1">
    <nd ref="4536" />
    <nd ref="4533" />
    <tag k="subtype" v="solid" />
    <tag k="type" v="line_thick" />
  </way>
  <way id="1488" visible="true" version="1">
    <nd ref="4463" />
    <nd ref="4460" />
    <tag k="subtype" v="solid" />
    <tag k="type" v="line_thick" />
  </way>
  <way id="1489" visible="true" version="1">
    <nd ref="2125" />
    <nd ref="2126" />
    <nd ref="2127" />
    <nd ref="2128" />
    <tag k="subtype" v="solid" />
    <tag k="type" v="line_thin" />
  </way>
  <way id="1490" visible="true" version="1">
    <nd ref="6686" />
    <nd ref="6346" />
    <nd ref="6345" />
    <nd ref="6344" />
    <nd ref="6343" />
    <nd ref="6342" />
    <nd ref="6341" />
    <nd ref="6340" />
    <nd ref="6339" />
    <nd ref="6338" />
    <nd ref="6337" />
    <nd ref="6336" />
    <nd ref="6335" />
    <nd ref="6334" />
    <nd ref="6333" />
    <nd ref="6332" />
    <nd ref="6331" />
    <nd ref="6330" />
    <nd ref="6329" />
    <nd ref="6328" />
    <nd ref="6327" />
    <nd ref="6326" />
    <nd ref="7226" />
    <tag k="type" v="virtual" />
  </way>
  <way id="1491" visible="true" version="1">
    <nd ref="4484" />
    <nd ref="4481" />
    <tag k="subtype" v="solid" />
    <tag k="type" v="line_thick" />
  </way>
  <way id="1492" visible="true" version="1">
    <nd ref="1910" />
    <nd ref="1911" />
    <nd ref="1912" />
    <nd ref="1913" />
    <nd ref="1914" />
    <nd ref="1915" />
    <nd ref="1916" />
    <nd ref="1917" />
    <nd ref="1918" />
    <nd ref="1919" />
    <nd ref="1920" />
    <tag k="subtype" v="solid" />
    <tag k="type" v="line_thin" />
  </way>
  <way id="1493" visible="true" version="1">
    <nd ref="6675" />
    <nd ref="6674" />
    <nd ref="6673" />
    <tag k="subtype" v="high" />
    <tag k="type" v="curbstone" />
  </way>
  <way id="1494" visible="true" version="1">
    <nd ref="4375" />
    <nd ref="4372" />
    <tag k="subtype" v="solid" />
    <tag k="type" v="line_thick" />
  </way>
  <way id="1495" visible="true" version="1">
    <nd ref="6920" />
    <nd ref="6919" />
    <nd ref="6918" />
    <tag k="subtype" v="solid" />
    <tag k="type" v="line_thin" />
  </way>
  <way id="1496" visible="true" version="1">
    <nd ref="6414" />
    <nd ref="4918" />
    <nd ref="4917" />
    <nd ref="4916" />
    <nd ref="4915" />
    <nd ref="4914" />
    <nd ref="4913" />
    <nd ref="4912" />
    <nd ref="4911" />
    <nd ref="4910" />
    <nd ref="4909" />
    <nd ref="4908" />
    <nd ref="4907" />
    <nd ref="4906" />
    <nd ref="4905" />
    <nd ref="4904" />
    <nd ref="4903" />
    <nd ref="4902" />
    <nd ref="4901" />
    <nd ref="4900" />
    <nd ref="4899" />
    <nd ref="4898" />
    <nd ref="4897" />
    <nd ref="4896" />
    <nd ref="6531" />
    <tag k="type" v="virtual" />
  </way>
  <way id="1497" visible="true" version="1">
    <nd ref="3910" />
    <nd ref="6686" />
    <tag k="subtype" v="dashed" />
    <tag k="type" v="line_thin" />
  </way>
  <way id="1498" visible="true" version="1">
    <nd ref="3000" />
    <nd ref="3002" />
    <tag k="subtype" v="red_yellow_green" />
    <tag k="type" v="traffic_light" />
  </way>
  <way id="1499" visible="true" version="1">
    <nd ref="4205" />
    <nd ref="3900" />
    <nd ref="3970" />
    <nd ref="4216" />
    <nd ref="4218" />
    <tag k="subtype" v="high" />
    <tag k="type" v="curbstone" />
  </way>
  <way id="1500" visible="true" version="1">
    <nd ref="3754" />
    <nd ref="6488" />
    <tag k="subtype" v="high" />
    <tag k="type" v="curbstone" />
  </way>
  <way id="1501" visible="true" version="1">
    <nd ref="6926" />
    <nd ref="4258" />
    <nd ref="4255" />
    <nd ref="4200" />
    <nd ref="3629" />
    <nd ref="3630" />
    <nd ref="3631" />
    <nd ref="3632" />
    <nd ref="3633" />
    <nd ref="3634" />
    <nd ref="3635" />
    <nd ref="3636" />
    <nd ref="3637" />
    <nd ref="3638" />
    <nd ref="4138" />
    <nd ref="4067" />
    <nd ref="3639" />
    <nd ref="1884" />
    <tag k="type" v="virtual" />
  </way>
  <way id="1502" visible="true" version="1">
    <nd ref="3296" />
    <nd ref="3298" />
    <tag k="subtype" v="red_yellow_green" />
    <tag k="type" v="traffic_light" />
  </way>
  <way id="1503" visible="true" version="1">
    <nd ref="6845" />
    <nd ref="6767" />
    <nd ref="6766" />
    <nd ref="6765" />
    <nd ref="6764" />
    <nd ref="6763" />
    <nd ref="6762" />
    <nd ref="6761" />
    <nd ref="6760" />
    <nd ref="6759" />
    <nd ref="6758" />
    <nd ref="6757" />
    <nd ref="6756" />
    <nd ref="6901" />
    <tag k="subtype" v="high" />
    <tag k="type" v="curbstone" />
  </way>
  <way id="1504" visible="true" version="1">
    <nd ref="6670" />
    <nd ref="6658" />
    <nd ref="6657" />
    <nd ref="6656" />
    <nd ref="6655" />
    <nd ref="6654" />
    <tag k="type" v="road_border" />
  </way>
  <way id="1505" visible="true" version="1">
    <nd ref="1909" />
    <nd ref="2833" />
    <nd ref="2835" />
    <nd ref="2836" />
    <nd ref="2837" />
    <nd ref="2838" />
    <nd ref="2839" />
    <nd ref="2840" />
    <nd ref="2841" />
    <nd ref="2842" />
    <nd ref="2843" />
    <nd ref="2844" />
    <nd ref="2845" />
    <nd ref="2846" />
    <nd ref="2847" />
    <nd ref="2848" />
    <nd ref="2849" />
    <nd ref="2851" />
    <nd ref="6746" />
    <tag k="type" v="virtual" />
  </way>
  <way id="1506" visible="true" version="1">
    <nd ref="6435" />
    <nd ref="4094" />
    <tag k="subtype" v="solid" />
    <tag k="type" v="line_thick" />
  </way>
  <way id="1507" visible="true" version="1">
    <nd ref="3328" />
    <nd ref="3330" />
    <tag k="subtype" v="de206" />
    <tag k="type" v="traffic_sign" />
  </way>
  <way id="1508" visible="true" version="1">
    <nd ref="2331" />
    <nd ref="2332" />
    <nd ref="2333" />
    <nd ref="2334" />
    <nd ref="2335" />
    <nd ref="2336" />
    <nd ref="2337" />
    <nd ref="2338" />
    <nd ref="2339" />
    <tag k="subtype" v="high" />
    <tag k="type" v="curbstone" />
  </way>
  <way id="1509" visible="true" version="1">
    <nd ref="4514" />
    <nd ref="4511" />
    <tag k="subtype" v="solid" />
    <tag k="type" v="line_thick" />
  </way>
  <way id="1510" visible="true" version="1">
    <nd ref="4566" />
    <nd ref="4563" />
    <tag k="subtype" v="solid" />
    <tag k="type" v="line_thick" />
  </way>
  <way id="1511" visible="true" version="1">
    <nd ref="7286" />
    <nd ref="2863" />
    <tag k="subtype" v="solid" />
    <tag k="type" v="line_thin" />
  </way>
  <way id="1512" visible="true" version="1">
    <nd ref="7274" />
    <nd ref="6160" />
    <nd ref="6159" />
    <nd ref="6158" />
    <nd ref="6157" />
    <nd ref="6156" />
    <nd ref="6155" />
    <nd ref="6154" />
    <nd ref="6153" />
    <nd ref="6152" />
    <nd ref="6151" />
    <nd ref="6150" />
    <nd ref="6149" />
    <nd ref="6148" />
    <nd ref="6147" />
    <nd ref="6146" />
    <nd ref="6145" />
    <nd ref="6144" />
    <nd ref="6143" />
    <nd ref="6142" />
    <nd ref="6141" />
    <nd ref="6140" />
    <nd ref="6139" />
    <nd ref="6138" />
    <nd ref="6137" />
    <nd ref="6136" />
    <nd ref="6135" />
    <nd ref="6134" />
    <nd ref="7158" />
    <tag k="type" v="virtual" />
  </way>
  <way id="1513" visible="true" version="1">
    <nd ref="3168" />
    <nd ref="3170" />
    <tag k="subtype" v="solid" />
    <tag k="type" v="line_thick" />
  </way>
  <way id="1514" visible="true" version="1">
    <nd ref="7302" />
    <nd ref="7301" />
    <nd ref="7300" />
    <tag k="subtype" v="solid" />
    <tag k="type" v="line_thick" />
  </way>
  <way id="1515" visible="true" version="1">
    <nd ref="7123" />
    <nd ref="3500" />
    <nd ref="3501" />
    <nd ref="3502" />
    <nd ref="3503" />
    <nd ref="3504" />
    <nd ref="3505" />
    <nd ref="3506" />
    <nd ref="3507" />
    <nd ref="3508" />
    <nd ref="3509" />
    <nd ref="3510" />
    <nd ref="3511" />
    <nd ref="3512" />
    <nd ref="3513" />
    <nd ref="3514" />
    <nd ref="3515" />
    <nd ref="3516" />
    <nd ref="3517" />
    <nd ref="3518" />
    <nd ref="3519" />
    <nd ref="3520" />
    <nd ref="3521" />
    <nd ref="3522" />
    <nd ref="6464" />
    <tag k="type" v="virtual" />
  </way>
  <way id="1516" visible="true" version="1">
    <nd ref="6522" />
    <nd ref="3817" />
    <tag k="type" v="road_border" />
  </way>
  <way id="1517" visible="true" version="1">
    <nd ref="7395" />
    <nd ref="7394" />
    <nd ref="7393" />
    <nd ref="7392" />
    <nd ref="7391" />
    <nd ref="7390" />
    <nd ref="7389" />
    <nd ref="7388" />
    <nd ref="7387" />
    <tag k="type" v="road_border" />
  </way>
  <way id="1518" visible="true" version="1">
    <nd ref="3164" />
    <nd ref="3166" />
    <tag k="subtype" v="solid" />
    <tag k="type" v="line_thick" />
  </way>
  <way id="1519" visible="true" version="1">
    <nd ref="6631" />
    <nd ref="6630" />
    <nd ref="6629" />
    <nd ref="6628" />
    <nd ref="6627" />
    <nd ref="6626" />
    <nd ref="6625" />
    <nd ref="6624" />
    <nd ref="6623" />
    <tag k="subtype" v="high" />
    <tag k="type" v="curbstone" />
  </way>
  <way id="1520" visible="true" version="1">
    <nd ref="4246" />
    <nd ref="4244" />
    <nd ref="4679" />
    <nd ref="4678" />
    <nd ref="4677" />
    <nd ref="4240" />
    <nd ref="4237" />
    <tag k="type" v="road_border" />
  </way>
  <way id="1521" visible="true" version="1">
    <nd ref="2117" />
    <nd ref="2118" />
    <nd ref="2119" />
    <tag k="subtype" v="solid" />
    <tag k="type" v="line_thin" />
  </way>
  <way id="1522" visible="true" version="1">
    <nd ref="3260" />
    <nd ref="3262" />
    <tag k="subtype" v="red_yellow_green" />
    <tag k="type" v="traffic_light" />
  </way>
  <way id="1523" visible="true" version="1">
    <nd ref="4429" />
    <nd ref="4426" />
    <tag k="subtype" v="solid" />
    <tag k="type" v="line_thick" />
  </way>
  <way id="1524" visible="true" version="1">
    <nd ref="7119" />
    <nd ref="7118" />
    <tag k="type" v="road_border" />
  </way>
  <way id="1525" visible="true" version="1">
    <nd ref="3935" />
    <nd ref="6412" />
    <nd ref="6411" />
    <nd ref="6410" />
    <tag k="subtype" v="solid" />
    <tag k="type" v="line_thin" />
  </way>
  <way id="1526" visible="true" version="1">
    <nd ref="1951" />
    <nd ref="1952" />
    <nd ref="1953" />
    <nd ref="1954" />
    <nd ref="1955" />
    <nd ref="1956" />
    <nd ref="1957" />
    <nd ref="1958" />
    <nd ref="1959" />
    <nd ref="1960" />
    <nd ref="1961" />
    <tag k="type" v="road_border" />
  </way>
  <way id="1527" visible="true" version="1">
    <nd ref="2818" />
    <nd ref="7259" />
    <tag k="subtype" v="solid" />
    <tag k="type" v="line_thick" />
  </way>
  <way id="1528" visible="true" version="1">
    <nd ref="7287" />
    <nd ref="5914" />
    <nd ref="5913" />
    <nd ref="5912" />
    <nd ref="4634" />
    <nd ref="5911" />
    <nd ref="5910" />
    <nd ref="5909" />
    <nd ref="5908" />
    <nd ref="5907" />
    <nd ref="5906" />
    <nd ref="5905" />
    <nd ref="5904" />
    <nd ref="5903" />
    <nd ref="5902" />
    <nd ref="5901" />
    <nd ref="5900" />
    <nd ref="5899" />
    <nd ref="5898" />
    <nd ref="5897" />
    <nd ref="5896" />
    <nd ref="5895" />
    <nd ref="5894" />
    <nd ref="5893" />
    <nd ref="6425" />
    <tag k="type" v="virtual" />
  </way>
  <way id="1529" visible="true" version="1">
    <nd ref="1981" />
    <nd ref="1982" />
    <nd ref="1984" />
    <tag k="subtype" v="solid" />
    <tag k="type" v="line_thick" />
  </way>
  <way id="1530" visible="true" version="1">
    <nd ref="7276" />
    <nd ref="7275" />
    <nd ref="7274" />
    <tag k="subtype" v="solid" />
    <tag k="type" v="line_thin" />
  </way>
  <way id="1531" visible="true" version="1">
    <nd ref="2077" />
    <nd ref="2078" />
    <nd ref="2079" />
    <tag k="subtype" v="solid" />
    <tag k="type" v="line_thick" />
  </way>
  <way id="1532" visible="true" version="1">
    <nd ref="3191" />
    <nd ref="3193" />
    <tag k="subtype" v="red_yellow_green" />
    <tag k="type" v="traffic_light" />
  </way>
  <way id="1533" visible="true" version="1">
    <nd ref="7387" />
    <nd ref="7386" />
    <nd ref="7385" />
    <nd ref="7384" />
    <nd ref="7383" />
    <tag k="type" v="road_border" />
  </way>
  <way id="1534" visible="true" version="1">
    <nd ref="2065" />
    <nd ref="2066" />
    <nd ref="2067" />
    <tag k="subtype" v="high" />
    <tag k="type" v="curbstone" />
  </way>
  <way id="1535" visible="true" version="1">
    <nd ref="2773" />
    <nd ref="2391" />
    <tag k="subtype" v="high" />
    <tag k="type" v="curbstone" />
  </way>
  <way id="1536" visible="true" version="1">
    <nd ref="6927" />
    <nd ref="5820" />
    <nd ref="4348" />
    <nd ref="4345" />
    <nd ref="5819" />
    <nd ref="5818" />
    <nd ref="5817" />
    <nd ref="5816" />
    <nd ref="5815" />
    <nd ref="5814" />
    <nd ref="5813" />
    <nd ref="5812" />
    <nd ref="5811" />
    <nd ref="5810" />
    <nd ref="6920" />
    <tag k="type" v="virtual" />
  </way>
  <way id="1537" visible="true" version="1">
    <nd ref="3318" />
    <nd ref="3320" />
    <tag k="subtype" v="de206" />
    <tag k="type" v="traffic_sign" />
  </way>
  <way id="1538" visible="true" version="1">
    <nd ref="6567" />
    <nd ref="6557" />
    <nd ref="6556" />
    <tag k="subtype" v="high" />
    <tag k="type" v="curbstone" />
  </way>
  <way id="1539" visible="true" version="1">
    <nd ref="3768" />
    <nd ref="4035" />
    <nd ref="4017" />
    <nd ref="3953" />
    <nd ref="3961" />
    <nd ref="3890" />
    <nd ref="4092" />
    <nd ref="3923" />
    <nd ref="3787" />
    <nd ref="3788" />
    <nd ref="3789" />
    <nd ref="3793" />
    <nd ref="3794" />
    <nd ref="3795" />
    <nd ref="3796" />
    <nd ref="2073" />
    <tag k="subtype" v="high" />
    <tag k="type" v="curbstone" />
  </way>
  <way id="1540" visible="true" version="1">
    <nd ref="4657" />
    <nd ref="7502" />
    <nd ref="7501" />
    <nd ref="7500" />
    <nd ref="7499" />
    <nd ref="7498" />
    <nd ref="7497" />
    <nd ref="7496" />
    <nd ref="7495" />
    <tag k="type" v="road_border" />
  </way>
  <way id="1541" visible="true" version="1">
    <nd ref="7157" />
    <nd ref="7156" />
    <nd ref="7155" />
    <nd ref="7154" />
    <nd ref="7153" />
    <nd ref="7152" />
    <nd ref="7151" />
    <nd ref="7150" />
    <nd ref="7149" />
    <nd ref="7148" />
    <nd ref="7147" />
    <nd ref="7146" />
    <tag k="subtype" v="solid" />
    <tag k="type" v="line_thin" />
  </way>
  <way id="1542" visible="true" version="1">
    <nd ref="7475" />
    <nd ref="7474" />
    <nd ref="7473" />
    <tag k="type" v="road_border" />
  </way>
  <way id="1543" visible="true" version="1">
    <nd ref="6905" />
    <nd ref="6825" />
    <nd ref="6824" />
    <nd ref="6823" />
    <nd ref="6822" />
    <nd ref="6821" />
    <nd ref="6820" />
    <nd ref="6819" />
    <nd ref="6818" />
    <nd ref="6817" />
    <nd ref="6816" />
    <nd ref="6815" />
    <nd ref="6814" />
    <nd ref="6813" />
    <nd ref="6812" />
    <nd ref="6811" />
    <nd ref="6810" />
    <nd ref="6809" />
    <nd ref="6881" />
    <tag k="subtype" v="high" />
    <tag k="type" v="curbstone" />
  </way>
  <way id="1544" visible="true" version="1">
    <nd ref="4094" />
    <nd ref="6434" />
    <nd ref="6433" />
    <tag k="subtype" v="solid" />
    <tag k="type" v="line_thick" />
  </way>
  <way id="1545" visible="true" version="1">
    <nd ref="6708" />
    <nd ref="4279" />
    <nd ref="4278" />
    <nd ref="4277" />
    <nd ref="4060" />
    <nd ref="4276" />
    <nd ref="4275" />
    <nd ref="4274" />
    <nd ref="3932" />
    <nd ref="4273" />
    <nd ref="4272" />
    <nd ref="4271" />
    <nd ref="4004" />
    <nd ref="4132" />
    <nd ref="6731" />
    <tag k="subtype" v="high" />
    <tag k="type" v="curbstone" />
  </way>
  <way id="1546" visible="true" version="1">
    <nd ref="1991" />
    <nd ref="1992" />
    <nd ref="1993" />
    <nd ref="1994" />
    <nd ref="1995" />
    <nd ref="1996" />
    <nd ref="1997" />
    <nd ref="1998" />
    <nd ref="1999" />
    <tag k="subtype" v="solid" />
    <tag k="type" v="line_thick" />
  </way>
  <way id="1547" visible="true" version="1">
    <nd ref="2788" />
    <nd ref="7227" />
    <tag k="subtype" v="solid" />
    <tag k="type" v="line_thin" />
  </way>
  <way id="1548" visible="true" version="1">
    <nd ref="6924" />
    <nd ref="4455" />
    <nd ref="5834" />
    <nd ref="4451" />
    <nd ref="4448" />
    <nd ref="4445" />
    <nd ref="4442" />
    <nd ref="5833" />
    <nd ref="5832" />
    <nd ref="5831" />
    <nd ref="5830" />
    <nd ref="4436" />
    <nd ref="4433" />
    <nd ref="4430" />
    <nd ref="4427" />
    <nd ref="4424" />
    <nd ref="4212" />
    <nd ref="4421" />
    <nd ref="6911" />
    <tag k="type" v="virtual" />
  </way>
  <way id="1549" visible="true" version="1">
    <nd ref="4490" />
    <nd ref="4487" />
    <tag k="subtype" v="solid" />
    <tag k="type" v="line_thick" />
  </way>
  <way id="1550" visible="true" version="1">
    <nd ref="3304" />
    <nd ref="3306" />
    <tag k="subtype" v="red_yellow_green" />
    <tag k="type" v="traffic_light" />
  </way>
  <way id="1551" visible="true" version="1">
    <nd ref="6646" />
    <nd ref="6645" />
    <nd ref="6644" />
    <nd ref="6643" />
    <nd ref="6642" />
    <nd ref="6641" />
    <nd ref="6640" />
    <nd ref="6666" />
    <tag k="type" v="road_border" />
  </way>
  <way id="1552" visible="true" version="1">
    <nd ref="4150" />
    <nd ref="6424" />
    <nd ref="6423" />
    <tag k="subtype" v="dashed" />
    <tag k="type" v="line_thin" />
  </way>
  <way id="1553" visible="true" version="1">
    <nd ref="6725" />
    <nd ref="3830" />
    <nd ref="3831" />
    <nd ref="3832" />
    <nd ref="3833" />
    <nd ref="3834" />
    <nd ref="4140" />
    <nd ref="3835" />
    <nd ref="3836" />
    <nd ref="3956" />
    <nd ref="3838" />
    <nd ref="3839" />
    <nd ref="3840" />
    <nd ref="3844" />
    <nd ref="6744" />
    <tag k="type" v="virtual" />
  </way>
  <way id="1554" visible="true" version="1">
    <nd ref="1972" />
    <nd ref="1973" />
    <nd ref="1974" />
    <tag k="subtype" v="solid" />
    <tag k="type" v="line_thin" />
  </way>
  <way id="1555" visible="true" version="1">
    <nd ref="2800" />
    <nd ref="7243" />
    <tag k="subtype" v="dashed" />
    <tag k="type" v="line_thin" />
  </way>
  <way id="1556" visible="true" version="1">
    <nd ref="6753" />
    <nd ref="5858" />
    <nd ref="4559" />
    <nd ref="4556" />
    <nd ref="4553" />
    <nd ref="4550" />
    <nd ref="5857" />
    <nd ref="5856" />
    <nd ref="5855" />
    <nd ref="5854" />
    <nd ref="4543" />
    <nd ref="4540" />
    <nd ref="4537" />
    <nd ref="4534" />
    <nd ref="4531" />
    <nd ref="4528" />
    <nd ref="4525" />
    <nd ref="4522" />
    <nd ref="6920" />
    <tag k="type" v="virtual" />
  </way>
  <way id="1557" visible="true" version="1">
    <nd ref="7289" />
    <nd ref="7288" />
    <nd ref="7287" />
    <tag k="subtype" v="dashed" />
    <tag k="type" v="line_thin" />
  </way>
  <way id="1558" visible="true" version="1">
    <nd ref="4508" />
    <nd ref="4505" />
    <tag k="subtype" v="solid" />
    <tag k="type" v="line_thick" />
  </way>
  <way id="1559" visible="true" version="1">
    <nd ref="2074" />
    <nd ref="2075" />
    <nd ref="2076" />
    <tag k="type" v="road_border" />
  </way>
  <way id="1560" visible="true" version="1">
    <nd ref="2749" />
    <nd ref="7343" />
    <tag k="type" v="road_border" />
  </way>
  <way id="1561" visible="true" version="1">
    <nd ref="7100" />
    <nd ref="4023" />
    <nd ref="5755" />
    <nd ref="5756" />
    <nd ref="5757" />
    <nd ref="5758" />
    <nd ref="5759" />
    <nd ref="5760" />
    <nd ref="5761" />
    <nd ref="5762" />
    <nd ref="5763" />
    <nd ref="5764" />
    <nd ref="5765" />
    <nd ref="5766" />
    <nd ref="5767" />
    <nd ref="5768" />
    <nd ref="5769" />
    <nd ref="5770" />
    <nd ref="5771" />
    <nd ref="6911" />
    <tag k="type" v="virtual" />
  </way>
  <way id="1562" visible="true" version="1">
    <nd ref="4450" />
    <nd ref="4447" />
    <tag k="subtype" v="solid" />
    <tag k="type" v="line_thick" />
  </way>
  <way id="1563" visible="true" version="1">
    <nd ref="2850" />
    <nd ref="7298" />
    <nd ref="7297" />
    <nd ref="7296" />
    <nd ref="7295" />
    <nd ref="7294" />
    <nd ref="7293" />
    <tag k="subtype" v="dashed" />
    <tag k="type" v="line_thin" />
  </way>
  <way id="1564" visible="true" version="1">
    <nd ref="6695" />
    <nd ref="6694" />
    <nd ref="6693" />
    <tag k="subtype" v="dashed" />
    <tag k="type" v="line_thin" />
  </way>
  <way id="1565" visible="true" version="1">
    <nd ref="1935" />
    <nd ref="2852" />
    <nd ref="2853" />
    <nd ref="2854" />
    <nd ref="2855" />
    <nd ref="2856" />
    <nd ref="2857" />
    <nd ref="2858" />
    <nd ref="2859" />
    <nd ref="2860" />
    <nd ref="2861" />
    <nd ref="2862" />
    <nd ref="2864" />
    <nd ref="2865" />
    <nd ref="2866" />
    <nd ref="2867" />
    <nd ref="2868" />
    <nd ref="2869" />
    <nd ref="6743" />
    <tag k="type" v="virtual" />
  </way>
  <way id="1566" visible="true" version="1">
    <nd ref="4542" />
    <nd ref="4539" />
    <tag k="subtype" v="solid" />
    <tag k="type" v="line_thick" />
  </way>
  <way id="1567" visible="true" version="1">
    <nd ref="5938" />
    <nd ref="4053" />
    <nd ref="4205" />
    <tag k="subtype" v="high" />
    <tag k="type" v="curbstone" />
  </way>
  <way id="1568" visible="true" version="1">
    <nd ref="1872" />
    <nd ref="1873" />
    <nd ref="1874" />
    <nd ref="1875" />
    <nd ref="1876" />
    <nd ref="1877" />
    <nd ref="1878" />
    <nd ref="1879" />
    <nd ref="1880" />
    <nd ref="1881" />
    <tag k="subtype" v="solid" />
    <tag k="type" v="line_thick" />
  </way>
  <way id="1569" visible="true" version="1">
    <nd ref="7312" />
    <nd ref="2834" />
    <tag k="subtype" v="solid" />
    <tag k="type" v="line_thick" />
  </way>
  <way id="1570" visible="true" version="1">
    <nd ref="6696" />
    <nd ref="6045" />
    <nd ref="6044" />
    <nd ref="6043" />
    <nd ref="6042" />
    <nd ref="6041" />
    <nd ref="6040" />
    <nd ref="6039" />
    <nd ref="6038" />
    <nd ref="6037" />
    <nd ref="6036" />
    <nd ref="6035" />
    <nd ref="6034" />
    <nd ref="6033" />
    <nd ref="6032" />
    <nd ref="6031" />
    <nd ref="6030" />
    <nd ref="6029" />
    <nd ref="7273" />
    <tag k="type" v="virtual" />
  </way>
  <way id="1571" visible="true" version="1">
    <nd ref="4390" />
    <nd ref="4387" />
    <tag k="subtype" v="solid" />
    <tag k="type" v="line_thick" />
  </way>
  <way id="1572" visible="true" version="1">
    <nd ref="6929" />
    <nd ref="6928" />
    <nd ref="6927" />
    <tag k="subtype" v="solid" />
    <tag k="type" v="line_thin" />
  </way>
  <way id="1573" visible="true" version="1">
    <nd ref="6735" />
    <nd ref="2770" />
    <nd ref="2771" />
    <nd ref="2772" />
    <nd ref="2774" />
    <nd ref="2775" />
    <nd ref="2776" />
    <nd ref="2777" />
    <nd ref="2778" />
    <nd ref="2779" />
    <nd ref="2780" />
    <nd ref="2781" />
    <nd ref="2782" />
    <nd ref="2783" />
    <nd ref="2784" />
    <nd ref="2785" />
    <nd ref="2149" />
    <tag k="type" v="virtual" />
  </way>
  <way id="1574" visible="true" version="1">
    <nd ref="2321" />
    <nd ref="2322" />
    <nd ref="2323" />
    <tag k="subtype" v="high" />
    <tag k="type" v="curbstone" />
  </way>
  <way id="1575" visible="true" version="1">
    <nd ref="7242" />
    <nd ref="7241" />
    <nd ref="7240" />
    <nd ref="7239" />
    <tag k="subtype" v="solid" />
    <tag k="type" v="line_thin" />
  </way>
  <way id="1576" visible="true" version="1">
    <nd ref="1933" />
    <nd ref="1934" />
    <nd ref="1935" />
    <tag k="subtype" v="solid" />
    <tag k="type" v="line_thin" />
  </way>
  <way id="1577" visible="true" version="1">
    <nd ref="3110" />
    <nd ref="3112" />
    <tag k="subtype" v="red_yellow_green" />
    <tag k="type" v="traffic_light" />
  </way>
  <way id="1578" visible="true" version="1">
    <nd ref="7174" />
    <nd ref="7173" />
    <nd ref="7172" />
    <nd ref="7171" />
    <nd ref="7170" />
    <nd ref="7169" />
    <nd ref="7168" />
    <nd ref="7167" />
    <nd ref="7166" />
    <nd ref="7165" />
    <nd ref="7161" />
    <tag k="subtype" v="dashed" />
    <tag k="type" v="line_thin" />
  </way>
  <way id="1579" visible="true" version="1">
    <nd ref="3919" />
    <nd ref="6532" />
    <tag k="subtype" v="high" />
    <tag k="type" v="curbstone" />
  </way>
  <way id="1580" visible="true" version="1">
    <nd ref="1884" />
    <nd ref="1885" />
    <nd ref="1886" />
    <nd ref="1887" />
    <nd ref="1888" />
    <nd ref="1889" />
    <nd ref="1890" />
    <nd ref="1891" />
    <nd ref="1892" />
    <nd ref="1893" />
    <nd ref="1894" />
    <tag k="subtype" v="dashed" />
    <tag k="type" v="line_thin" />
  </way>
  <way id="1581" visible="true" version="1">
    <nd ref="4552" />
    <nd ref="4549" />
    <tag k="subtype" v="solid" />
    <tag k="type" v="line_thick" />
  </way>
  <way id="1582" visible="true" version="1">
    <nd ref="5981" />
    <nd ref="5926" />
    <nd ref="5927" />
    <nd ref="5928" />
    <tag k="type" v="road_border" />
  </way>
  <way id="1583" visible="true" version="1">
    <nd ref="3335" />
    <nd ref="3337" />
    <tag k="subtype" v="de206" />
    <tag k="type" v="traffic_sign" />
  </way>
  <way id="1584" visible="true" version="1">
    <nd ref="1920" />
    <nd ref="1921" />
    <nd ref="1922" />
    <nd ref="1923" />
    <tag k="subtype" v="solid" />
    <tag k="type" v="line_thin" />
  </way>
  <way id="1585" visible="true" version="1">
    <nd ref="6516" />
    <nd ref="6515" />
    <nd ref="6514" />
    <tag k="subtype" v="dashed" />
    <tag k="type" v="line_thin" />
  </way>
  <way id="1586" visible="true" version="1">
    <nd ref="7299" />
    <nd ref="2850" />
    <tag k="subtype" v="dashed" />
    <tag k="type" v="line_thin" />
  </way>
  <way id="1587" visible="true" version="1">
    <nd ref="2064" />
    <nd ref="6106" />
    <nd ref="6105" />
    <nd ref="6104" />
    <nd ref="6103" />
    <nd ref="6102" />
    <nd ref="6101" />
    <nd ref="6100" />
    <nd ref="6099" />
    <nd ref="6098" />
    <nd ref="6097" />
    <nd ref="6096" />
    <nd ref="6095" />
    <nd ref="6094" />
    <nd ref="6093" />
    <nd ref="6092" />
    <nd ref="6091" />
    <nd ref="6090" />
    <nd ref="6089" />
    <nd ref="6088" />
    <nd ref="6087" />
    <nd ref="6086" />
    <nd ref="6085" />
    <nd ref="6084" />
    <nd ref="6083" />
    <nd ref="6082" />
    <nd ref="6081" />
    <nd ref="6080" />
    <nd ref="7242" />
    <tag k="type" v="virtual" />
  </way>
  <way id="1588" visible="true" version="1">
    <nd ref="2136" />
    <nd ref="4036" />
    <nd ref="4018" />
    <nd ref="3954" />
    <nd ref="3962" />
    <nd ref="3553" />
    <nd ref="3554" />
    <nd ref="3555" />
    <nd ref="3556" />
    <nd ref="3557" />
    <nd ref="3558" />
    <nd ref="3559" />
    <nd ref="3560" />
    <nd ref="3561" />
    <nd ref="3562" />
    <nd ref="3563" />
    <nd ref="3564" />
    <nd ref="3565" />
    <nd ref="3566" />
    <nd ref="3567" />
    <nd ref="1972" />
    <tag k="type" v="virtual" />
  </way>
  <way id="1589" visible="true" version="1">
    <nd ref="4408" />
    <nd ref="4405" />
    <tag k="subtype" v="solid" />
    <tag k="type" v="line_thick" />
  </way>
  <way id="1590" visible="true" version="1">
    <nd ref="7097" />
    <nd ref="7096" />
    <nd ref="7095" />
    <tag k="subtype" v="solid" />
    <tag k="type" v="line_thin" />
  </way>
  <way id="1591" visible="true" version="1">
    <nd ref="6720" />
    <nd ref="2680" />
    <nd ref="2681" />
    <nd ref="2682" />
    <nd ref="2683" />
    <nd ref="2684" />
    <nd ref="2685" />
    <nd ref="2686" />
    <nd ref="2687" />
    <nd ref="2688" />
    <nd ref="2689" />
    <nd ref="2690" />
    <nd ref="2691" />
    <nd ref="2692" />
    <nd ref="2693" />
    <nd ref="2694" />
    <nd ref="2695" />
    <nd ref="2696" />
    <nd ref="2697" />
    <nd ref="2698" />
    <nd ref="2699" />
    <nd ref="2700" />
    <nd ref="2701" />
    <nd ref="2702" />
    <nd ref="2703" />
    <nd ref="2704" />
    <nd ref="2705" />
    <nd ref="2706" />
    <nd ref="2707" />
    <nd ref="2708" />
    <nd ref="2709" />
    <nd ref="2710" />
    <nd ref="2711" />
    <nd ref="2712" />
    <nd ref="2713" />
    <nd ref="2714" />
    <nd ref="2715" />
    <nd ref="2716" />
    <nd ref="6695" />
    <tag k="type" v="virtual" />
  </way>
  <way id="1592" visible="true" version="1">
    <nd ref="3976" />
    <nd ref="6696" />
    <tag k="subtype" v="solid" />
    <tag k="type" v="line_thick" />
  </way>
  <way id="1593" visible="true" version="1">
    <nd ref="3005" />
    <nd ref="3007" />
    <tag k="subtype" v="red_yellow_green" />
    <tag k="type" v="traffic_light" />
  </way>
  <way id="1594" visible="true" version="1">
    <nd ref="6465" />
    <nd ref="2478" />
    <nd ref="2479" />
    <nd ref="2480" />
    <nd ref="2481" />
    <nd ref="2482" />
    <nd ref="2483" />
    <nd ref="2484" />
    <nd ref="2485" />
    <nd ref="2486" />
    <nd ref="2487" />
    <nd ref="2488" />
    <nd ref="2489" />
    <nd ref="2490" />
    <nd ref="2491" />
    <nd ref="2492" />
    <nd ref="2493" />
    <nd ref="2494" />
    <nd ref="2495" />
    <nd ref="2496" />
    <nd ref="4093" />
    <nd ref="2497" />
    <nd ref="2498" />
    <nd ref="2499" />
    <nd ref="2500" />
    <nd ref="2501" />
    <nd ref="2502" />
    <nd ref="2503" />
    <nd ref="2504" />
    <nd ref="2505" />
    <nd ref="2506" />
    <nd ref="6695" />
    <tag k="type" v="virtual" />
  </way>
  <way id="1595" visible="true" version="1">
    <nd ref="6525" />
    <nd ref="3842" />
    <tag k="subtype" v="high" />
    <tag k="type" v="curbstone" />
  </way>
  <way id="1596" visible="true" version="1">
    <nd ref="2063" />
    <nd ref="2064" />
    <tag k="subtype" v="solid" />
    <tag k="type" v="line_thin" />
  </way>
  <way id="1597" visible="true" version="1">
    <nd ref="1868" />
    <nd ref="1869" />
    <nd ref="1870" />
    <nd ref="1871" />
    <tag k="subtype" v="solid" />
    <tag k="type" v="line_thick" />
  </way>
  <way id="1598" visible="true" version="1">
    <nd ref="6438" />
    <nd ref="6437" />
    <nd ref="6436" />
    <tag k="type" v="road_border" />
  </way>
  <way id="1599" visible="true" version="1">
    <nd ref="1909" />
    <nd ref="2806" />
    <nd ref="2807" />
    <nd ref="2808" />
    <nd ref="2809" />
    <nd ref="2810" />
    <nd ref="2811" />
    <nd ref="2812" />
    <nd ref="2813" />
    <nd ref="2814" />
    <nd ref="2815" />
    <nd ref="2816" />
    <nd ref="2817" />
    <nd ref="2819" />
    <nd ref="6743" />
    <tag k="type" v="virtual" />
  </way>
  <way id="1600" visible="true" version="1">
    <nd ref="4007" />
    <nd ref="6011" />
    <tag k="type" v="road_border" />
  </way>
  <way id="1601" visible="true" version="1">
    <nd ref="1894" />
    <nd ref="1895" />
    <nd ref="1896" />
    <nd ref="1897" />
    <tag k="subtype" v="dashed" />
    <tag k="type" v="line_thin" />
  </way>
  <way id="1602" visible="true" version="1">
    <nd ref="6485" />
    <nd ref="6484" />
    <nd ref="6483" />
    <nd ref="6482" />
    <nd ref="6481" />
    <nd ref="6480" />
    <nd ref="6479" />
    <nd ref="6478" />
    <nd ref="6477" />
    <nd ref="6476" />
    <nd ref="6475" />
    <nd ref="6474" />
    <nd ref="6473" />
    <nd ref="6472" />
    <nd ref="6471" />
    <nd ref="6470" />
    <nd ref="6469" />
    <nd ref="6468" />
    <nd ref="6467" />
    <tag k="subtype" v="dashed" />
    <tag k="type" v="line_thin" />
  </way>
  <way id="1603" visible="true" version="1">
    <nd ref="3104" />
    <nd ref="3798" />
    <tag k="subtype" v="red_yellow_green" />
    <tag k="type" v="traffic_light" />
  </way>
  <way id="1604" visible="true" version="1">
    <nd ref="6738" />
    <nd ref="4235" />
    <nd ref="4198" />
    <nd ref="4192" />
    <nd ref="4190" />
    <nd ref="4119" />
    <nd ref="4234" />
    <nd ref="4097" />
    <nd ref="4187" />
    <nd ref="4185" />
    <nd ref="4183" />
    <nd ref="4181" />
    <nd ref="3926" />
    <nd ref="4233" />
    <nd ref="6719" />
    <tag k="type" v="virtual" />
  </way>
  <way id="1605" visible="true" version="1">
    <nd ref="7495" />
    <nd ref="7494" />
    <nd ref="7493" />
    <nd ref="7492" />
    <nd ref="7491" />
    <nd ref="7490" />
    <nd ref="7489" />
    <nd ref="7488" />
    <nd ref="7487" />
    <nd ref="7486" />
    <nd ref="7485" />
    <nd ref="7484" />
    <nd ref="7483" />
    <nd ref="7482" />
    <nd ref="7481" />
    <nd ref="7480" />
    <nd ref="7479" />
    <nd ref="7478" />
    <nd ref="7477" />
    <nd ref="7476" />
    <nd ref="7475" />
    <tag k="type" v="road_border" />
  </way>
  <way id="1606" visible="true" version="1">
    <nd ref="6705" />
    <nd ref="4270" />
    <nd ref="4269" />
    <nd ref="4268" />
    <nd ref="4267" />
    <nd ref="4266" />
    <nd ref="3938" />
    <nd ref="4265" />
    <nd ref="4264" />
    <nd ref="4263" />
    <nd ref="4204" />
    <nd ref="3917" />
    <nd ref="4038" />
    <nd ref="4262" />
    <nd ref="6728" />
    <tag k="type" v="road_border" />
  </way>
  <way id="1607" visible="true" version="1">
    <nd ref="6444" />
    <nd ref="4113" />
    <tag k="subtype" v="solid" />
    <tag k="type" v="line_thin" />
  </way>
  <way id="1608" visible="true" version="1">
    <nd ref="6467" />
    <nd ref="4195" />
    <tag k="subtype" v="dashed" />
    <tag k="type" v="line_thin" />
  </way>
  <way id="1609" visible="true" version="1">
    <nd ref="4347" />
    <nd ref="4344" />
    <tag k="subtype" v="solid" />
    <tag k="type" v="line_thick" />
  </way>
  <way id="1610" visible="true" version="1">
    <nd ref="6749" />
    <nd ref="6748" />
    <nd ref="6747" />
    <tag k="type" v="road_border" />
  </way>
  <way id="1611" visible="true" version="1">
    <nd ref="6490" />
    <nd ref="4002" />
    <tag k="subtype" v="high" />
    <tag k="type" v="curbstone" />
  </way>
  <way id="1612" visible="true" version="1">
    <nd ref="3903" />
    <nd ref="6529" />
    <tag k="subtype" v="dashed" />
    <tag k="type" v="line_thin" />
  </way>
  <way id="1613" visible="true" version="1">
    <nd ref="2347" />
    <nd ref="2348" />
    <nd ref="2349" />
    <tag k="subtype" v="high" />
    <tag k="type" v="curbstone" />
  </way>
  <way id="1614" visible="true" version="1">
    <nd ref="7445" />
    <nd ref="7444" />
    <nd ref="7443" />
    <nd ref="7442" />
    <nd ref="7441" />
    <nd ref="7440" />
    <nd ref="7439" />
    <nd ref="7438" />
    <nd ref="7437" />
    <nd ref="7436" />
    <nd ref="7435" />
    <nd ref="7434" />
    <nd ref="7433" />
    <nd ref="7432" />
    <nd ref="7431" />
    <nd ref="7430" />
    <nd ref="7429" />
    <nd ref="7428" />
    <nd ref="7427" />
    <nd ref="7426" />
    <nd ref="7425" />
    <nd ref="7424" />
    <nd ref="7423" />
    <nd ref="7422" />
    <nd ref="7421" />
    <nd ref="7420" />
    <nd ref="7419" />
    <nd ref="7418" />
    <nd ref="7417" />
    <nd ref="7416" />
    <nd ref="7415" />
    <nd ref="7414" />
    <nd ref="7413" />
    <tag k="type" v="road_border" />
  </way>
  <way id="1615" visible="true" version="1">
    <nd ref="4369" />
    <nd ref="4366" />
    <tag k="subtype" v="solid" />
    <tag k="type" v="line_thick" />
  </way>
  <way id="1616" visible="true" version="1">
    <nd ref="6917" />
    <nd ref="6916" />
    <nd ref="6915" />
    <tag k="subtype" v="high" />
    <tag k="type" v="curbstone" />
  </way>
  <way id="1617" visible="true" version="1">
    <nd ref="4444" />
    <nd ref="4441" />
    <tag k="subtype" v="solid" />
    <tag k="type" v="line_thick" />
  </way>
  <way id="1618" visible="true" version="1">
    <nd ref="2863" />
    <nd ref="7285" />
    <nd ref="7284" />
    <nd ref="7283" />
    <nd ref="7282" />
    <nd ref="7281" />
    <nd ref="7280" />
    <tag k="subtype" v="solid" />
    <tag k="type" v="line_thin" />
  </way>
  <way id="1619" visible="true" version="1">
    <nd ref="7023" />
    <nd ref="6937" />
    <nd ref="6936" />
    <nd ref="6935" />
    <nd ref="6934" />
    <nd ref="6933" />
    <nd ref="6932" />
    <nd ref="6931" />
    <nd ref="6930" />
    <nd ref="7092" />
    <tag k="subtype" v="high" />
    <tag k="type" v="curbstone" />
  </way>
  <way id="1620" visible="true" version="1">
    <nd ref="6869" />
    <nd ref="4295" />
    <tag k="subtype" v="high" />
    <tag k="type" v="curbstone" />
  </way>
  <way id="1621" visible="true" version="1">
    <nd ref="6566" />
    <nd ref="4733" />
    <nd ref="4732" />
    <nd ref="4731" />
    <nd ref="4730" />
    <nd ref="4729" />
    <nd ref="4728" />
    <nd ref="4727" />
    <nd ref="4726" />
    <nd ref="4725" />
    <nd ref="3912" />
    <nd ref="4724" />
    <nd ref="4723" />
    <nd ref="3969" />
    <nd ref="3899" />
    <nd ref="4722" />
    <nd ref="4052" />
    <nd ref="4047" />
    <nd ref="4043" />
    <nd ref="3990" />
    <nd ref="4721" />
    <nd ref="4720" />
    <nd ref="4719" />
    <nd ref="4147" />
    <nd ref="4718" />
    <nd ref="4717" />
    <tag k="type" v="road_border" />
  </way>
  <way id="1622" visible="true" version="1">
    <nd ref="6528" />
    <nd ref="4014" />
    <tag k="subtype" v="solid" />
    <tag k="type" v="line_thin" />
  </way>
  <way id="1623" visible="true" version="1">
    <nd ref="2160" />
    <nd ref="3937" />
    <nd ref="4782" />
    <nd ref="4781" />
    <nd ref="4780" />
    <nd ref="3943" />
    <nd ref="3951" />
    <nd ref="3984" />
    <nd ref="3995" />
    <nd ref="4037" />
    <nd ref="4019" />
    <nd ref="3955" />
    <nd ref="3963" />
    <nd ref="4779" />
    <nd ref="4778" />
    <nd ref="4777" />
    <nd ref="4776" />
    <nd ref="4775" />
    <nd ref="4152" />
    <nd ref="4774" />
    <nd ref="4773" />
    <nd ref="4772" />
    <nd ref="4771" />
    <nd ref="4770" />
    <nd ref="4769" />
    <nd ref="4768" />
    <nd ref="4767" />
    <nd ref="4766" />
    <nd ref="4765" />
    <nd ref="4764" />
    <nd ref="7299" />
    <tag k="type" v="virtual" />
  </way>
  <way id="1624" visible="true" version="1">
    <nd ref="6940" />
    <nd ref="7020" />
    <nd ref="7019" />
    <nd ref="7018" />
    <nd ref="7017" />
    <nd ref="7016" />
    <nd ref="7015" />
    <nd ref="7014" />
    <nd ref="7013" />
    <nd ref="7012" />
    <nd ref="7009" />
    <tag k="type" v="road_border" />
  </way>
  <way id="1625" visible="true" version="1">
    <nd ref="6794" />
    <nd ref="4022" />
    <tag k="type" v="road_border" />
  </way>
  <way id="1626" visible="true" version="1">
    <nd ref="6544" />
    <nd ref="4635" />
    <nd ref="4632" />
    <nd ref="4631" />
    <nd ref="4630" />
    <nd ref="4629" />
    <nd ref="4628" />
    <nd ref="4627" />
    <nd ref="4626" />
    <nd ref="4625" />
    <nd ref="4624" />
    <nd ref="4623" />
    <nd ref="4622" />
    <nd ref="4621" />
    <nd ref="4620" />
    <nd ref="4619" />
    <nd ref="4618" />
    <nd ref="4617" />
    <nd ref="4616" />
    <nd ref="4615" />
    <nd ref="4614" />
    <nd ref="2201" />
    <tag k="type" v="virtual" />
  </way>
  <way id="1627" visible="true" version="1">
    <nd ref="4457" />
    <nd ref="4454" />
    <tag k="subtype" v="solid" />
    <tag k="type" v="line_thick" />
  </way>
  <way id="1628" visible="true" version="1">
    <nd ref="2149" />
    <nd ref="2150" />
    <nd ref="2151" />
    <nd ref="2152" />
    <nd ref="2153" />
    <nd ref="2154" />
    <nd ref="2155" />
    <tag k="subtype" v="dashed" />
    <tag k="type" v="line_thin" />
  </way>
  <way id="1629" visible="true" version="1">
    <nd ref="6534" />
    <nd ref="3860" />
    <tag k="subtype" v="high" />
    <tag k="type" v="curbstone" />
  </way>
  <way id="1630" visible="true" version="1">
    <nd ref="1951" />
    <nd ref="3650" />
    <nd ref="3651" />
    <nd ref="3652" />
    <nd ref="3653" />
    <nd ref="3654" />
    <nd ref="3655" />
    <nd ref="6912" />
    <tag k="type" v="road_border" />
  </way>
  <way id="1631" visible="true" version="1">
    <nd ref="7225" />
    <nd ref="7224" />
    <nd ref="7223" />
    <nd ref="7222" />
    <nd ref="7221" />
    <nd ref="7220" />
    <nd ref="7219" />
    <nd ref="7218" />
    <nd ref="7217" />
    <nd ref="7216" />
    <nd ref="7215" />
    <nd ref="7214" />
    <tag k="subtype" v="solid" />
    <tag k="type" v="line_thick" />
  </way>
  <way id="1632" visible="true" version="1">
    <nd ref="3251" />
    <nd ref="3253" />
    <tag k="subtype" v="red_yellow_green" />
    <tag k="type" v="traffic_light" />
  </way>
  <way id="1633" visible="true" version="1">
    <nd ref="2097" />
    <nd ref="2098" />
    <nd ref="2099" />
    <tag k="subtype" v="dashed" />
    <tag k="type" v="line_thin" />
  </way>
  <way id="1634" visible="true" version="1">
    <nd ref="3300" />
    <nd ref="3302" />
    <tag k="subtype" v="red_yellow_green" />
    <tag k="type" v="traffic_light" />
  </way>
  <way id="1635" visible="true" version="1">
    <nd ref="7146" />
    <nd ref="7145" />
    <nd ref="7144" />
    <nd ref="7143" />
    <nd ref="7142" />
    <nd ref="7141" />
    <nd ref="7140" />
    <nd ref="7139" />
    <nd ref="7138" />
    <tag k="subtype" v="solid" />
    <tag k="type" v="line_thin" />
  </way>
  <way id="1636" visible="true" version="1">
    <nd ref="1907" />
    <nd ref="1908" />
    <nd ref="1909" />
    <tag k="subtype" v="dashed" />
    <tag k="type" v="line_thin" />
  </way>
  <way id="1637" visible="true" version="1">
    <nd ref="2104" />
    <nd ref="2105" />
    <tag k="subtype" v="dashed" />
    <tag k="type" v="line_thin" />
  </way>
  <way id="1638" visible="true" version="1">
    <nd ref="4363" />
    <nd ref="4360" />
    <tag k="subtype" v="solid" />
    <tag k="type" v="line_thick" />
  </way>
  <way id="1639" visible="true" version="1">
    <nd ref="6572" />
    <nd ref="6571" />
    <nd ref="6570" />
    <tag k="subtype" v="solid" />
    <tag k="type" v="line_thin" />
  </way>
  <way id="1640" visible="true" version="1">
    <nd ref="6914" />
    <nd ref="6913" />
    <nd ref="6912" />
    <tag k="type" v="road_border" />
  </way>
  <way id="1641" visible="true" version="1">
    <nd ref="2084" />
    <nd ref="2085" />
    <tag k="subtype" v="solid" />
    <tag k="type" v="line_thick" />
  </way>
  <way id="1642" visible="true" version="1">
    <nd ref="4381" />
    <nd ref="4378" />
    <tag k="subtype" v="solid" />
    <tag k="type" v="line_thick" />
  </way>
  <way id="1643" visible="true" version="1">
    <nd ref="6923" />
    <nd ref="6922" />
    <nd ref="6921" />
    <tag k="subtype" v="solid" />
    <tag k="type" v="line_thin" />
  </way>
  <way id="1644" visible="true" version="1">
    <nd ref="4396" />
    <nd ref="4393" />
    <tag k="subtype" v="solid" />
    <tag k="type" v="line_thick" />
  </way>
  <way id="1645" visible="true" version="1">
    <nd ref="7077" />
    <nd ref="6991" />
    <nd ref="6990" />
    <nd ref="6989" />
    <nd ref="6988" />
    <nd ref="6987" />
    <nd ref="6986" />
    <nd ref="6985" />
    <nd ref="6984" />
    <nd ref="6983" />
    <nd ref="6982" />
    <nd ref="6981" />
    <nd ref="6980" />
    <nd ref="6979" />
    <nd ref="6978" />
    <nd ref="6977" />
    <nd ref="6976" />
    <nd ref="6975" />
    <nd ref="7055" />
    <tag k="subtype" v="high" />
    <tag k="type" v="curbstone" />
  </way>
  <way id="1646" visible="true" version="1">
    <nd ref="6940" />
    <nd ref="6939" />
    <nd ref="6938" />
    <tag k="type" v="road_border" />
  </way>
  <way id="1647" visible="true" version="1">
    <nd ref="4083" />
    <nd ref="6397" />
    <tag k="subtype" v="high" />
    <tag k="type" v="curbstone" />
  </way>
  <way id="1648" visible="true" version="1">
    <nd ref="6465" />
    <nd ref="5090" />
    <nd ref="5089" />
    <nd ref="5088" />
    <nd ref="5087" />
    <nd ref="5086" />
    <nd ref="5085" />
    <nd ref="5084" />
    <nd ref="5083" />
    <nd ref="5082" />
    <nd ref="5081" />
    <nd ref="5080" />
    <nd ref="5079" />
    <nd ref="5078" />
    <nd ref="5077" />
    <nd ref="5076" />
    <nd ref="5075" />
    <nd ref="5074" />
    <nd ref="5073" />
    <nd ref="5072" />
    <nd ref="6716" />
    <tag k="type" v="virtual" />
  </way>
  <way id="1649" visible="true" version="1">
    <nd ref="4414" />
    <nd ref="4411" />
    <tag k="subtype" v="solid" />
    <tag k="type" v="line_thick" />
  </way>
  <way id="1650" visible="true" version="1">
    <nd ref="7100" />
    <nd ref="7099" />
    <nd ref="7098" />
    <tag k="subtype" v="solid" />
    <tag k="type" v="line_thick" />
  </way>
  <way id="1651" visible="true" version="1">
    <nd ref="4423" />
    <nd ref="4211" />
    <tag k="subtype" v="solid" />
    <tag k="type" v="line_thick" />
  </way>
  <way id="1652" visible="true" version="1">
    <nd ref="1950" />
    <nd ref="7116" />
    <nd ref="7115" />
    <nd ref="7114" />
    <nd ref="7113" />
    <nd ref="7112" />
    <nd ref="7111" />
    <nd ref="7110" />
    <nd ref="7109" />
    <nd ref="2071" />
    <tag k="subtype" v="high" />
    <tag k="type" v="curbstone" />
  </way>
  <way id="1653" visible="true" version="1">
    <nd ref="7403" />
    <nd ref="7402" />
    <nd ref="7401" />
    <nd ref="7400" />
    <nd ref="7399" />
    <nd ref="7398" />
    <nd ref="7397" />
    <nd ref="7396" />
    <nd ref="7395" />
    <tag k="type" v="road_border" />
  </way>
  <way id="1654" visible="true" version="1">
    <nd ref="2161" />
    <nd ref="2162" />
    <nd ref="2163" />
    <nd ref="2164" />
    <nd ref="2165" />
    <nd ref="2166" />
    <nd ref="2167" />
    <tag k="subtype" v="solid" />
    <tag k="type" v="line_thin" />
  </way>
  <way id="1655" visible="true" version="1">
    <nd ref="3807" />
    <nd ref="6520" />
    <tag k="type" v="road_border" />
  </way>
  <way id="1656" visible="true" version="1">
    <nd ref="6438" />
    <nd ref="3439" />
    <nd ref="3440" />
    <nd ref="3441" />
    <nd ref="3442" />
    <nd ref="3443" />
    <nd ref="3444" />
    <nd ref="3445" />
    <nd ref="3446" />
    <nd ref="3447" />
    <nd ref="3448" />
    <nd ref="3449" />
    <nd ref="3450" />
    <nd ref="3451" />
    <nd ref="3452" />
    <nd ref="3453" />
    <nd ref="3454" />
    <nd ref="3455" />
    <nd ref="3456" />
    <nd ref="3457" />
    <nd ref="3458" />
    <nd ref="3459" />
    <nd ref="3460" />
    <nd ref="2070" />
    <tag k="type" v="road_border" />
  </way>
  <way id="1657" visible="true" version="1">
    <nd ref="4496" />
    <nd ref="4493" />
    <tag k="subtype" v="solid" />
    <tag k="type" v="line_thick" />
  </way>
  <way id="1658" visible="true" version="1">
    <nd ref="4530" />
    <nd ref="4527" />
    <tag k="subtype" v="solid" />
    <tag k="type" v="line_thick" />
  </way>
  <way id="1659" visible="true" version="1">
    <nd ref="3948" />
    <nd ref="6442" />
    <tag k="subtype" v="solid" />
    <tag k="type" v="line_thin" />
  </way>
  <way id="1660" visible="true" version="1">
    <nd ref="7094" />
    <nd ref="7093" />
    <nd ref="7092" />
    <tag k="subtype" v="high" />
    <tag k="type" v="curbstone" />
  </way>
  <way id="1661" visible="true" version="1">
    <nd ref="6921" />
    <nd ref="5790" />
    <nd ref="5789" />
    <nd ref="5788" />
    <nd ref="5787" />
    <nd ref="5786" />
    <nd ref="5785" />
    <nd ref="5784" />
    <nd ref="5783" />
    <nd ref="5782" />
    <nd ref="5781" />
    <nd ref="5780" />
    <nd ref="5779" />
    <nd ref="5778" />
    <nd ref="5777" />
    <nd ref="5776" />
    <nd ref="5775" />
    <nd ref="5774" />
    <nd ref="5773" />
    <nd ref="5772" />
    <nd ref="7097" />
    <tag k="type" v="virtual" />
  </way>
  <way id="1662" visible="true" version="1">
    <nd ref="3791" />
    <nd ref="6523" />
    <tag k="subtype" v="high" />
    <tag k="type" v="curbstone" />
  </way>
  <way id="1663" visible="true" version="1">
    <nd ref="7011" />
    <nd ref="7010" />
    <nd ref="7009" />
    <tag k="type" v="road_border" />
  </way>
  <way id="1664" visible="true" version="1">
    <nd ref="7100" />
    <nd ref="4370" />
    <nd ref="4367" />
    <nd ref="4364" />
    <nd ref="4361" />
    <nd ref="5829" />
    <nd ref="5828" />
    <nd ref="5827" />
    <nd ref="5826" />
    <nd ref="5825" />
    <nd ref="5824" />
    <nd ref="5823" />
    <nd ref="5822" />
    <nd ref="5821" />
    <nd ref="6924" />
    <tag k="type" v="virtual" />
  </way>
  <way id="1665" visible="true" version="1">
    <nd ref="6704" />
    <nd ref="6703" />
    <nd ref="6702" />
    <tag k="subtype" v="solid" />
    <tag k="type" v="line_thick" />
  </way>
  <way id="1666" visible="true" version="1">
    <nd ref="6845" />
    <nd ref="6844" />
    <nd ref="6843" />
    <tag k="subtype" v="high" />
    <tag k="type" v="curbstone" />
  </way>
  <way id="1667" visible="true" version="1">
    <nd ref="6566" />
    <nd ref="6565" />
    <nd ref="6564" />
    <tag k="type" v="road_border" />
  </way>
  <way id="1668" visible="true" version="1">
    <nd ref="6770" />
    <nd ref="6842" />
    <nd ref="6841" />
    <nd ref="6840" />
    <nd ref="6839" />
    <nd ref="6838" />
    <nd ref="6837" />
    <nd ref="6836" />
    <nd ref="6835" />
    <nd ref="6834" />
    <nd ref="6833" />
    <nd ref="6832" />
    <nd ref="6831" />
    <nd ref="6826" />
    <tag k="type" v="road_border" />
  </way>
  <way id="1669" visible="true" version="1">
    <nd ref="6623" />
    <nd ref="6622" />
    <nd ref="6621" />
    <nd ref="6620" />
    <nd ref="6619" />
    <nd ref="6618" />
    <nd ref="6617" />
    <nd ref="6616" />
    <nd ref="6615" />
    <nd ref="6614" />
    <nd ref="2065" />
    <tag k="subtype" v="high" />
    <tag k="type" v="curbstone" />
  </way>
  <way id="1670" visible="true" version="1">
    <nd ref="6830" />
    <nd ref="6829" />
    <nd ref="6828" />
    <nd ref="6827" />
    <nd ref="6826" />
    <tag k="type" v="road_border" />
  </way>
  <way id="1671" visible="true" version="1">
    <nd ref="6731" />
    <nd ref="6730" />
    <nd ref="6729" />
    <tag k="subtype" v="high" />
    <tag k="type" v="curbstone" />
  </way>
  <way id="1672" visible="true" version="1">
    <nd ref="6905" />
    <nd ref="6904" />
    <nd ref="6903" />
    <nd ref="6902" />
    <nd ref="6901" />
    <tag k="subtype" v="high" />
    <tag k="type" v="curbstone" />
  </way>
  <way id="1673" visible="true" version="1">
    <nd ref="6740" />
    <nd ref="6739" />
    <nd ref="6738" />
    <tag k="subtype" v="solid" />
    <tag k="type" v="line_thin" />
  </way>
  <way id="1674" visible="true" version="1">
    <nd ref="6883" />
    <nd ref="6882" />
    <nd ref="6881" />
    <tag k="subtype" v="high" />
    <tag k="type" v="curbstone" />
  </way>
  <way id="1675" visible="true" version="1">
    <nd ref="7138" />
    <nd ref="7137" />
    <nd ref="7136" />
    <nd ref="7135" />
    <nd ref="7134" />
    <nd ref="7133" />
    <nd ref="7132" />
    <nd ref="7131" />
    <nd ref="7130" />
    <nd ref="7129" />
    <nd ref="7125" />
    <tag k="subtype" v="solid" />
    <tag k="type" v="line_thin" />
  </way>
  <way id="1676" visible="true" version="1">
    <nd ref="2108" />
    <nd ref="2109" />
    <nd ref="2110" />
    <nd ref="2111" />
    <nd ref="2112" />
    <nd ref="2113" />
    <nd ref="2114" />
    <nd ref="2115" />
    <nd ref="2116" />
    <tag k="subtype" v="dashed" />
    <tag k="type" v="line_thin" />
  </way>
  <way id="1677" visible="true" version="1">
    <nd ref="6805" />
    <nd ref="6804" />
    <nd ref="6803" />
    <nd ref="6802" />
    <nd ref="6801" />
    <nd ref="6800" />
    <nd ref="6799" />
    <nd ref="6798" />
    <nd ref="6797" />
    <nd ref="6796" />
    <nd ref="6795" />
    <nd ref="6867" />
    <tag k="subtype" v="high" />
    <tag k="type" v="curbstone" />
  </way>
  <way id="1678" visible="true" version="1">
    <nd ref="7206" />
    <nd ref="7205" />
    <nd ref="7204" />
    <nd ref="7203" />
    <nd ref="7202" />
    <nd ref="7201" />
    <nd ref="7200" />
    <nd ref="7196" />
    <tag k="subtype" v="solid" />
    <tag k="type" v="line_thick" />
  </way>
  <way id="1679" visible="true" version="1">
    <nd ref="2088" />
    <nd ref="2089" />
    <nd ref="2090" />
    <nd ref="2091" />
    <nd ref="2092" />
    <nd ref="2093" />
    <nd ref="2094" />
    <nd ref="2095" />
    <nd ref="2096" />
    <nd ref="3523" />
    <nd ref="3524" />
    <nd ref="3525" />
    <tag k="subtype" v="solid" />
    <tag k="type" v="line_thick" />
  </way>
  <way id="1680" visible="true" version="1">
    <nd ref="6880" />
    <nd ref="6879" />
    <nd ref="6878" />
    <nd ref="6877" />
    <nd ref="6876" />
    <nd ref="6875" />
    <nd ref="6874" />
    <nd ref="6873" />
    <nd ref="6872" />
    <nd ref="6871" />
    <nd ref="6870" />
    <nd ref="6792" />
    <tag k="type" v="road_border" />
  </way>
  <way id="1681" visible="true" version="1">
    <nd ref="7267" />
    <nd ref="7266" />
    <nd ref="7265" />
    <nd ref="7264" />
    <nd ref="7263" />
    <nd ref="7262" />
    <nd ref="7261" />
    <nd ref="7260" />
    <nd ref="2818" />
    <tag k="subtype" v="solid" />
    <tag k="type" v="line_thick" />
  </way>
  <way id="1682" visible="true" version="1">
    <nd ref="4295" />
    <nd ref="6868" />
    <nd ref="3924" />
    <tag k="subtype" v="high" />
    <tag k="type" v="curbstone" />
  </way>
  <way id="1683" visible="true" version="1">
    <nd ref="4022" />
    <nd ref="6793" />
    <nd ref="4073" />
    <tag k="type" v="road_border" />
  </way>
  <way id="1684" visible="true" version="1">
    <nd ref="4705" />
    <nd ref="4704" />
    <nd ref="4703" />
    <nd ref="4702" />
    <nd ref="4701" />
    <nd ref="4700" />
    <nd ref="4699" />
    <nd ref="4698" />
    <nd ref="4697" />
    <nd ref="4696" />
    <nd ref="4695" />
    <nd ref="4127" />
    <nd ref="6726" />
    <tag k="type" v="road_border" />
  </way>
  <way id="1685" visible="true" version="1">
    <nd ref="7226" />
    <nd ref="7225" />
    <tag k="subtype" v="solid" />
    <tag k="type" v="line_thick" />
  </way>
  <way id="1686" visible="true" version="1">
    <nd ref="5980" />
    <nd ref="5979" />
    <nd ref="5978" />
    <nd ref="5977" />
    <nd ref="5976" />
    <nd ref="5975" />
    <nd ref="5974" />
    <nd ref="5973" />
    <nd ref="5972" />
    <nd ref="5971" />
    <nd ref="5970" />
    <nd ref="5969" />
    <nd ref="6558" />
    <tag k="type" v="road_border" />
  </way>
  <way id="1687" visible="true" version="1">
    <nd ref="5928" />
    <nd ref="5929" />
    <nd ref="4658" />
    <nd ref="5930" />
    <nd ref="5931" />
    <tag k="type" v="road_border" />
  </way>
  <way id="1688" visible="true" version="1">
    <nd ref="6906" />
    <nd ref="4075" />
    <nd ref="4061" />
    <nd ref="4230" />
    <nd ref="4163" />
    <nd ref="4161" />
    <nd ref="4159" />
    <nd ref="4157" />
    <nd ref="4155" />
    <nd ref="3973" />
    <nd ref="4025" />
    <nd ref="3859" />
    <nd ref="6719" />
    <tag k="subtype" v="solid" />
    <tag k="type" v="line_thin" />
  </way>
  <way id="1689" visible="true" version="1">
    <nd ref="2250" />
    <nd ref="2251" />
    <nd ref="2252" />
    <nd ref="2253" />
    <nd ref="2254" />
    <nd ref="2255" />
    <tag k="subtype" v="high" />
    <tag k="type" v="curbstone" />
  </way>
  <way id="1690" visible="true" version="1">
    <nd ref="6909" />
    <nd ref="4232" />
    <nd ref="4231" />
    <nd ref="4179" />
    <nd ref="4177" />
    <nd ref="4175" />
    <nd ref="4173" />
    <nd ref="4171" />
    <nd ref="4169" />
    <nd ref="4167" />
    <nd ref="4165" />
    <nd ref="3979" />
    <nd ref="6722" />
    <tag k="type" v="virtual" />
  </way>
  <way id="1691" visible="true" version="1">
    <nd ref="6741" />
    <nd ref="4137" />
    <nd ref="4069" />
    <nd ref="4131" />
    <nd ref="4120" />
    <nd ref="3985" />
    <nd ref="4250" />
    <nd ref="4247" />
    <nd ref="4108" />
    <nd ref="4215" />
    <nd ref="4242" />
    <nd ref="4241" />
    <nd ref="3916" />
    <nd ref="4238" />
    <nd ref="6722" />
    <tag k="type" v="virtual" />
  </way>
  <way id="1692" visible="true" version="1">
    <nd ref="6744" />
    <nd ref="3959" />
    <nd ref="4257" />
    <nd ref="4202" />
    <nd ref="4254" />
    <nd ref="3891" />
    <nd ref="4253" />
    <nd ref="4109" />
    <nd ref="4091" />
    <nd ref="4252" />
    <nd ref="4153" />
    <nd ref="3905" />
    <nd ref="4251" />
    <nd ref="4030" />
    <nd ref="6725" />
    <tag k="type" v="virtual" />
  </way>
  <way id="1693" visible="true" version="1">
    <nd ref="6711" />
    <nd ref="4045" />
    <nd ref="4041" />
    <nd ref="3986" />
    <nd ref="3854" />
    <nd ref="3855" />
    <nd ref="4123" />
    <nd ref="4214" />
    <nd ref="3856" />
    <nd ref="4280" />
    <nd ref="4063" />
    <nd ref="4010" />
    <nd ref="4210" />
    <nd ref="4197" />
    <nd ref="6734" />
    <tag k="subtype" v="solid" />
    <tag k="type" v="line_thin" />
  </way>
  <way id="1694" visible="true" version="1">
    <nd ref="2228" />
    <nd ref="2229" />
    <nd ref="2230" />
    <nd ref="2231" />
    <nd ref="2232" />
    <nd ref="2233" />
    <nd ref="2234" />
    <nd ref="2235" />
    <nd ref="2236" />
    <nd ref="2237" />
    <nd ref="2238" />
    <nd ref="2239" />
    <nd ref="2240" />
    <nd ref="2241" />
    <nd ref="2242" />
    <nd ref="2243" />
    <nd ref="2244" />
    <nd ref="2245" />
    <nd ref="2246" />
    <nd ref="2247" />
    <nd ref="2248" />
    <tag k="subtype" v="high" />
    <tag k="type" v="curbstone" />
  </way>
  <way id="1695" visible="true" version="1">
    <nd ref="6714" />
    <nd ref="3845" />
    <nd ref="3846" />
    <nd ref="3847" />
    <nd ref="3848" />
    <nd ref="4081" />
    <nd ref="3849" />
    <nd ref="3851" />
    <nd ref="3866" />
    <nd ref="3852" />
    <nd ref="3967" />
    <nd ref="3897" />
    <nd ref="3853" />
    <nd ref="4050" />
    <nd ref="6737" />
    <tag k="type" v="virtual" />
  </way>
  <way id="1696" visible="true" version="1">
    <nd ref="6738" />
    <nd ref="3813" />
    <nd ref="3814" />
    <nd ref="3815" />
    <nd ref="3819" />
    <nd ref="3820" />
    <nd ref="3821" />
    <nd ref="3908" />
    <nd ref="3822" />
    <nd ref="3824" />
    <nd ref="3825" />
    <nd ref="3826" />
    <nd ref="3827" />
    <nd ref="3828" />
    <nd ref="3829" />
    <nd ref="6755" />
    <tag k="subtype" v="solid" />
    <tag k="type" v="line_thin" />
  </way>
  <way id="1697" visible="true" version="1">
    <nd ref="6741" />
    <nd ref="3799" />
    <nd ref="3800" />
    <nd ref="3892" />
    <nd ref="3801" />
    <nd ref="4072" />
    <nd ref="3802" />
    <nd ref="3803" />
    <nd ref="3974" />
    <nd ref="3804" />
    <nd ref="3805" />
    <nd ref="3809" />
    <nd ref="3810" />
    <nd ref="3811" />
    <nd ref="3812" />
    <nd ref="6909" />
    <tag k="type" v="virtual" />
  </way>
  <way id="1698" visible="true" version="1">
    <nd ref="3946" />
    <nd ref="3771" />
    <nd ref="3772" />
    <nd ref="3773" />
    <nd ref="3774" />
    <nd ref="3775" />
    <nd ref="4028" />
    <nd ref="3776" />
    <nd ref="3902" />
    <nd ref="3777" />
    <nd ref="3778" />
    <nd ref="4148" />
    <nd ref="3779" />
    <nd ref="4101" />
    <nd ref="2076" />
    <tag k="type" v="road_border" />
  </way>
  <way id="1699" visible="true" version="1">
    <nd ref="6436" />
    <nd ref="3745" />
    <nd ref="4011" />
    <nd ref="4194" />
    <nd ref="3746" />
    <nd ref="4005" />
    <nd ref="3747" />
    <nd ref="3748" />
    <nd ref="3749" />
    <nd ref="3750" />
    <nd ref="3751" />
    <nd ref="3752" />
    <nd ref="3756" />
    <nd ref="4020" />
    <nd ref="3757" />
    <nd ref="4001" />
    <nd ref="3758" />
    <nd ref="3759" />
    <nd ref="6522" />
    <tag k="type" v="road_border" />
  </way>
  <way id="1700" visible="true" version="1">
    <nd ref="4648" />
    <nd ref="2221" />
    <nd ref="2222" />
    <nd ref="2223" />
    <nd ref="2224" />
    <nd ref="2225" />
    <nd ref="2226" />
    <nd ref="2227" />
    <nd ref="2228" />
    <tag k="subtype" v="high" />
    <tag k="type" v="curbstone" />
  </way>
  <way id="1701" visible="true" version="1">
    <nd ref="6439" />
    <nd ref="3734" />
    <nd ref="3735" />
    <nd ref="4104" />
    <nd ref="4088" />
    <nd ref="3736" />
    <nd ref="3737" />
    <nd ref="3738" />
    <nd ref="3739" />
    <nd ref="4057" />
    <nd ref="4115" />
    <nd ref="4064" />
    <nd ref="4128" />
    <nd ref="3740" />
    <nd ref="3741" />
    <nd ref="3742" />
    <nd ref="3743" />
    <nd ref="3744" />
    <nd ref="6525" />
    <tag k="subtype" v="high" />
    <tag k="type" v="curbstone" />
  </way>
  <way id="1702" visible="true" version="1">
    <nd ref="6526" />
    <nd ref="3718" />
    <nd ref="3719" />
    <nd ref="3720" />
    <nd ref="3721" />
    <nd ref="3722" />
    <nd ref="3723" />
    <nd ref="3724" />
    <nd ref="3725" />
    <nd ref="3726" />
    <nd ref="3841" />
    <nd ref="3727" />
    <nd ref="3728" />
    <nd ref="3729" />
    <nd ref="3730" />
    <nd ref="3731" />
    <nd ref="3732" />
    <nd ref="3733" />
    <nd ref="6513" />
    <tag k="type" v="virtual" />
  </way>
  <way id="1703" visible="true" version="1">
    <nd ref="6529" />
    <nd ref="3702" />
    <nd ref="3703" />
    <nd ref="3704" />
    <nd ref="3816" />
    <nd ref="3705" />
    <nd ref="3706" />
    <nd ref="3707" />
    <nd ref="3708" />
    <nd ref="3709" />
    <nd ref="3710" />
    <nd ref="3711" />
    <nd ref="3712" />
    <nd ref="3713" />
    <nd ref="3714" />
    <nd ref="3715" />
    <nd ref="3716" />
    <nd ref="3717" />
    <nd ref="6516" />
    <tag k="subtype" v="dashed" />
    <tag k="type" v="line_thin" />
  </way>
  <way id="1704" visible="true" version="1">
    <nd ref="6532" />
    <nd ref="3688" />
    <nd ref="3689" />
    <nd ref="3957" />
    <nd ref="3886" />
    <nd ref="3690" />
    <nd ref="3691" />
    <nd ref="3692" />
    <nd ref="3693" />
    <nd ref="3694" />
    <nd ref="3695" />
    <nd ref="3696" />
    <nd ref="3697" />
    <nd ref="3698" />
    <nd ref="3806" />
    <nd ref="3699" />
    <nd ref="3700" />
    <nd ref="3701" />
    <nd ref="6519" />
    <tag k="subtype" v="high" />
    <tag k="type" v="curbstone" />
  </way>
  <way id="1705" visible="true" version="1">
    <nd ref="6526" />
    <nd ref="3927" />
    <nd ref="3883" />
    <nd ref="3884" />
    <nd ref="3885" />
    <nd ref="3681" />
    <nd ref="3682" />
    <nd ref="3683" />
    <nd ref="3684" />
    <nd ref="3685" />
    <nd ref="3686" />
    <nd ref="3790" />
    <nd ref="3687" />
    <nd ref="6929" />
    <tag k="subtype" v="solid" />
    <tag k="type" v="line_thin" />
  </way>
  <way id="1706" visible="true" version="1">
    <nd ref="6529" />
    <nd ref="3960" />
    <nd ref="3875" />
    <nd ref="4026" />
    <nd ref="3895" />
    <nd ref="3876" />
    <nd ref="4133" />
    <nd ref="3893" />
    <nd ref="3878" />
    <nd ref="3880" />
    <nd ref="3882" />
    <nd ref="3947" />
    <nd ref="3999" />
    <nd ref="7098" />
    <tag k="type" v="virtual" />
  </way>
  <way id="1707" visible="true" version="1">
    <nd ref="7095" />
    <nd ref="3680" />
    <nd ref="3869" />
    <nd ref="3887" />
    <nd ref="3871" />
    <nd ref="4135" />
    <nd ref="4055" />
    <nd ref="3939" />
    <nd ref="3944" />
    <nd ref="3980" />
    <nd ref="4121" />
    <nd ref="4048" />
    <nd ref="4044" />
    <nd ref="3952" />
    <nd ref="6513" />
    <tag k="subtype" v="solid" />
    <tag k="type" v="line_thin" />
  </way>
  <way id="1708" visible="true" version="1">
    <nd ref="7098" />
    <nd ref="3675" />
    <nd ref="3991" />
    <nd ref="4033" />
    <nd ref="4012" />
    <nd ref="3964" />
    <nd ref="3676" />
    <nd ref="4110" />
    <nd ref="4098" />
    <nd ref="4079" />
    <nd ref="4070" />
    <nd ref="3677" />
    <nd ref="3678" />
    <nd ref="3679" />
    <nd ref="6516" />
    <tag k="type" v="virtual" />
  </way>
  <way id="1709" visible="true" version="1">
    <nd ref="6539" />
    <nd ref="3881" />
    <nd ref="3857" />
    <nd ref="3862" />
    <nd ref="3906" />
    <nd ref="3864" />
    <nd ref="3867" />
    <nd ref="3662" />
    <nd ref="3663" />
    <nd ref="3664" />
    <nd ref="3753" />
    <nd ref="3665" />
    <nd ref="3666" />
    <nd ref="3667" />
    <nd ref="3668" />
    <nd ref="3669" />
    <nd ref="3670" />
    <nd ref="3671" />
    <nd ref="3672" />
    <nd ref="3673" />
    <nd ref="3674" />
    <nd ref="7299" />
    <tag k="type" v="virtual" />
  </way>
  <way id="1710" visible="true" version="1">
    <nd ref="6544" />
    <nd ref="3870" />
    <nd ref="3888" />
    <nd ref="3874" />
    <nd ref="4136" />
    <nd ref="4056" />
    <nd ref="3940" />
    <nd ref="3945" />
    <nd ref="3981" />
    <nd ref="4122" />
    <nd ref="4049" />
    <nd ref="3658" />
    <nd ref="3659" />
    <nd ref="3660" />
    <nd ref="3661" />
    <nd ref="4027" />
    <nd ref="3896" />
    <nd ref="3877" />
    <nd ref="4134" />
    <nd ref="3894" />
    <nd ref="3879" />
    <nd ref="7312" />
    <tag k="type" v="virtual" />
  </way>
  <way id="1711" visible="true" version="1">
    <nd ref="6539" />
    <nd ref="4297" />
    <nd ref="4294" />
    <nd ref="4293" />
    <nd ref="4292" />
    <nd ref="4291" />
    <nd ref="4290" />
    <nd ref="4289" />
    <nd ref="4288" />
    <nd ref="4287" />
    <nd ref="4286" />
    <nd ref="3992" />
    <nd ref="4034" />
    <nd ref="4016" />
    <nd ref="3965" />
    <nd ref="4285" />
    <nd ref="4111" />
    <nd ref="4100" />
    <nd ref="4080" />
    <nd ref="4071" />
    <nd ref="4284" />
    <nd ref="4283" />
    <nd ref="4282" />
    <nd ref="4281" />
    <nd ref="7286" />
    <tag k="type" v="virtual" />
  </way>
  <way id="1712" visible="true" version="1">
    <nd ref="7243" />
    <nd ref="4322" />
    <nd ref="4321" />
    <nd ref="4320" />
    <nd ref="4319" />
    <nd ref="4318" />
    <nd ref="4317" />
    <nd ref="4316" />
    <nd ref="4315" />
    <nd ref="4314" />
    <nd ref="4313" />
    <nd ref="4193" />
    <nd ref="4191" />
    <nd ref="4189" />
    <nd ref="4188" />
    <nd ref="4312" />
    <nd ref="4311" />
    <nd ref="4186" />
    <nd ref="4184" />
    <nd ref="4182" />
    <nd ref="4180" />
    <nd ref="4310" />
    <nd ref="4309" />
    <nd ref="4308" />
    <nd ref="4307" />
    <nd ref="4178" />
    <nd ref="4176" />
    <nd ref="4174" />
    <nd ref="4172" />
    <nd ref="4170" />
    <nd ref="4168" />
    <nd ref="6574" />
    <tag k="type" v="virtual" />
  </way>
  <way id="1713" visible="true" version="1">
    <nd ref="7259" />
    <nd ref="4354" />
    <nd ref="4353" />
    <nd ref="4352" />
    <nd ref="4351" />
    <nd ref="4350" />
    <nd ref="4349" />
    <nd ref="4346" />
    <nd ref="4343" />
    <nd ref="4342" />
    <nd ref="4203" />
    <nd ref="4341" />
    <nd ref="4340" />
    <nd ref="4339" />
    <nd ref="4338" />
    <nd ref="4337" />
    <nd ref="4199" />
    <nd ref="4336" />
    <nd ref="4335" />
    <nd ref="4334" />
    <nd ref="4333" />
    <nd ref="4332" />
    <nd ref="4331" />
    <nd ref="4330" />
    <nd ref="4329" />
    <nd ref="4328" />
    <nd ref="4327" />
    <nd ref="4326" />
    <nd ref="4325" />
    <nd ref="4324" />
    <nd ref="4323" />
    <nd ref="6579" />
    <tag k="type" v="virtual" />
  </way>
  <way id="1714" visible="true" version="1">
    <nd ref="7243" />
    <nd ref="4419" />
    <nd ref="4416" />
    <nd ref="4413" />
    <nd ref="4410" />
    <nd ref="4407" />
    <nd ref="4404" />
    <nd ref="4401" />
    <nd ref="4398" />
    <nd ref="4395" />
    <nd ref="4392" />
    <nd ref="4389" />
    <nd ref="4209" />
    <nd ref="4386" />
    <nd ref="4383" />
    <nd ref="4380" />
    <nd ref="4377" />
    <nd ref="4374" />
    <nd ref="4371" />
    <nd ref="4368" />
    <nd ref="4365" />
    <nd ref="4362" />
    <nd ref="4359" />
    <nd ref="4358" />
    <nd ref="4357" />
    <nd ref="4356" />
    <nd ref="4355" />
    <nd ref="6579" />
    <tag k="type" v="virtual" />
  </way>
  <way id="1715" visible="true" version="1">
    <nd ref="7259" />
    <nd ref="4471" />
    <nd ref="4470" />
    <nd ref="4469" />
    <nd ref="4468" />
    <nd ref="4467" />
    <nd ref="4466" />
    <nd ref="4465" />
    <nd ref="4462" />
    <nd ref="4459" />
    <nd ref="4456" />
    <nd ref="4453" />
    <nd ref="4452" />
    <nd ref="4449" />
    <nd ref="4446" />
    <nd ref="4443" />
    <nd ref="4440" />
    <nd ref="4439" />
    <nd ref="4021" />
    <nd ref="4438" />
    <nd ref="4437" />
    <nd ref="4434" />
    <nd ref="4431" />
    <nd ref="4428" />
    <nd ref="4425" />
    <nd ref="4213" />
    <nd ref="4422" />
    <nd ref="4143" />
    <tag k="type" v="virtual" />
  </way>
  <way id="1716" visible="true" version="1">
    <nd ref="2160" />
    <nd ref="4504" />
    <nd ref="4501" />
    <nd ref="4498" />
    <nd ref="4495" />
    <nd ref="4492" />
    <nd ref="4489" />
    <nd ref="4486" />
    <nd ref="4483" />
    <nd ref="4480" />
    <nd ref="4479" />
    <nd ref="4478" />
    <nd ref="4477" />
    <nd ref="4476" />
    <nd ref="4475" />
    <nd ref="4474" />
    <nd ref="4473" />
    <nd ref="4472" />
    <nd ref="6579" />
    <tag k="type" v="virtual" />
  </way>
  <way id="1717" visible="true" version="1">
    <nd ref="2148" />
    <nd ref="4545" />
    <nd ref="4544" />
    <nd ref="4541" />
    <nd ref="4538" />
    <nd ref="4535" />
    <nd ref="4532" />
    <nd ref="4529" />
    <nd ref="4526" />
    <nd ref="4523" />
    <nd ref="4520" />
    <nd ref="4519" />
    <nd ref="4518" />
    <nd ref="4517" />
    <nd ref="4516" />
    <nd ref="4513" />
    <nd ref="4510" />
    <nd ref="4507" />
    <nd ref="4143" />
    <tag k="type" v="virtual" />
  </way>
  <way id="1718" visible="true" version="1">
    <nd ref="6544" />
    <nd ref="4585" />
    <nd ref="4584" />
    <nd ref="4583" />
    <nd ref="4582" />
    <nd ref="4581" />
    <nd ref="4580" />
    <nd ref="4579" />
    <nd ref="4578" />
    <nd ref="4577" />
    <nd ref="4576" />
    <nd ref="4575" />
    <nd ref="4574" />
    <nd ref="4571" />
    <nd ref="4568" />
    <nd ref="4565" />
    <nd ref="4562" />
    <nd ref="4561" />
    <nd ref="4560" />
    <nd ref="4557" />
    <nd ref="4554" />
    <nd ref="4551" />
    <nd ref="4548" />
    <nd ref="4547" />
    <nd ref="4546" />
    <nd ref="2187" />
    <tag k="type" v="virtual" />
  </way>
  <way id="1719" visible="true" version="1">
    <nd ref="6549" />
    <nd ref="4613" />
    <nd ref="4612" />
    <nd ref="4611" />
    <nd ref="4610" />
    <nd ref="4609" />
    <nd ref="4606" />
    <nd ref="4605" />
    <nd ref="4604" />
    <nd ref="4603" />
    <nd ref="4602" />
    <nd ref="4601" />
    <nd ref="4598" />
    <nd ref="4597" />
    <nd ref="4596" />
    <nd ref="4595" />
    <nd ref="4594" />
    <nd ref="4593" />
    <nd ref="4592" />
    <nd ref="4591" />
    <nd ref="4590" />
    <nd ref="4589" />
    <nd ref="4588" />
    <nd ref="4587" />
    <nd ref="4586" />
    <nd ref="2173" />
    <tag k="type" v="virtual" />
  </way>
  <way id="1720" visible="true" version="1">
    <nd ref="6549" />
    <nd ref="4659" />
    <nd ref="4656" />
    <nd ref="4655" />
    <nd ref="4654" />
    <nd ref="4653" />
    <nd ref="4652" />
    <nd ref="4651" />
    <nd ref="4650" />
    <nd ref="4647" />
    <nd ref="4646" />
    <nd ref="4645" />
    <nd ref="4644" />
    <nd ref="4643" />
    <nd ref="4642" />
    <nd ref="4641" />
    <nd ref="4640" />
    <nd ref="4639" />
    <nd ref="4638" />
    <nd ref="4637" />
    <nd ref="4636" />
    <nd ref="2187" />
    <tag k="type" v="virtual" />
  </way>
  <way id="1721" visible="true" version="1">
    <nd ref="6569" />
    <nd ref="4694" />
    <nd ref="4693" />
    <nd ref="4692" />
    <nd ref="3922" />
    <nd ref="4040" />
    <nd ref="4261" />
    <nd ref="4259" />
    <nd ref="4256" />
    <nd ref="4201" />
    <nd ref="4691" />
    <nd ref="4690" />
    <nd ref="4689" />
    <nd ref="4688" />
    <nd ref="4687" />
    <nd ref="4686" />
    <nd ref="4685" />
    <nd ref="4684" />
    <nd ref="4683" />
    <nd ref="4682" />
    <nd ref="4139" />
    <nd ref="4068" />
    <nd ref="4681" />
    <nd ref="4680" />
    <nd ref="3988" />
    <nd ref="4249" />
    <tag k="subtype" v="high" />
    <tag k="type" v="curbstone" />
  </way>
  <way id="1722" visible="true" version="1">
    <nd ref="2172" />
    <nd ref="4748" />
    <nd ref="4747" />
    <nd ref="4746" />
    <nd ref="4745" />
    <nd ref="4744" />
    <nd ref="4743" />
    <nd ref="4742" />
    <nd ref="4741" />
    <nd ref="4740" />
    <nd ref="4739" />
    <nd ref="4738" />
    <nd ref="4737" />
    <nd ref="3978" />
    <nd ref="4736" />
    <nd ref="4735" />
    <nd ref="4734" />
    <nd ref="6574" />
    <tag k="type" v="virtual" />
  </way>
  <way id="1723" visible="true" version="1">
    <nd ref="2160" />
    <nd ref="4763" />
    <nd ref="4762" />
    <nd ref="4761" />
    <nd ref="4760" />
    <nd ref="4759" />
    <nd ref="4758" />
    <nd ref="4757" />
    <nd ref="4756" />
    <nd ref="4755" />
    <nd ref="4754" />
    <nd ref="4753" />
    <nd ref="4096" />
    <nd ref="4752" />
    <nd ref="4751" />
    <nd ref="4750" />
    <nd ref="4749" />
    <nd ref="6579" />
    <tag k="type" v="virtual" />
  </way>
  <way id="1724" visible="true" version="1">
    <nd ref="2148" />
    <nd ref="4805" />
    <nd ref="4804" />
    <nd ref="4803" />
    <nd ref="4802" />
    <nd ref="4801" />
    <nd ref="4800" />
    <nd ref="4799" />
    <nd ref="4798" />
    <nd ref="4009" />
    <nd ref="4797" />
    <nd ref="4796" />
    <nd ref="4795" />
    <nd ref="4794" />
    <nd ref="4793" />
    <nd ref="4792" />
    <nd ref="4791" />
    <nd ref="4790" />
    <nd ref="4789" />
    <nd ref="3931" />
    <nd ref="4788" />
    <nd ref="4787" />
    <nd ref="4103" />
    <nd ref="4087" />
    <nd ref="4078" />
    <nd ref="3998" />
    <nd ref="4786" />
    <nd ref="4785" />
    <nd ref="4784" />
    <nd ref="4783" />
    <nd ref="7312" />
    <tag k="type" v="virtual" />
  </way>
  <way id="1725" visible="true" version="1">
    <nd ref="7227" />
    <nd ref="4130" />
    <nd ref="4833" />
    <nd ref="4832" />
    <nd ref="4831" />
    <nd ref="4830" />
    <nd ref="4829" />
    <nd ref="4828" />
    <nd ref="4827" />
    <nd ref="4826" />
    <nd ref="4825" />
    <nd ref="4824" />
    <nd ref="4823" />
    <nd ref="4822" />
    <nd ref="4821" />
    <nd ref="4820" />
    <nd ref="4819" />
    <nd ref="4818" />
    <nd ref="4817" />
    <nd ref="4816" />
    <nd ref="4815" />
    <nd ref="4814" />
    <nd ref="4813" />
    <nd ref="4812" />
    <nd ref="4811" />
    <nd ref="4810" />
    <nd ref="4809" />
    <nd ref="4808" />
    <nd ref="4807" />
    <nd ref="4806" />
    <nd ref="2201" />
    <tag k="type" v="virtual" />
  </way>
  <way id="1726" visible="true" version="1">
    <nd ref="7259" />
    <nd ref="4886" />
    <nd ref="4885" />
    <nd ref="4884" />
    <nd ref="4883" />
    <nd ref="4882" />
    <nd ref="4881" />
    <nd ref="4880" />
    <nd ref="4879" />
    <nd ref="4878" />
    <nd ref="4877" />
    <nd ref="4876" />
    <nd ref="4875" />
    <nd ref="4874" />
    <nd ref="4873" />
    <nd ref="4872" />
    <nd ref="4871" />
    <nd ref="4870" />
    <nd ref="4869" />
    <nd ref="4868" />
    <nd ref="4867" />
    <nd ref="4866" />
    <nd ref="4865" />
    <nd ref="4864" />
    <nd ref="4863" />
    <nd ref="4862" />
    <nd ref="4861" />
    <nd ref="4860" />
    <nd ref="4859" />
    <nd ref="4858" />
    <nd ref="2173" />
    <tag k="type" v="virtual" />
  </way>
  <way id="1727" visible="true" version="1">
    <nd ref="6918" />
    <nd ref="3640" />
    <nd ref="3987" />
    <nd ref="4248" />
    <nd ref="4245" />
    <nd ref="4243" />
    <nd ref="3641" />
    <nd ref="3642" />
    <nd ref="3643" />
    <nd ref="4239" />
    <nd ref="4236" />
    <nd ref="3644" />
    <nd ref="3645" />
    <nd ref="3646" />
    <nd ref="3647" />
    <nd ref="3648" />
    <nd ref="3649" />
    <nd ref="1910" />
    <tag k="type" v="virtual" />
  </way>
  <way id="1728" visible="true" version="1">
    <nd ref="1977" />
    <nd ref="3600" />
    <nd ref="3601" />
    <nd ref="3602" />
    <nd ref="3603" />
    <nd ref="3604" />
    <nd ref="3605" />
    <nd ref="3606" />
    <nd ref="3607" />
    <nd ref="3608" />
    <nd ref="3609" />
    <nd ref="3610" />
    <nd ref="3611" />
    <nd ref="3612" />
    <nd ref="3613" />
    <nd ref="3614" />
    <nd ref="3615" />
    <nd ref="6926" />
    <tag k="type" v="virtual" />
  </way>
  <way id="1729" visible="true" version="1">
    <nd ref="1977" />
    <nd ref="3568" />
    <nd ref="3569" />
    <nd ref="3570" />
    <nd ref="3571" />
    <nd ref="3572" />
    <nd ref="3573" />
    <nd ref="3574" />
    <nd ref="3575" />
    <nd ref="3576" />
    <nd ref="3577" />
    <nd ref="3578" />
    <nd ref="3579" />
    <nd ref="3580" />
    <nd ref="3581" />
    <nd ref="3582" />
    <nd ref="3583" />
    <nd ref="3584" />
    <nd ref="3585" />
    <nd ref="3586" />
    <nd ref="1884" />
    <tag k="type" v="virtual" />
  </way>
  <way id="1730" visible="true" version="1">
    <nd ref="2116" />
    <nd ref="3542" />
    <nd ref="3543" />
    <nd ref="3544" />
    <nd ref="4102" />
    <nd ref="4086" />
    <nd ref="4077" />
    <nd ref="3997" />
    <nd ref="3545" />
    <nd ref="3546" />
    <nd ref="3547" />
    <nd ref="3548" />
    <nd ref="3549" />
    <nd ref="3550" />
    <nd ref="3551" />
    <nd ref="3552" />
    <nd ref="3942" />
    <nd ref="3950" />
    <nd ref="3983" />
    <nd ref="3994" />
    <nd ref="1969" />
    <tag k="type" v="virtual" />
  </way>
  <way id="1731" visible="true" version="1">
    <nd ref="7159" />
    <nd ref="3483" />
    <nd ref="3484" />
    <nd ref="3485" />
    <nd ref="3486" />
    <nd ref="3487" />
    <nd ref="3488" />
    <nd ref="3489" />
    <nd ref="3490" />
    <nd ref="3491" />
    <nd ref="4105" />
    <nd ref="4089" />
    <nd ref="3492" />
    <nd ref="3493" />
    <nd ref="3494" />
    <nd ref="3495" />
    <nd ref="4058" />
    <nd ref="4116" />
    <nd ref="4065" />
    <nd ref="4129" />
    <nd ref="3496" />
    <nd ref="3497" />
    <nd ref="3498" />
    <nd ref="3499" />
    <nd ref="6487" />
    <tag k="type" v="virtual" />
  </way>
  <way id="1732" visible="true" version="1">
    <nd ref="6441" />
    <nd ref="3461" />
    <nd ref="3462" />
    <nd ref="3463" />
    <nd ref="3464" />
    <nd ref="3465" />
    <nd ref="3466" />
    <nd ref="3467" />
    <nd ref="3468" />
    <nd ref="3469" />
    <nd ref="3470" />
    <nd ref="3471" />
    <nd ref="3472" />
    <nd ref="3473" />
    <nd ref="3474" />
    <nd ref="3475" />
    <nd ref="3476" />
    <nd ref="3477" />
    <nd ref="3478" />
    <nd ref="3479" />
    <nd ref="3480" />
    <nd ref="3481" />
    <nd ref="3482" />
    <nd ref="2067" />
    <tag k="subtype" v="high" />
    <tag k="type" v="curbstone" />
  </way>
  <way id="1733" visible="true" version="1">
    <nd ref="6514" />
    <nd ref="3419" />
    <nd ref="3420" />
    <nd ref="3421" />
    <nd ref="3422" />
    <nd ref="3423" />
    <nd ref="3424" />
    <nd ref="3425" />
    <nd ref="3426" />
    <nd ref="3427" />
    <nd ref="3428" />
    <nd ref="3429" />
    <nd ref="3430" />
    <nd ref="3431" />
    <nd ref="3432" />
    <nd ref="3433" />
    <nd ref="3434" />
    <nd ref="3435" />
    <nd ref="3436" />
    <nd ref="3437" />
    <nd ref="3438" />
    <nd ref="2009" />
    <tag k="type" v="virtual" />
  </way>
  <way id="1734" visible="true" version="1">
    <nd ref="6517" />
    <nd ref="3966" />
    <nd ref="3402" />
    <nd ref="4112" />
    <nd ref="4099" />
    <nd ref="3403" />
    <nd ref="3404" />
    <nd ref="3405" />
    <nd ref="3406" />
    <nd ref="3407" />
    <nd ref="3408" />
    <nd ref="3409" />
    <nd ref="3410" />
    <nd ref="3411" />
    <nd ref="3412" />
    <nd ref="3413" />
    <nd ref="3414" />
    <nd ref="3415" />
    <nd ref="3416" />
    <nd ref="3417" />
    <nd ref="3418" />
    <nd ref="1981" />
    <tag k="type" v="virtual" />
  </way>
  <way id="1735" visible="true" version="1">
    <nd ref="6514" />
    <nd ref="3383" />
    <nd ref="3384" />
    <nd ref="3385" />
    <nd ref="3386" />
    <nd ref="3387" />
    <nd ref="3388" />
    <nd ref="3389" />
    <nd ref="3390" />
    <nd ref="3391" />
    <nd ref="3392" />
    <nd ref="3393" />
    <nd ref="3394" />
    <nd ref="3395" />
    <nd ref="3396" />
    <nd ref="3397" />
    <nd ref="3398" />
    <nd ref="3399" />
    <nd ref="3400" />
    <nd ref="3401" />
    <nd ref="4013" />
    <nd ref="2037" />
    <tag k="type" v="virtual" />
  </way>
  <way id="1736" visible="true" version="1">
    <nd ref="6517" />
    <nd ref="3363" />
    <nd ref="3364" />
    <nd ref="3365" />
    <nd ref="3366" />
    <nd ref="3367" />
    <nd ref="3368" />
    <nd ref="3369" />
    <nd ref="3370" />
    <nd ref="3371" />
    <nd ref="3372" />
    <nd ref="3373" />
    <nd ref="3374" />
    <nd ref="3375" />
    <nd ref="3376" />
    <nd ref="3377" />
    <nd ref="3378" />
    <nd ref="3379" />
    <nd ref="3380" />
    <nd ref="3381" />
    <nd ref="3382" />
    <nd ref="2009" />
    <tag k="type" v="virtual" />
  </way>
  <way id="1737" visible="true" version="1">
    <nd ref="6511" />
    <nd ref="3340" />
    <nd ref="3341" />
    <nd ref="3342" />
    <nd ref="3343" />
    <nd ref="3344" />
    <nd ref="3345" />
    <nd ref="3346" />
    <nd ref="3347" />
    <nd ref="3348" />
    <nd ref="3349" />
    <nd ref="3350" />
    <nd ref="3351" />
    <nd ref="3352" />
    <nd ref="3353" />
    <nd ref="3354" />
    <nd ref="3355" />
    <nd ref="3356" />
    <nd ref="3357" />
    <nd ref="3358" />
    <nd ref="3359" />
    <nd ref="3360" />
    <nd ref="3361" />
    <nd ref="3362" />
    <nd ref="1975" />
    <tag k="type" v="virtual" />
  </way>
  <way id="1738" visible="true" version="1">
    <nd ref="6514" />
    <nd ref="3309" />
    <nd ref="3310" />
    <nd ref="3311" />
    <nd ref="3312" />
    <nd ref="3313" />
    <nd ref="3314" />
    <nd ref="3315" />
    <nd ref="3316" />
    <nd ref="3317" />
    <nd ref="3319" />
    <nd ref="3321" />
    <nd ref="3322" />
    <nd ref="3323" />
    <nd ref="3325" />
    <nd ref="3327" />
    <nd ref="3329" />
    <nd ref="3331" />
    <nd ref="3332" />
    <nd ref="3333" />
    <nd ref="3334" />
    <nd ref="3336" />
    <nd ref="3338" />
    <nd ref="3339" />
    <nd ref="1968" />
    <tag k="type" v="virtual" />
  </way>
  <way id="1739" visible="true" version="1">
    <nd ref="1971" />
    <nd ref="3277" />
    <nd ref="3278" />
    <nd ref="3279" />
    <nd ref="3280" />
    <nd ref="3281" />
    <nd ref="3282" />
    <nd ref="3283" />
    <nd ref="3284" />
    <nd ref="3285" />
    <nd ref="3286" />
    <nd ref="3287" />
    <nd ref="3288" />
    <nd ref="3289" />
    <nd ref="3290" />
    <nd ref="4141" />
    <nd ref="3291" />
    <nd ref="3292" />
    <nd ref="3293" />
    <nd ref="3294" />
    <nd ref="3295" />
    <nd ref="3297" />
    <nd ref="3299" />
    <nd ref="3301" />
    <nd ref="3303" />
    <nd ref="3305" />
    <nd ref="3307" />
    <nd ref="3308" />
    <nd ref="6487" />
    <tag k="type" v="virtual" />
  </way>
  <way id="1740" visible="true" version="1">
    <nd ref="1968" />
    <nd ref="3244" />
    <nd ref="3245" />
    <nd ref="3246" />
    <nd ref="3247" />
    <nd ref="3248" />
    <nd ref="3249" />
    <nd ref="3250" />
    <nd ref="3252" />
    <nd ref="3254" />
    <nd ref="3255" />
    <nd ref="3257" />
    <nd ref="3259" />
    <nd ref="3261" />
    <nd ref="3263" />
    <nd ref="3264" />
    <nd ref="3265" />
    <nd ref="3266" />
    <nd ref="3267" />
    <nd ref="3268" />
    <nd ref="3269" />
    <nd ref="3270" />
    <nd ref="3271" />
    <nd ref="3272" />
    <nd ref="3273" />
    <nd ref="3274" />
    <nd ref="3275" />
    <nd ref="3276" />
    <nd ref="6510" />
    <tag k="type" v="virtual" />
  </way>
  <way id="1741" visible="true" version="1">
    <nd ref="1971" />
    <nd ref="3216" />
    <nd ref="3217" />
    <nd ref="3218" />
    <nd ref="3219" />
    <nd ref="3220" />
    <nd ref="4029" />
    <nd ref="3221" />
    <nd ref="3222" />
    <nd ref="3223" />
    <nd ref="3224" />
    <nd ref="3225" />
    <nd ref="3226" />
    <nd ref="3227" />
    <nd ref="4107" />
    <nd ref="3228" />
    <nd ref="3229" />
    <nd ref="3230" />
    <nd ref="3231" />
    <nd ref="3232" />
    <nd ref="3233" />
    <nd ref="3234" />
    <nd ref="3235" />
    <nd ref="3236" />
    <nd ref="4118" />
    <nd ref="3237" />
    <nd ref="3238" />
    <nd ref="3239" />
    <nd ref="3240" />
    <nd ref="3241" />
    <nd ref="3242" />
    <nd ref="3243" />
    <nd ref="6464" />
    <tag k="type" v="virtual" />
  </way>
  <way id="1742" visible="true" version="1">
    <nd ref="1968" />
    <nd ref="3180" />
    <nd ref="3182" />
    <nd ref="3184" />
    <nd ref="3186" />
    <nd ref="3188" />
    <nd ref="3190" />
    <nd ref="3192" />
    <nd ref="3194" />
    <nd ref="3195" />
    <nd ref="4000" />
    <nd ref="3196" />
    <nd ref="3197" />
    <nd ref="3198" />
    <nd ref="3199" />
    <nd ref="3200" />
    <nd ref="3201" />
    <nd ref="3202" />
    <nd ref="3203" />
    <nd ref="3204" />
    <nd ref="3205" />
    <nd ref="3206" />
    <nd ref="3207" />
    <nd ref="3208" />
    <nd ref="3209" />
    <nd ref="3958" />
    <nd ref="3210" />
    <nd ref="3211" />
    <nd ref="3212" />
    <nd ref="3213" />
    <nd ref="3214" />
    <nd ref="3215" />
    <nd ref="6487" />
    <tag k="type" v="virtual" />
  </way>
  <way id="1743" visible="true" version="1">
    <nd ref="6511" />
    <nd ref="3161" />
    <nd ref="3162" />
    <nd ref="3163" />
    <nd ref="3165" />
    <nd ref="3167" />
    <nd ref="3169" />
    <nd ref="3171" />
    <nd ref="3172" />
    <nd ref="3173" />
    <nd ref="4062" />
    <nd ref="3174" />
    <nd ref="3175" />
    <nd ref="3176" />
    <nd ref="3177" />
    <nd ref="3178" />
    <nd ref="1978" />
    <tag k="type" v="virtual" />
  </way>
  <way id="1744" visible="true" version="1">
    <nd ref="6514" />
    <nd ref="3147" />
    <nd ref="3148" />
    <nd ref="3149" />
    <nd ref="3150" />
    <nd ref="3151" />
    <nd ref="3152" />
    <nd ref="3153" />
    <nd ref="3850" />
    <nd ref="3154" />
    <nd ref="3155" />
    <nd ref="3156" />
    <nd ref="3157" />
    <nd ref="3158" />
    <nd ref="3159" />
    <nd ref="3160" />
    <nd ref="1975" />
    <tag k="type" v="virtual" />
  </way>
  <way id="1745" visible="true" version="1">
    <nd ref="1974" />
    <nd ref="3118" />
    <nd ref="3119" />
    <nd ref="3120" />
    <nd ref="3121" />
    <nd ref="3122" />
    <nd ref="3123" />
    <nd ref="3124" />
    <nd ref="3125" />
    <nd ref="3126" />
    <nd ref="3127" />
    <nd ref="3128" />
    <nd ref="3129" />
    <nd ref="3130" />
    <nd ref="3823" />
    <nd ref="3131" />
    <nd ref="3132" />
    <nd ref="3133" />
    <nd ref="3134" />
    <nd ref="3135" />
    <nd ref="3136" />
    <nd ref="3137" />
    <nd ref="3138" />
    <nd ref="3139" />
    <nd ref="3140" />
    <nd ref="3141" />
    <nd ref="3142" />
    <nd ref="3143" />
    <nd ref="3837" />
    <nd ref="3144" />
    <nd ref="3145" />
    <nd ref="3146" />
    <nd ref="2037" />
    <tag k="type" v="virtual" />
  </way>
  <way id="1746" visible="true" version="1">
    <nd ref="1971" />
    <nd ref="3083" />
    <nd ref="3084" />
    <nd ref="3085" />
    <nd ref="3086" />
    <nd ref="3087" />
    <nd ref="3088" />
    <nd ref="3089" />
    <nd ref="3090" />
    <nd ref="3091" />
    <nd ref="3092" />
    <nd ref="3093" />
    <nd ref="3094" />
    <nd ref="3095" />
    <nd ref="3096" />
    <nd ref="3097" />
    <nd ref="3098" />
    <nd ref="3099" />
    <nd ref="3100" />
    <nd ref="3101" />
    <nd ref="3102" />
    <nd ref="3103" />
    <nd ref="3797" />
    <nd ref="3105" />
    <nd ref="3106" />
    <nd ref="3107" />
    <nd ref="3108" />
    <nd ref="3109" />
    <nd ref="3111" />
    <nd ref="3113" />
    <nd ref="3115" />
    <nd ref="3117" />
    <nd ref="2009" />
    <tag k="type" v="virtual" />
  </way>
  <way id="1747" visible="true" version="1">
    <nd ref="1968" />
    <nd ref="3052" />
    <nd ref="3053" />
    <nd ref="3054" />
    <nd ref="3055" />
    <nd ref="3056" />
    <nd ref="3057" />
    <nd ref="3058" />
    <nd ref="3059" />
    <nd ref="3060" />
    <nd ref="3061" />
    <nd ref="3062" />
    <nd ref="3063" />
    <nd ref="3064" />
    <nd ref="3065" />
    <nd ref="3066" />
    <nd ref="3067" />
    <nd ref="3068" />
    <nd ref="3069" />
    <nd ref="3070" />
    <nd ref="3071" />
    <nd ref="3072" />
    <nd ref="3073" />
    <nd ref="3074" />
    <nd ref="3075" />
    <nd ref="3076" />
    <nd ref="3077" />
    <nd ref="3078" />
    <nd ref="3079" />
    <nd ref="3080" />
    <nd ref="3081" />
    <nd ref="3082" />
    <nd ref="1981" />
    <tag k="type" v="virtual" />
  </way>
  <way id="1748" visible="true" version="1">
    <nd ref="7123" />
    <nd ref="3021" />
    <nd ref="3022" />
    <nd ref="3023" />
    <nd ref="3024" />
    <nd ref="3025" />
    <nd ref="3026" />
    <nd ref="3027" />
    <nd ref="3028" />
    <nd ref="3029" />
    <nd ref="3030" />
    <nd ref="3031" />
    <nd ref="3032" />
    <nd ref="3033" />
    <nd ref="3034" />
    <nd ref="3035" />
    <nd ref="3036" />
    <nd ref="3037" />
    <nd ref="3038" />
    <nd ref="3039" />
    <nd ref="3040" />
    <nd ref="3041" />
    <nd ref="3042" />
    <nd ref="3043" />
    <nd ref="3044" />
    <nd ref="3045" />
    <nd ref="3046" />
    <nd ref="3047" />
    <nd ref="3048" />
    <nd ref="3049" />
    <nd ref="3050" />
    <nd ref="3051" />
    <nd ref="1978" />
    <tag k="type" v="virtual" />
  </way>
  <way id="1749" visible="true" version="1">
    <nd ref="2214" />
    <nd ref="2967" />
    <nd ref="2968" />
    <nd ref="2969" />
    <nd ref="2970" />
    <nd ref="2971" />
    <nd ref="2972" />
    <nd ref="2973" />
    <nd ref="2974" />
    <nd ref="2975" />
    <nd ref="2976" />
    <nd ref="2977" />
    <nd ref="2978" />
    <nd ref="2979" />
    <nd ref="2980" />
    <nd ref="2981" />
    <nd ref="2982" />
    <nd ref="2983" />
    <nd ref="2984" />
    <nd ref="2985" />
    <nd ref="2117" />
    <tag k="subtype" v="solid" />
    <tag k="type" v="line_thin" />
  </way>
  <way id="1750" visible="true" version="1">
    <nd ref="2186" />
    <nd ref="2929" />
    <nd ref="2930" />
    <nd ref="2931" />
    <nd ref="2932" />
    <nd ref="2933" />
    <nd ref="2934" />
    <nd ref="2935" />
    <nd ref="2936" />
    <nd ref="2937" />
    <nd ref="2938" />
    <nd ref="2939" />
    <nd ref="2940" />
    <nd ref="2941" />
    <nd ref="2942" />
    <nd ref="2943" />
    <nd ref="2944" />
    <nd ref="2945" />
    <nd ref="2946" />
    <nd ref="2947" />
    <nd ref="2077" />
    <tag k="subtype" v="solid" />
    <tag k="type" v="line_thick" />
  </way>
  <way id="1751" visible="true" version="1">
    <nd ref="1883" />
    <nd ref="2870" />
    <nd ref="2871" />
    <nd ref="2873" />
    <nd ref="2874" />
    <nd ref="2875" />
    <nd ref="2876" />
    <nd ref="2877" />
    <nd ref="2878" />
    <nd ref="2879" />
    <nd ref="2880" />
    <nd ref="2881" />
    <nd ref="2882" />
    <nd ref="2884" />
    <nd ref="2885" />
    <nd ref="2886" />
    <nd ref="2887" />
    <nd ref="2888" />
    <nd ref="2889" />
    <nd ref="2890" />
    <nd ref="2137" />
    <tag k="subtype" v="solid" />
    <tag k="type" v="line_thick" />
  </way>
  <way id="1752" visible="true" version="1">
    <nd ref="1935" />
    <nd ref="2820" />
    <nd ref="2821" />
    <nd ref="2822" />
    <nd ref="2823" />
    <nd ref="2824" />
    <nd ref="2825" />
    <nd ref="2826" />
    <nd ref="2827" />
    <nd ref="2828" />
    <nd ref="2829" />
    <nd ref="2830" />
    <nd ref="2831" />
    <nd ref="2832" />
    <nd ref="6740" />
    <tag k="subtype" v="solid" />
    <tag k="type" v="line_thin" />
  </way>
  <way id="1753" visible="true" version="1">
    <nd ref="6732" />
    <nd ref="2796" />
    <nd ref="2797" />
    <nd ref="2798" />
    <nd ref="2799" />
    <nd ref="2801" />
    <nd ref="2802" />
    <nd ref="2803" />
    <nd ref="2804" />
    <nd ref="2805" />
    <nd ref="2161" />
    <tag k="subtype" v="solid" />
    <tag k="type" v="line_thin" />
  </way>
  <way id="1754" visible="true" version="1">
    <nd ref="6401" />
    <nd ref="3929" />
    <tag k="subtype" v="high" />
    <tag k="type" v="curbstone" />
  </way>
  <way id="1755" visible="true" version="1">
    <nd ref="6746" />
    <nd ref="2755" />
    <nd ref="2756" />
    <nd ref="2757" />
    <nd ref="2758" />
    <nd ref="2759" />
    <nd ref="2760" />
    <nd ref="2761" />
    <nd ref="2762" />
    <nd ref="2763" />
    <nd ref="2764" />
    <nd ref="2765" />
    <nd ref="2766" />
    <nd ref="2767" />
    <nd ref="2768" />
    <nd ref="2769" />
    <nd ref="2137" />
    <tag k="type" v="virtual" />
  </way>
  <way id="1756" visible="true" version="1">
    <nd ref="6413" />
    <nd ref="3935" />
    <tag k="subtype" v="solid" />
    <tag k="type" v="line_thin" />
  </way>
  <way id="1757" visible="true" version="1">
    <nd ref="6723" />
    <nd ref="2643" />
    <nd ref="2644" />
    <nd ref="2645" />
    <nd ref="2646" />
    <nd ref="2647" />
    <nd ref="2648" />
    <nd ref="2649" />
    <nd ref="2650" />
    <nd ref="2651" />
    <nd ref="2652" />
    <nd ref="2653" />
    <nd ref="2654" />
    <nd ref="2655" />
    <nd ref="2656" />
    <nd ref="2657" />
    <nd ref="2658" />
    <nd ref="2659" />
    <nd ref="2660" />
    <nd ref="2661" />
    <nd ref="2662" />
    <nd ref="2663" />
    <nd ref="2664" />
    <nd ref="2665" />
    <nd ref="2666" />
    <nd ref="2667" />
    <nd ref="2668" />
    <nd ref="2669" />
    <nd ref="2670" />
    <nd ref="2671" />
    <nd ref="2672" />
    <nd ref="2673" />
    <nd ref="2674" />
    <nd ref="2675" />
    <nd ref="2676" />
    <nd ref="2677" />
    <nd ref="2678" />
    <nd ref="2679" />
    <nd ref="6704" />
    <tag k="type" v="virtual" />
  </way>
  <way id="1758" visible="true" version="1">
    <nd ref="6425" />
    <nd ref="4150" />
    <tag k="subtype" v="dashed" />
    <tag k="type" v="line_thin" />
  </way>
  <way id="1759" visible="true" version="1">
    <nd ref="6426" />
    <nd ref="2535" />
    <nd ref="2536" />
    <nd ref="4144" />
    <nd ref="2537" />
    <nd ref="2538" />
    <nd ref="2539" />
    <nd ref="2540" />
    <nd ref="2541" />
    <nd ref="2542" />
    <nd ref="2543" />
    <nd ref="2544" />
    <nd ref="2545" />
    <nd ref="2546" />
    <nd ref="2547" />
    <nd ref="4082" />
    <nd ref="2548" />
    <nd ref="2549" />
    <nd ref="2550" />
    <nd ref="2551" />
    <nd ref="2552" />
    <nd ref="2553" />
    <nd ref="2554" />
    <nd ref="2555" />
    <nd ref="2556" />
    <nd ref="2557" />
    <nd ref="2558" />
    <nd ref="2559" />
    <nd ref="2560" />
    <nd ref="4124" />
    <nd ref="2561" />
    <nd ref="2562" />
    <nd ref="2563" />
    <nd ref="2564" />
    <nd ref="2565" />
    <nd ref="2566" />
    <nd ref="2567" />
    <nd ref="2568" />
    <nd ref="6723" />
    <tag k="type" v="virtual" />
  </way>
  <way id="1760" visible="true" version="1">
    <nd ref="6414" />
    <nd ref="3928" />
    <nd ref="2449" />
    <nd ref="2450" />
    <nd ref="2451" />
    <nd ref="2452" />
    <nd ref="2453" />
    <nd ref="2454" />
    <nd ref="2455" />
    <nd ref="2456" />
    <nd ref="2457" />
    <nd ref="2458" />
    <nd ref="3934" />
    <nd ref="2459" />
    <nd ref="2460" />
    <nd ref="2461" />
    <nd ref="2462" />
    <nd ref="2463" />
    <nd ref="2464" />
    <nd ref="2465" />
    <nd ref="2466" />
    <nd ref="2467" />
    <nd ref="2468" />
    <nd ref="2469" />
    <nd ref="2470" />
    <nd ref="2471" />
    <nd ref="2472" />
    <nd ref="2473" />
    <nd ref="2474" />
    <nd ref="4149" />
    <nd ref="2475" />
    <nd ref="2476" />
    <nd ref="2477" />
    <nd ref="6528" />
    <tag k="type" v="virtual" />
  </way>
  <way id="1761" visible="true" version="1">
    <nd ref="6426" />
    <nd ref="4895" />
    <nd ref="4894" />
    <nd ref="4893" />
    <nd ref="4892" />
    <nd ref="2422" />
    <nd ref="2423" />
    <nd ref="2424" />
    <nd ref="2425" />
    <nd ref="2426" />
    <nd ref="2427" />
    <nd ref="2428" />
    <nd ref="2429" />
    <nd ref="2430" />
    <nd ref="2431" />
    <nd ref="2432" />
    <nd ref="2433" />
    <nd ref="2434" />
    <nd ref="2435" />
    <nd ref="2436" />
    <nd ref="2437" />
    <nd ref="2438" />
    <nd ref="2439" />
    <nd ref="4006" />
    <nd ref="2440" />
    <nd ref="2441" />
    <nd ref="2442" />
    <nd ref="2443" />
    <nd ref="2444" />
    <nd ref="2445" />
    <nd ref="2446" />
    <nd ref="2447" />
    <nd ref="2448" />
    <nd ref="6531" />
    <tag k="type" v="virtual" />
  </way>
  <way id="1762" visible="true" version="1">
    <nd ref="6426" />
    <nd ref="4941" />
    <nd ref="4940" />
    <nd ref="4939" />
    <nd ref="4938" />
    <nd ref="4937" />
    <nd ref="4936" />
    <nd ref="4935" />
    <nd ref="4934" />
    <nd ref="4933" />
    <nd ref="4932" />
    <nd ref="4931" />
    <nd ref="4930" />
    <nd ref="4929" />
    <nd ref="4928" />
    <nd ref="4927" />
    <nd ref="4926" />
    <nd ref="4925" />
    <nd ref="4924" />
    <nd ref="4923" />
    <nd ref="4922" />
    <nd ref="4921" />
    <nd ref="4920" />
    <nd ref="4919" />
    <nd ref="6534" />
    <tag k="type" v="virtual" />
  </way>
  <way id="1763" visible="true" version="1">
    <nd ref="6675" />
    <nd ref="4968" />
    <nd ref="4967" />
    <nd ref="4966" />
    <nd ref="4965" />
    <nd ref="4964" />
    <nd ref="4963" />
    <nd ref="4962" />
    <nd ref="4961" />
    <nd ref="4960" />
    <nd ref="4959" />
    <nd ref="4958" />
    <nd ref="4957" />
    <nd ref="4956" />
    <nd ref="4955" />
    <nd ref="4954" />
    <nd ref="4953" />
    <nd ref="4952" />
    <nd ref="4951" />
    <nd ref="4950" />
    <nd ref="4949" />
    <nd ref="4948" />
    <nd ref="4947" />
    <nd ref="4946" />
    <nd ref="4945" />
    <nd ref="4944" />
    <nd ref="4943" />
    <nd ref="4942" />
    <nd ref="6523" />
    <tag k="subtype" v="high" />
    <tag k="type" v="curbstone" />
  </way>
  <way id="1764" visible="true" version="1">
    <nd ref="6717" />
    <nd ref="5033" />
    <nd ref="5032" />
    <nd ref="5031" />
    <nd ref="5030" />
    <nd ref="5029" />
    <nd ref="5028" />
    <nd ref="5027" />
    <nd ref="5026" />
    <nd ref="5025" />
    <nd ref="5024" />
    <nd ref="5023" />
    <nd ref="5022" />
    <nd ref="5021" />
    <nd ref="5020" />
    <nd ref="5019" />
    <nd ref="5018" />
    <nd ref="5017" />
    <nd ref="5016" />
    <nd ref="5015" />
    <nd ref="5014" />
    <nd ref="5013" />
    <nd ref="5012" />
    <nd ref="5011" />
    <nd ref="5010" />
    <nd ref="5009" />
    <nd ref="5008" />
    <nd ref="5007" />
    <nd ref="5006" />
    <nd ref="5005" />
    <nd ref="5004" />
    <nd ref="5003" />
    <nd ref="5002" />
    <nd ref="5001" />
    <nd ref="5000" />
    <nd ref="4999" />
    <nd ref="4998" />
    <nd ref="4997" />
    <nd ref="4996" />
    <nd ref="6528" />
    <tag k="type" v="virtual" />
  </way>
  <way id="1765" visible="true" version="1">
    <nd ref="6720" />
    <nd ref="5071" />
    <nd ref="5070" />
    <nd ref="5069" />
    <nd ref="5068" />
    <nd ref="5067" />
    <nd ref="5066" />
    <nd ref="5065" />
    <nd ref="5064" />
    <nd ref="5063" />
    <nd ref="5062" />
    <nd ref="5061" />
    <nd ref="5060" />
    <nd ref="5059" />
    <nd ref="5058" />
    <nd ref="5057" />
    <nd ref="5056" />
    <nd ref="5055" />
    <nd ref="5054" />
    <nd ref="5053" />
    <nd ref="5052" />
    <nd ref="5051" />
    <nd ref="5050" />
    <nd ref="5049" />
    <nd ref="5048" />
    <nd ref="5047" />
    <nd ref="5046" />
    <nd ref="5045" />
    <nd ref="5044" />
    <nd ref="5043" />
    <nd ref="5042" />
    <nd ref="5041" />
    <nd ref="5040" />
    <nd ref="5039" />
    <nd ref="5038" />
    <nd ref="5037" />
    <nd ref="5036" />
    <nd ref="5035" />
    <nd ref="5034" />
    <nd ref="6531" />
    <tag k="type" v="virtual" />
  </way>
  <way id="1766" visible="true" version="1">
    <nd ref="6488" />
    <nd ref="5109" />
    <nd ref="5108" />
    <nd ref="5107" />
    <nd ref="5106" />
    <nd ref="5105" />
    <nd ref="5104" />
    <nd ref="5103" />
    <nd ref="5102" />
    <nd ref="5101" />
    <nd ref="5100" />
    <nd ref="5099" />
    <nd ref="5098" />
    <nd ref="5097" />
    <nd ref="5096" />
    <nd ref="5095" />
    <nd ref="5094" />
    <nd ref="5093" />
    <nd ref="5092" />
    <nd ref="5091" />
    <nd ref="6723" />
    <tag k="type" v="virtual" />
  </way>
  <way id="1767" visible="true" version="1">
    <nd ref="6575" />
    <nd ref="5143" />
    <nd ref="5142" />
    <nd ref="5141" />
    <nd ref="5140" />
    <nd ref="5139" />
    <nd ref="5138" />
    <nd ref="5137" />
    <nd ref="5136" />
    <nd ref="5135" />
    <nd ref="5134" />
    <nd ref="4146" />
    <nd ref="5133" />
    <nd ref="5132" />
    <nd ref="5131" />
    <nd ref="5130" />
    <nd ref="5129" />
    <nd ref="5128" />
    <nd ref="5127" />
    <nd ref="5126" />
    <nd ref="5125" />
    <nd ref="5124" />
    <nd ref="5123" />
    <nd ref="4084" />
    <nd ref="5122" />
    <nd ref="5121" />
    <nd ref="5120" />
    <nd ref="5119" />
    <nd ref="5118" />
    <nd ref="5117" />
    <nd ref="5116" />
    <nd ref="5115" />
    <nd ref="5114" />
    <nd ref="5113" />
    <nd ref="5112" />
    <nd ref="5111" />
    <nd ref="5110" />
    <nd ref="4126" />
    <nd ref="6685" />
    <tag k="type" v="virtual" />
  </way>
  <way id="1768" visible="true" version="1">
    <nd ref="4125" />
    <nd ref="6395" />
    <tag k="type" v="road_border" />
  </way>
  <way id="1769" visible="true" version="1">
    <nd ref="6580" />
    <nd ref="5177" />
    <nd ref="5176" />
    <nd ref="5175" />
    <nd ref="5174" />
    <nd ref="4095" />
    <nd ref="5173" />
    <nd ref="5172" />
    <nd ref="5171" />
    <nd ref="5170" />
    <nd ref="5169" />
    <nd ref="5168" />
    <nd ref="5167" />
    <nd ref="5166" />
    <nd ref="5165" />
    <nd ref="5164" />
    <nd ref="5163" />
    <nd ref="5162" />
    <nd ref="5161" />
    <nd ref="5160" />
    <nd ref="5159" />
    <nd ref="5158" />
    <nd ref="3977" />
    <nd ref="5157" />
    <nd ref="5156" />
    <nd ref="5155" />
    <nd ref="5154" />
    <nd ref="5153" />
    <nd ref="5152" />
    <nd ref="5151" />
    <nd ref="5150" />
    <nd ref="5149" />
    <nd ref="5148" />
    <nd ref="5147" />
    <nd ref="5146" />
    <nd ref="3911" />
    <nd ref="5145" />
    <nd ref="5144" />
    <nd ref="6695" />
    <tag k="type" v="virtual" />
  </way>
  <way id="1770" visible="true" version="1">
    <nd ref="6580" />
    <nd ref="5257" />
    <nd ref="5256" />
    <nd ref="5255" />
    <nd ref="5254" />
    <nd ref="5253" />
    <nd ref="5252" />
    <nd ref="5251" />
    <nd ref="5250" />
    <nd ref="5249" />
    <nd ref="5248" />
    <nd ref="5247" />
    <nd ref="5246" />
    <nd ref="5245" />
    <nd ref="5244" />
    <nd ref="5243" />
    <nd ref="5242" />
    <nd ref="5241" />
    <nd ref="5240" />
    <nd ref="5239" />
    <nd ref="5238" />
    <nd ref="5237" />
    <nd ref="5236" />
    <nd ref="5235" />
    <nd ref="5234" />
    <nd ref="5233" />
    <nd ref="5232" />
    <nd ref="5231" />
    <nd ref="4008" />
    <nd ref="5230" />
    <nd ref="5229" />
    <nd ref="5228" />
    <nd ref="5227" />
    <nd ref="5226" />
    <nd ref="5225" />
    <nd ref="5224" />
    <nd ref="5223" />
    <nd ref="5222" />
    <nd ref="3930" />
    <nd ref="5221" />
    <nd ref="5220" />
    <nd ref="5219" />
    <nd ref="5218" />
    <nd ref="6704" />
    <tag k="type" v="virtual" />
  </way>
  <way id="1771" visible="true" version="1">
    <nd ref="6414" />
    <nd ref="5307" />
    <nd ref="5306" />
    <nd ref="5305" />
    <nd ref="5304" />
    <nd ref="5303" />
    <nd ref="5302" />
    <nd ref="5301" />
    <nd ref="5300" />
    <nd ref="5299" />
    <nd ref="5298" />
    <nd ref="5297" />
    <nd ref="5296" />
    <nd ref="5295" />
    <nd ref="5294" />
    <nd ref="5293" />
    <nd ref="5292" />
    <nd ref="5291" />
    <nd ref="5290" />
    <nd ref="5289" />
    <nd ref="5288" />
    <nd ref="5287" />
    <nd ref="5286" />
    <nd ref="5285" />
    <nd ref="5284" />
    <nd ref="5283" />
    <nd ref="6548" />
    <tag k="type" v="virtual" />
  </way>
  <way id="1772" visible="true" version="1">
    <nd ref="6538" />
    <nd ref="5316" />
    <nd ref="5315" />
    <nd ref="5314" />
    <nd ref="5313" />
    <nd ref="5312" />
    <nd ref="5311" />
    <nd ref="5310" />
    <nd ref="5309" />
    <nd ref="5308" />
    <nd ref="6667" />
    <tag k="subtype" v="high" />
    <tag k="type" v="curbstone" />
  </way>
  <way id="1773" visible="true" version="1">
    <nd ref="6575" />
    <nd ref="5395" />
    <nd ref="5394" />
    <nd ref="5393" />
    <nd ref="5392" />
    <nd ref="5391" />
    <nd ref="5390" />
    <nd ref="5389" />
    <nd ref="5388" />
    <nd ref="5387" />
    <nd ref="5386" />
    <nd ref="5385" />
    <nd ref="5384" />
    <nd ref="5383" />
    <nd ref="5382" />
    <nd ref="5381" />
    <nd ref="5380" />
    <nd ref="5379" />
    <nd ref="5378" />
    <nd ref="5377" />
    <nd ref="5376" />
    <nd ref="5375" />
    <nd ref="5374" />
    <nd ref="5373" />
    <nd ref="5372" />
    <nd ref="5371" />
    <nd ref="5370" />
    <nd ref="5369" />
    <nd ref="5368" />
    <nd ref="5367" />
    <nd ref="5366" />
    <nd ref="5365" />
    <nd ref="5364" />
    <nd ref="5363" />
    <nd ref="5362" />
    <nd ref="5361" />
    <nd ref="6716" />
    <tag k="type" v="virtual" />
  </way>
  <way id="1774" visible="true" version="1">
    <nd ref="6710" />
    <nd ref="5418" />
    <nd ref="5417" />
    <nd ref="5416" />
    <nd ref="5415" />
    <nd ref="5414" />
    <nd ref="5413" />
    <nd ref="5412" />
    <nd ref="5411" />
    <nd ref="5410" />
    <nd ref="5409" />
    <nd ref="5408" />
    <nd ref="5407" />
    <nd ref="5406" />
    <nd ref="5405" />
    <nd ref="5404" />
    <nd ref="5403" />
    <nd ref="5402" />
    <nd ref="5401" />
    <nd ref="5400" />
    <nd ref="5399" />
    <nd ref="5398" />
    <nd ref="5397" />
    <nd ref="5396" />
    <nd ref="6556" />
    <tag k="subtype" v="high" />
    <tag k="type" v="curbstone" />
  </way>
  <way id="1775" visible="true" version="1">
    <nd ref="6720" />
    <nd ref="5451" />
    <nd ref="5450" />
    <nd ref="5449" />
    <nd ref="5448" />
    <nd ref="5447" />
    <nd ref="5446" />
    <nd ref="5445" />
    <nd ref="5444" />
    <nd ref="5443" />
    <nd ref="5442" />
    <nd ref="6548" />
    <tag k="type" v="virtual" />
  </way>
  <way id="1776" visible="true" version="1">
    <nd ref="5925" />
    <nd ref="5924" />
    <nd ref="4649" />
    <nd ref="5923" />
    <nd ref="5922" />
    <nd ref="5921" />
    <nd ref="5920" />
    <nd ref="5919" />
    <nd ref="5918" />
    <nd ref="5917" />
    <nd ref="5916" />
    <nd ref="5915" />
    <nd ref="6561" />
    <tag k="subtype" v="high" />
    <tag k="type" v="curbstone" />
  </way>
  <way id="1777" visible="true" version="1">
    <nd ref="6723" />
    <nd ref="5461" />
    <nd ref="5460" />
    <nd ref="5459" />
    <nd ref="5458" />
    <nd ref="5457" />
    <nd ref="5456" />
    <nd ref="5455" />
    <nd ref="5454" />
    <nd ref="5453" />
    <nd ref="5452" />
    <nd ref="6553" />
    <tag k="type" v="virtual" />
  </way>
  <way id="1778" visible="true" version="1">
    <nd ref="6575" />
    <nd ref="3904" />
    <nd ref="5539" />
    <nd ref="5538" />
    <nd ref="5537" />
    <nd ref="5536" />
    <nd ref="5535" />
    <nd ref="5534" />
    <nd ref="5533" />
    <nd ref="5532" />
    <nd ref="5531" />
    <nd ref="5530" />
    <nd ref="5529" />
    <nd ref="5528" />
    <nd ref="5527" />
    <nd ref="3915" />
    <nd ref="5526" />
    <nd ref="5525" />
    <nd ref="5524" />
    <nd ref="5523" />
    <nd ref="5522" />
    <nd ref="5521" />
    <nd ref="5520" />
    <nd ref="5519" />
    <nd ref="5518" />
    <nd ref="5517" />
    <nd ref="5516" />
    <nd ref="5515" />
    <nd ref="3925" />
    <nd ref="5514" />
    <nd ref="5513" />
    <nd ref="5512" />
    <nd ref="5511" />
    <nd ref="5510" />
    <nd ref="5509" />
    <nd ref="5508" />
    <nd ref="5507" />
    <nd ref="5506" />
    <nd ref="5505" />
    <nd ref="5504" />
    <nd ref="5503" />
    <nd ref="4074" />
    <nd ref="6531" />
    <tag k="type" v="virtual" />
  </way>
  <way id="1779" visible="true" version="1">
    <nd ref="6580" />
    <nd ref="5577" />
    <nd ref="5576" />
    <nd ref="5575" />
    <nd ref="5574" />
    <nd ref="4196" />
    <nd ref="5573" />
    <nd ref="5572" />
    <nd ref="5571" />
    <nd ref="5570" />
    <nd ref="5569" />
    <nd ref="5568" />
    <nd ref="5567" />
    <nd ref="5566" />
    <nd ref="5565" />
    <nd ref="5564" />
    <nd ref="5563" />
    <nd ref="4003" />
    <nd ref="5562" />
    <nd ref="5561" />
    <nd ref="5560" />
    <nd ref="5559" />
    <nd ref="5558" />
    <nd ref="5557" />
    <nd ref="5556" />
    <nd ref="5555" />
    <nd ref="5554" />
    <nd ref="5553" />
    <nd ref="5552" />
    <nd ref="3920" />
    <nd ref="5551" />
    <nd ref="5550" />
    <nd ref="5549" />
    <nd ref="5548" />
    <nd ref="5547" />
    <nd ref="5546" />
    <nd ref="5545" />
    <nd ref="5544" />
    <nd ref="5543" />
    <nd ref="5542" />
    <nd ref="5541" />
    <nd ref="5540" />
    <nd ref="6534" />
    <tag k="type" v="virtual" />
  </way>
  <way id="1780" visible="true" version="1">
    <nd ref="6465" />
    <nd ref="5653" />
    <nd ref="5652" />
    <nd ref="3949" />
    <nd ref="5651" />
    <nd ref="5650" />
    <nd ref="5649" />
    <nd ref="5648" />
    <nd ref="5647" />
    <nd ref="5646" />
    <nd ref="5645" />
    <nd ref="5644" />
    <nd ref="5643" />
    <nd ref="5642" />
    <nd ref="5641" />
    <nd ref="3792" />
    <nd ref="5640" />
    <nd ref="5639" />
    <nd ref="5638" />
    <nd ref="5637" />
    <nd ref="5636" />
    <nd ref="5635" />
    <nd ref="5634" />
    <nd ref="5633" />
    <nd ref="5632" />
    <nd ref="5631" />
    <nd ref="5630" />
    <nd ref="5629" />
    <nd ref="5628" />
    <nd ref="5627" />
    <nd ref="3808" />
    <nd ref="5626" />
    <nd ref="5625" />
    <nd ref="5624" />
    <nd ref="5623" />
    <nd ref="5622" />
    <nd ref="5621" />
    <nd ref="3818" />
    <nd ref="5620" />
    <nd ref="5619" />
    <nd ref="5618" />
    <nd ref="5617" />
    <nd ref="6548" />
    <tag k="type" v="virtual" />
  </way>
  <way id="1781" visible="true" version="1">
    <nd ref="6488" />
    <nd ref="5693" />
    <nd ref="5692" />
    <nd ref="5691" />
    <nd ref="5690" />
    <nd ref="5689" />
    <nd ref="5688" />
    <nd ref="5687" />
    <nd ref="5686" />
    <nd ref="5685" />
    <nd ref="4032" />
    <nd ref="5684" />
    <nd ref="5683" />
    <nd ref="5682" />
    <nd ref="5681" />
    <nd ref="5680" />
    <nd ref="5679" />
    <nd ref="5678" />
    <nd ref="5677" />
    <nd ref="5676" />
    <nd ref="5675" />
    <nd ref="5674" />
    <nd ref="5673" />
    <nd ref="5672" />
    <nd ref="5671" />
    <nd ref="5670" />
    <nd ref="5669" />
    <nd ref="5668" />
    <nd ref="5667" />
    <nd ref="5666" />
    <nd ref="5665" />
    <nd ref="5664" />
    <nd ref="5663" />
    <nd ref="5662" />
    <nd ref="5661" />
    <nd ref="5660" />
    <nd ref="5659" />
    <nd ref="5658" />
    <nd ref="5657" />
    <nd ref="5656" />
    <nd ref="5655" />
    <nd ref="5654" />
    <nd ref="6553" />
    <tag k="type" v="virtual" />
  </way>
  <way id="1782" visible="true" version="1">
    <nd ref="6927" />
    <nd ref="5715" />
    <nd ref="5714" />
    <nd ref="5713" />
    <nd ref="5712" />
    <nd ref="5711" />
    <nd ref="5710" />
    <nd ref="5709" />
    <nd ref="5708" />
    <nd ref="5707" />
    <nd ref="5706" />
    <nd ref="5705" />
    <nd ref="5704" />
    <nd ref="5703" />
    <nd ref="3861" />
    <nd ref="5702" />
    <nd ref="5701" />
    <nd ref="5700" />
    <nd ref="5699" />
    <nd ref="5698" />
    <nd ref="5697" />
    <nd ref="3755" />
    <nd ref="5696" />
    <nd ref="5695" />
    <nd ref="5694" />
    <nd ref="6908" />
    <tag k="type" v="virtual" />
  </way>
  <way id="1783" visible="true" version="1">
    <nd ref="6911" />
    <nd ref="5716" />
    <nd ref="5717" />
    <nd ref="5718" />
    <nd ref="5719" />
    <nd ref="5720" />
    <nd ref="5721" />
    <nd ref="3873" />
    <nd ref="5722" />
    <nd ref="5723" />
    <nd ref="5724" />
    <nd ref="5725" />
    <nd ref="5726" />
    <nd ref="5727" />
    <nd ref="5728" />
    <nd ref="5729" />
    <nd ref="5730" />
    <nd ref="5731" />
    <nd ref="5732" />
    <nd ref="5733" />
    <nd ref="4015" />
    <nd ref="5734" />
    <nd ref="5735" />
    <nd ref="5736" />
    <nd ref="5737" />
    <nd ref="7100" />
    <tag k="type" v="virtual" />
  </way>
  <way id="1784" visible="true" version="1">
    <nd ref="6753" />
    <nd ref="5754" />
    <nd ref="5753" />
    <nd ref="5752" />
    <nd ref="5751" />
    <nd ref="5750" />
    <nd ref="5749" />
    <nd ref="5748" />
    <nd ref="5747" />
    <nd ref="5746" />
    <nd ref="5745" />
    <nd ref="4296" />
    <nd ref="5744" />
    <nd ref="5743" />
    <nd ref="5742" />
    <nd ref="5741" />
    <nd ref="5740" />
    <nd ref="5739" />
    <nd ref="5738" />
    <nd ref="7097" />
    <tag k="type" v="virtual" />
  </way>
  <way id="1785" visible="true" version="1">
    <nd ref="6921" />
    <nd ref="4418" />
    <nd ref="4415" />
    <nd ref="4412" />
    <nd ref="4409" />
    <nd ref="4406" />
    <nd ref="4403" />
    <nd ref="4400" />
    <nd ref="4397" />
    <nd ref="4394" />
    <nd ref="4391" />
    <nd ref="4388" />
    <nd ref="4208" />
    <nd ref="4385" />
    <nd ref="4382" />
    <nd ref="4379" />
    <nd ref="4376" />
    <nd ref="4373" />
    <nd ref="6908" />
    <tag k="type" v="virtual" />
  </way>
  <way id="1786" visible="true" version="1">
    <nd ref="6747" />
    <nd ref="5848" />
    <nd ref="5847" />
    <nd ref="5846" />
    <nd ref="5845" />
    <nd ref="5844" />
    <nd ref="5843" />
    <nd ref="5842" />
    <nd ref="5841" />
    <nd ref="5840" />
    <nd ref="5839" />
    <nd ref="5838" />
    <nd ref="5837" />
    <nd ref="5836" />
    <nd ref="5835" />
    <nd ref="4464" />
    <nd ref="4461" />
    <nd ref="4458" />
    <nd ref="6914" />
    <tag k="type" v="road_border" />
  </way>
  <way id="1787" visible="true" version="1">
    <nd ref="6750" />
    <nd ref="5853" />
    <nd ref="5852" />
    <nd ref="5851" />
    <nd ref="5850" />
    <nd ref="4515" />
    <nd ref="4512" />
    <nd ref="4509" />
    <nd ref="4506" />
    <nd ref="4503" />
    <nd ref="4500" />
    <nd ref="4497" />
    <nd ref="4494" />
    <nd ref="4491" />
    <nd ref="4488" />
    <nd ref="4485" />
    <nd ref="4482" />
    <nd ref="5849" />
    <nd ref="6917" />
    <tag k="subtype" v="high" />
    <tag k="type" v="curbstone" />
  </way>
  <way id="1788" visible="true" version="1">
    <nd ref="6911" />
    <nd ref="5871" />
    <nd ref="5870" />
    <nd ref="5869" />
    <nd ref="5868" />
    <nd ref="5867" />
    <nd ref="5866" />
    <nd ref="5865" />
    <nd ref="5864" />
    <nd ref="5863" />
    <nd ref="5862" />
    <nd ref="5861" />
    <nd ref="5860" />
    <nd ref="4573" />
    <nd ref="4570" />
    <nd ref="4567" />
    <nd ref="4564" />
    <nd ref="5859" />
    <nd ref="6924" />
    <tag k="type" v="virtual" />
  </way>
  <way id="1789" visible="true" version="1">
    <nd ref="7274" />
    <nd ref="5892" />
    <nd ref="5891" />
    <nd ref="5890" />
    <nd ref="5889" />
    <nd ref="4608" />
    <nd ref="5888" />
    <nd ref="5887" />
    <nd ref="5886" />
    <nd ref="5885" />
    <nd ref="5884" />
    <nd ref="4600" />
    <nd ref="5883" />
    <nd ref="5882" />
    <nd ref="5881" />
    <nd ref="5880" />
    <nd ref="5879" />
    <nd ref="5878" />
    <nd ref="5877" />
    <nd ref="5876" />
    <nd ref="5875" />
    <nd ref="5874" />
    <nd ref="5873" />
    <nd ref="5872" />
    <nd ref="6413" />
    <tag k="subtype" v="solid" />
    <tag k="type" v="line_thin" />
  </way>
  <way id="1790" visible="true" version="1">
    <nd ref="6401" />
    <nd ref="5968" />
    <nd ref="5967" />
    <nd ref="5966" />
    <nd ref="5965" />
    <nd ref="5964" />
    <nd ref="5963" />
    <nd ref="5962" />
    <nd ref="5961" />
    <nd ref="5960" />
    <nd ref="5959" />
    <nd ref="5958" />
    <nd ref="5957" />
    <nd ref="5956" />
    <nd ref="5955" />
    <nd ref="5954" />
    <nd ref="5953" />
    <nd ref="5952" />
    <nd ref="5951" />
    <nd ref="5950" />
    <nd ref="5949" />
    <nd ref="5948" />
    <nd ref="5947" />
    <nd ref="5946" />
    <nd ref="5945" />
    <nd ref="5944" />
    <nd ref="5943" />
    <nd ref="5942" />
    <nd ref="5941" />
    <nd ref="5940" />
    <nd ref="5939" />
    <nd ref="5938" />
    <tag k="subtype" v="high" />
    <tag k="type" v="curbstone" />
  </way>
  <way id="1791" visible="true" version="1">
    <nd ref="6011" />
    <nd ref="6010" />
    <nd ref="6009" />
    <nd ref="6008" />
    <nd ref="6007" />
    <nd ref="6006" />
    <nd ref="6005" />
    <nd ref="6004" />
    <nd ref="6003" />
    <nd ref="6002" />
    <nd ref="6001" />
    <nd ref="6000" />
    <nd ref="5999" />
    <nd ref="5998" />
    <nd ref="5997" />
    <nd ref="5996" />
    <nd ref="5995" />
    <nd ref="5994" />
    <nd ref="5993" />
    <nd ref="5992" />
    <nd ref="5991" />
    <nd ref="5990" />
    <nd ref="5989" />
    <nd ref="5988" />
    <nd ref="5987" />
    <nd ref="5986" />
    <nd ref="5985" />
    <nd ref="5984" />
    <nd ref="5983" />
    <nd ref="5982" />
    <nd ref="5981" />
    <tag k="type" v="road_border" />
  </way>
  <way id="1792" visible="true" version="1">
    <nd ref="6686" />
    <nd ref="6028" />
    <nd ref="6027" />
    <nd ref="6026" />
    <nd ref="6025" />
    <nd ref="6024" />
    <nd ref="6023" />
    <nd ref="6022" />
    <nd ref="6021" />
    <nd ref="6020" />
    <nd ref="6019" />
    <nd ref="6018" />
    <nd ref="6017" />
    <nd ref="6016" />
    <nd ref="6015" />
    <nd ref="6014" />
    <nd ref="6013" />
    <nd ref="6012" />
    <nd ref="7258" />
    <tag k="type" v="virtual" />
  </way>
  <way id="1793" visible="true" version="1">
    <nd ref="6686" />
    <nd ref="6062" />
    <nd ref="6061" />
    <nd ref="6060" />
    <nd ref="6059" />
    <nd ref="6058" />
    <nd ref="6057" />
    <nd ref="6056" />
    <nd ref="6055" />
    <nd ref="6054" />
    <nd ref="6053" />
    <nd ref="6052" />
    <nd ref="6051" />
    <nd ref="6050" />
    <nd ref="6049" />
    <nd ref="6048" />
    <nd ref="6047" />
    <nd ref="6046" />
    <nd ref="7242" />
    <tag k="type" v="virtual" />
  </way>
  <way id="1794" visible="true" version="1">
    <nd ref="6696" />
    <nd ref="6079" />
    <nd ref="6078" />
    <nd ref="6077" />
    <nd ref="6076" />
    <nd ref="6075" />
    <nd ref="6074" />
    <nd ref="6073" />
    <nd ref="6072" />
    <nd ref="6071" />
    <nd ref="6070" />
    <nd ref="6069" />
    <nd ref="6068" />
    <nd ref="6067" />
    <nd ref="6066" />
    <nd ref="6065" />
    <nd ref="6064" />
    <nd ref="6063" />
    <nd ref="7258" />
    <tag k="type" v="virtual" />
  </way>
  <way id="1795" visible="true" version="1">
    <nd ref="2036" />
    <nd ref="6133" />
    <nd ref="6132" />
    <nd ref="6131" />
    <nd ref="6130" />
    <nd ref="6129" />
    <nd ref="6128" />
    <nd ref="6127" />
    <nd ref="6126" />
    <nd ref="6125" />
    <nd ref="6124" />
    <nd ref="6123" />
    <nd ref="6122" />
    <nd ref="6121" />
    <nd ref="6120" />
    <nd ref="6119" />
    <nd ref="6118" />
    <nd ref="6117" />
    <nd ref="6116" />
    <nd ref="6115" />
    <nd ref="6114" />
    <nd ref="6113" />
    <nd ref="6112" />
    <nd ref="6111" />
    <nd ref="6110" />
    <nd ref="6109" />
    <nd ref="6108" />
    <nd ref="6107" />
    <nd ref="7258" />
    <tag k="type" v="virtual" />
  </way>
  <way id="1796" visible="true" version="1">
    <nd ref="7287" />
    <nd ref="6187" />
    <nd ref="6186" />
    <nd ref="6185" />
    <nd ref="6184" />
    <nd ref="6183" />
    <nd ref="6182" />
    <nd ref="6181" />
    <nd ref="6180" />
    <nd ref="6179" />
    <nd ref="6178" />
    <nd ref="6177" />
    <nd ref="6176" />
    <nd ref="6175" />
    <nd ref="6174" />
    <nd ref="6173" />
    <nd ref="6172" />
    <nd ref="6171" />
    <nd ref="6170" />
    <nd ref="6169" />
    <nd ref="6168" />
    <nd ref="6167" />
    <nd ref="6166" />
    <nd ref="6165" />
    <nd ref="6164" />
    <nd ref="6163" />
    <nd ref="6162" />
    <nd ref="6161" />
    <nd ref="7194" />
    <tag k="type" v="virtual" />
  </way>
  <way id="1797" visible="true" version="1">
    <nd ref="7122" />
    <nd ref="6237" />
    <nd ref="6236" />
    <nd ref="6235" />
    <nd ref="6234" />
    <nd ref="6233" />
    <nd ref="6232" />
    <nd ref="6231" />
    <nd ref="6230" />
    <nd ref="6229" />
    <nd ref="6228" />
    <nd ref="6227" />
    <nd ref="6226" />
    <nd ref="6225" />
    <nd ref="6224" />
    <nd ref="6223" />
    <nd ref="6222" />
    <nd ref="6221" />
    <nd ref="6220" />
    <nd ref="6219" />
    <nd ref="6218" />
    <nd ref="6217" />
    <nd ref="6216" />
    <nd ref="6215" />
    <nd ref="6397" />
    <tag k="subtype" v="high" />
    <tag k="type" v="curbstone" />
  </way>
  <way id="1798" visible="true" version="1">
    <nd ref="7119" />
    <nd ref="6260" />
    <nd ref="6259" />
    <nd ref="6258" />
    <nd ref="6257" />
    <nd ref="6256" />
    <nd ref="6255" />
    <nd ref="6254" />
    <nd ref="6253" />
    <nd ref="6252" />
    <nd ref="6251" />
    <nd ref="6250" />
    <nd ref="6249" />
    <nd ref="6248" />
    <nd ref="6247" />
    <nd ref="6246" />
    <nd ref="6245" />
    <nd ref="6244" />
    <nd ref="6243" />
    <nd ref="6242" />
    <nd ref="6241" />
    <nd ref="6240" />
    <nd ref="6239" />
    <nd ref="6238" />
    <nd ref="6395" />
    <tag k="type" v="road_border" />
  </way>
  <way id="1799" visible="true" version="1">
    <nd ref="6676" />
    <nd ref="6325" />
    <nd ref="6324" />
    <nd ref="6323" />
    <nd ref="6322" />
    <nd ref="6321" />
    <nd ref="6320" />
    <nd ref="6319" />
    <nd ref="6318" />
    <nd ref="6317" />
    <nd ref="6316" />
    <nd ref="6315" />
    <nd ref="6314" />
    <nd ref="6313" />
    <nd ref="6312" />
    <nd ref="6311" />
    <nd ref="6310" />
    <nd ref="6309" />
    <nd ref="6308" />
    <nd ref="6307" />
    <nd ref="6306" />
    <nd ref="6305" />
    <nd ref="7194" />
    <tag k="type" v="virtual" />
  </way>
  <way id="1800" visible="true" version="1">
    <nd ref="2036" />
    <nd ref="6370" />
    <nd ref="6369" />
    <nd ref="6368" />
    <nd ref="6367" />
    <nd ref="6366" />
    <nd ref="6365" />
    <nd ref="6364" />
    <nd ref="6363" />
    <nd ref="6362" />
    <nd ref="6361" />
    <nd ref="6360" />
    <nd ref="6359" />
    <nd ref="6358" />
    <nd ref="6357" />
    <nd ref="6356" />
    <nd ref="6355" />
    <nd ref="6354" />
    <nd ref="6353" />
    <nd ref="6352" />
    <nd ref="6351" />
    <nd ref="6350" />
    <nd ref="6349" />
    <nd ref="6348" />
    <nd ref="6347" />
    <nd ref="6425" />
    <tag k="type" v="virtual" />
  </way>
  <way id="1801" visible="true" version="1">
    <nd ref="2008" />
    <nd ref="6394" />
    <nd ref="6393" />
    <nd ref="6392" />
    <nd ref="6391" />
    <nd ref="6390" />
    <nd ref="6389" />
    <nd ref="6388" />
    <nd ref="6387" />
    <nd ref="6386" />
    <nd ref="6385" />
    <nd ref="6384" />
    <nd ref="6383" />
    <nd ref="6382" />
    <nd ref="6381" />
    <nd ref="6380" />
    <nd ref="6379" />
    <nd ref="6378" />
    <nd ref="6377" />
    <nd ref="6376" />
    <nd ref="6375" />
    <nd ref="6374" />
    <nd ref="6373" />
    <nd ref="6372" />
    <nd ref="6371" />
    <nd ref="6435" />
    <tag k="type" v="virtual" />
  </way>
  <way id="1802" visible="true" version="1">
    <nd ref="6659" />
    <nd ref="6398" />
    <nd ref="4083" />
    <tag k="subtype" v="high" />
    <tag k="type" v="curbstone" />
  </way>
  <way id="1803" visible="true" version="1">
    <nd ref="6646" />
    <nd ref="6399" />
    <nd ref="4007" />
    <tag k="type" v="road_border" />
  </way>
  <way id="1804" visible="true" version="1">
    <nd ref="6410" />
    <nd ref="6409" />
    <nd ref="6408" />
    <nd ref="6407" />
    <nd ref="6406" />
    <nd ref="6405" />
    <nd ref="6404" />
    <tag k="subtype" v="solid" />
    <tag k="type" v="line_thin" />
  </way>
  <way id="1805" visible="true" version="1">
    <nd ref="6423" />
    <nd ref="6422" />
    <nd ref="6421" />
    <nd ref="6420" />
    <nd ref="6419" />
    <nd ref="6418" />
    <nd ref="6417" />
    <nd ref="6416" />
    <tag k="subtype" v="dashed" />
    <tag k="type" v="line_thin" />
  </way>
  <way id="1806" visible="true" version="1">
    <nd ref="6433" />
    <nd ref="6432" />
    <nd ref="6431" />
    <nd ref="6430" />
    <nd ref="6429" />
    <nd ref="6428" />
    <tag k="subtype" v="solid" />
    <tag k="type" v="line_thick" />
  </way>
  <way id="1807" visible="true" version="1">
    <nd ref="6441" />
    <nd ref="6440" />
    <nd ref="6439" />
    <tag k="subtype" v="high" />
    <tag k="type" v="curbstone" />
  </way>
  <way id="1808" visible="true" version="1">
    <nd ref="6462" />
    <nd ref="6461" />
    <nd ref="6460" />
    <nd ref="6459" />
    <nd ref="6458" />
    <nd ref="6457" />
    <nd ref="6456" />
    <nd ref="6455" />
    <nd ref="6454" />
    <nd ref="6453" />
    <nd ref="6452" />
    <nd ref="6451" />
    <nd ref="6450" />
    <nd ref="6449" />
    <nd ref="6448" />
    <nd ref="6447" />
    <nd ref="6446" />
    <nd ref="6445" />
    <nd ref="6444" />
    <tag k="subtype" v="solid" />
    <tag k="type" v="line_thin" />
  </way>
  <way id="1809" visible="true" version="1">
    <nd ref="6508" />
    <nd ref="6507" />
    <nd ref="6506" />
    <nd ref="6505" />
    <nd ref="6504" />
    <nd ref="6503" />
    <nd ref="6502" />
    <nd ref="6501" />
    <nd ref="6500" />
    <nd ref="6499" />
    <nd ref="6498" />
    <nd ref="6497" />
    <nd ref="6496" />
    <nd ref="6495" />
    <nd ref="6494" />
    <nd ref="6493" />
    <nd ref="6492" />
    <nd ref="6491" />
    <nd ref="6490" />
    <tag k="subtype" v="high" />
    <tag k="type" v="curbstone" />
  </way>
  <way id="1810" visible="true" version="1">
    <nd ref="6513" />
    <nd ref="6512" />
    <nd ref="6511" />
    <tag k="subtype" v="solid" />
    <tag k="type" v="line_thin" />
  </way>
  <way id="1811" visible="true" version="1">
    <nd ref="6519" />
    <nd ref="6518" />
    <nd ref="6517" />
    <tag k="subtype" v="high" />
    <tag k="type" v="curbstone" />
  </way>
  <way id="1812" visible="true" version="1">
    <nd ref="3842" />
    <nd ref="6524" />
    <nd ref="3791" />
    <tag k="subtype" v="high" />
    <tag k="type" v="curbstone" />
  </way>
  <way id="1813" visible="true" version="1">
    <nd ref="4014" />
    <nd ref="6527" />
    <nd ref="3914" />
    <tag k="subtype" v="solid" />
    <tag k="type" v="line_thin" />
  </way>
  <way id="1814" visible="true" version="1">
    <nd ref="3860" />
    <nd ref="6533" />
    <nd ref="3919" />
    <tag k="subtype" v="high" />
    <tag k="type" v="curbstone" />
  </way>
  <way id="1815" visible="true" version="1">
    <nd ref="6536" />
    <nd ref="6535" />
    <nd ref="6560" />
    <tag k="type" v="road_border" />
  </way>
  <way id="1816" visible="true" version="1">
    <nd ref="6543" />
    <nd ref="6542" />
    <nd ref="6541" />
    <tag k="subtype" v="solid" />
    <tag k="type" v="line_thin" />
  </way>
  <way id="1817" visible="true" version="1">
    <nd ref="6548" />
    <nd ref="6547" />
    <nd ref="6546" />
    <tag k="subtype" v="dashed" />
    <tag k="type" v="line_thin" />
  </way>
  <way id="1818" visible="true" version="1">
    <nd ref="6564" />
    <nd ref="6555" />
    <nd ref="6554" />
    <tag k="type" v="road_border" />
  </way>
  <way id="1819" visible="true" version="1">
    <nd ref="6563" />
    <nd ref="6562" />
    <nd ref="6561" />
    <tag k="subtype" v="high" />
    <tag k="type" v="curbstone" />
  </way>
  <way id="1820" visible="true" version="1">
    <nd ref="6574" />
    <nd ref="6573" />
    <nd ref="6572" />
    <tag k="subtype" v="solid" />
    <tag k="type" v="line_thin" />
  </way>
  <way id="1821" visible="true" version="1">
    <nd ref="6579" />
    <nd ref="6578" />
    <nd ref="6577" />
    <tag k="subtype" v="dashed" />
    <tag k="type" v="line_thin" />
  </way>
  <way id="1822" visible="true" version="1">
    <nd ref="6595" />
    <nd ref="6594" />
    <nd ref="6593" />
    <nd ref="6592" />
    <nd ref="6591" />
    <nd ref="6590" />
    <nd ref="6589" />
    <nd ref="6588" />
    <nd ref="6587" />
    <nd ref="6586" />
    <nd ref="2068" />
    <tag k="type" v="road_border" />
  </way>
  <way id="1823" visible="true" version="1">
    <nd ref="6673" />
    <nd ref="6663" />
    <nd ref="6662" />
    <nd ref="6661" />
    <nd ref="6660" />
    <nd ref="6659" />
    <tag k="subtype" v="high" />
    <tag k="type" v="curbstone" />
  </way>
  <way id="1824" visible="true" version="1">
    <nd ref="6669" />
    <nd ref="6668" />
    <nd ref="6667" />
    <tag k="subtype" v="high" />
    <tag k="type" v="curbstone" />
  </way>
  <way id="1825" visible="true" version="1">
    <nd ref="6672" />
    <nd ref="6671" />
    <nd ref="6670" />
    <tag k="type" v="road_border" />
  </way>
  <way id="1826" visible="true" version="1">
    <nd ref="6683" />
    <nd ref="6682" />
    <nd ref="6681" />
    <nd ref="6680" />
    <nd ref="6679" />
    <nd ref="6678" />
    <tag k="subtype" v="solid" />
    <tag k="type" v="line_thin" />
  </way>
  <way id="1827" visible="true" version="1">
    <nd ref="6702" />
    <nd ref="6701" />
    <nd ref="6700" />
    <nd ref="6699" />
    <nd ref="6698" />
    <tag k="subtype" v="solid" />
    <tag k="type" v="line_thick" />
  </way>
  <way id="1828" visible="true" version="1">
    <nd ref="6707" />
    <nd ref="6706" />
    <nd ref="6705" />
    <tag k="type" v="road_border" />
  </way>
  <way id="1829" visible="true" version="1">
    <nd ref="6713" />
    <nd ref="6712" />
    <nd ref="6711" />
    <tag k="subtype" v="solid" />
    <tag k="type" v="line_thin" />
  </way>
  <way id="1830" visible="true" version="1">
    <nd ref="6716" />
    <nd ref="6715" />
    <nd ref="6714" />
    <tag k="subtype" v="dashed" />
    <tag k="type" v="line_thin" />
  </way>
  <way id="1831" visible="true" version="1">
    <nd ref="6719" />
    <nd ref="6718" />
    <nd ref="6717" />
    <tag k="subtype" v="solid" />
    <tag k="type" v="line_thin" />
  </way>
  <way id="1832" visible="true" version="1">
    <nd ref="6722" />
    <nd ref="6721" />
    <nd ref="6720" />
    <tag k="subtype" v="dashed" />
    <tag k="type" v="line_thin" />
  </way>
  <way id="1833" visible="true" version="1">
    <nd ref="6541" />
    <nd ref="6540" />
    <nd ref="6539" />
    <tag k="subtype" v="solid" />
    <tag k="type" v="line_thin" />
  </way>
  <way id="1834" visible="true" version="1">
    <nd ref="6725" />
    <nd ref="6724" />
    <nd ref="6723" />
    <tag k="subtype" v="solid" />
    <tag k="type" v="line_thick" />
  </way>
  <way id="1835" visible="true" version="1">
    <nd ref="6728" />
    <nd ref="6727" />
    <nd ref="6726" />
    <tag k="type" v="road_border" />
  </way>
  <way id="1836" visible="true" version="1">
    <nd ref="6546" />
    <nd ref="6545" />
    <nd ref="6544" />
    <tag k="subtype" v="dashed" />
    <tag k="type" v="line_thin" />
  </way>
  <way id="1837" visible="true" version="1">
    <nd ref="6734" />
    <nd ref="6733" />
    <nd ref="6732" />
    <tag k="subtype" v="solid" />
    <tag k="type" v="line_thin" />
  </way>
  <way id="1838" visible="true" version="1">
    <nd ref="6737" />
    <nd ref="6736" />
    <nd ref="6735" />
    <tag k="subtype" v="dashed" />
    <tag k="type" v="line_thin" />
  </way>
  <way id="1839" visible="true" version="1">
    <nd ref="6551" />
    <nd ref="6550" />
    <nd ref="6549" />
    <tag k="subtype" v="high" />
    <tag k="type" v="curbstone" />
  </way>
  <way id="1840" visible="true" version="1">
    <nd ref="6743" />
    <nd ref="6742" />
    <nd ref="6741" />
    <tag k="subtype" v="dashed" />
    <tag k="type" v="line_thin" />
  </way>
  <way id="1841" visible="true" version="1">
    <nd ref="6746" />
    <nd ref="6745" />
    <nd ref="6744" />
    <tag k="subtype" v="solid" />
    <tag k="type" v="line_thick" />
  </way>
  <way id="1842" visible="true" version="1">
    <nd ref="6582" />
    <nd ref="6581" />
    <nd ref="6580" />
    <tag k="subtype" v="high" />
    <tag k="type" v="curbstone" />
  </way>
  <way id="1843" visible="true" version="1">
    <nd ref="6752" />
    <nd ref="6751" />
    <nd ref="6750" />
    <tag k="subtype" v="high" />
    <tag k="type" v="curbstone" />
  </way>
  <way id="1844" visible="true" version="1">
    <nd ref="6755" />
    <nd ref="6754" />
    <nd ref="6753" />
    <tag k="subtype" v="solid" />
    <tag k="type" v="line_thin" />
  </way>
  <way id="1845" visible="true" version="1">
    <nd ref="6869" />
    <nd ref="6791" />
    <nd ref="6790" />
    <nd ref="6789" />
    <nd ref="6788" />
    <nd ref="6787" />
    <nd ref="6786" />
    <nd ref="6785" />
    <nd ref="6784" />
    <nd ref="6783" />
    <nd ref="6782" />
    <nd ref="6781" />
    <nd ref="6780" />
    <nd ref="6779" />
    <nd ref="6778" />
    <nd ref="6777" />
    <nd ref="6776" />
    <nd ref="6775" />
    <nd ref="6774" />
    <nd ref="6773" />
    <nd ref="6772" />
    <nd ref="6771" />
    <nd ref="6843" />
    <tag k="subtype" v="high" />
    <tag k="type" v="curbstone" />
  </way>
  <way id="1846" visible="true" version="1">
    <nd ref="6577" />
    <nd ref="6576" />
    <nd ref="6575" />
    <tag k="subtype" v="dashed" />
    <tag k="type" v="line_thin" />
  </way>
  <way id="1847" visible="true" version="1">
    <nd ref="6830" />
    <nd ref="6900" />
    <nd ref="6899" />
    <nd ref="6898" />
    <nd ref="6897" />
    <nd ref="6896" />
    <nd ref="6895" />
    <nd ref="6894" />
    <nd ref="6893" />
    <nd ref="6892" />
    <nd ref="6891" />
    <nd ref="6890" />
    <nd ref="6889" />
    <nd ref="6888" />
    <nd ref="6887" />
    <nd ref="6886" />
    <nd ref="6885" />
    <nd ref="6884" />
    <nd ref="6806" />
    <tag k="type" v="road_border" />
  </way>
  <way id="1848" visible="true" version="1">
    <nd ref="6908" />
    <nd ref="6907" />
    <nd ref="6906" />
    <tag k="subtype" v="solid" />
    <tag k="type" v="line_thin" />
  </way>
  <way id="1849" visible="true" version="1">
    <nd ref="6911" />
    <nd ref="6910" />
    <nd ref="6909" />
    <tag k="subtype" v="solid" />
    <tag k="type" v="line_thick" />
  </way>
  <way id="1850" visible="true" version="1">
    <nd ref="7235" />
    <nd ref="7234" />
    <nd ref="7233" />
    <nd ref="7232" />
    <nd ref="7231" />
    <nd ref="7230" />
    <nd ref="7229" />
    <nd ref="7228" />
    <nd ref="2788" />
    <tag k="subtype" v="solid" />
    <tag k="type" v="line_thin" />
  </way>
  <way id="1851" visible="true" version="1">
    <nd ref="7251" />
    <nd ref="7250" />
    <nd ref="7249" />
    <nd ref="7248" />
    <nd ref="7247" />
    <nd ref="7246" />
    <nd ref="7245" />
    <nd ref="7244" />
    <nd ref="2800" />
    <tag k="subtype" v="dashed" />
    <tag k="type" v="line_thin" />
  </way>
  <way id="1852" visible="true" version="1">
    <nd ref="7306" />
    <nd ref="7305" />
    <nd ref="4142" />
    <nd ref="7304" />
    <nd ref="7303" />
    <nd ref="7302" />
    <tag k="subtype" v="solid" />
    <tag k="type" v="line_thick" />
  </way>
  <way id="1853" visible="true" version="1">
    <nd ref="7343" />
    <nd ref="7342" />
    <nd ref="7341" />
    <nd ref="7340" />
    <nd ref="7339" />
    <nd ref="7338" />
    <nd ref="7337" />
    <nd ref="7336" />
    <nd ref="7335" />
    <nd ref="7334" />
    <nd ref="7333" />
    <nd ref="7332" />
    <nd ref="7331" />
    <nd ref="7330" />
    <nd ref="7329" />
    <nd ref="7328" />
    <nd ref="7327" />
    <nd ref="7326" />
    <nd ref="7325" />
    <nd ref="7324" />
    <nd ref="7323" />
    <nd ref="7322" />
    <nd ref="7321" />
    <nd ref="7320" />
    <nd ref="7319" />
    <nd ref="7318" />
    <nd ref="7317" />
    <nd ref="7316" />
    <nd ref="7315" />
    <nd ref="7314" />
    <nd ref="7313" />
    <tag k="type" v="road_border" />
  </way>
  <way id="1854" visible="true" version="1">
    <nd ref="2391" />
    <nd ref="2392" />
    <nd ref="2393" />
    <nd ref="2394" />
    <nd ref="2395" />
    <nd ref="2396" />
    <nd ref="2397" />
    <nd ref="2398" />
    <nd ref="2399" />
    <nd ref="2400" />
    <nd ref="2401" />
    <nd ref="2402" />
    <nd ref="2403" />
    <nd ref="2404" />
    <nd ref="2405" />
    <nd ref="2406" />
    <nd ref="2407" />
    <nd ref="2408" />
    <nd ref="2409" />
    <nd ref="2410" />
    <nd ref="2411" />
    <nd ref="2412" />
    <nd ref="2413" />
    <nd ref="2414" />
    <nd ref="2415" />
    <nd ref="2416" />
    <nd ref="2417" />
    <nd ref="2418" />
    <nd ref="2419" />
    <nd ref="2420" />
    <nd ref="2421" />
    <tag k="subtype" v="high" />
    <tag k="type" v="curbstone" />
  </way>
  <way id="1855" visible="true" version="1">
    <nd ref="4633" />
    <nd ref="2207" />
    <nd ref="2208" />
    <nd ref="2209" />
    <nd ref="2210" />
    <nd ref="2211" />
    <nd ref="2212" />
    <nd ref="2213" />
    <nd ref="2214" />
    <tag k="subtype" v="solid" />
    <tag k="type" v="line_thin" />
  </way>
  <way id="1856" visible="true" version="1">
    <nd ref="4607" />
    <nd ref="2193" />
    <nd ref="2194" />
    <nd ref="2195" />
    <nd ref="2196" />
    <nd ref="2197" />
    <nd ref="2198" />
    <nd ref="2199" />
    <nd ref="2200" />
    <tag k="subtype" v="dashed" />
    <tag k="type" v="line_thin" />
  </way>
  <way id="1857" visible="true" version="1">
    <nd ref="4599" />
    <nd ref="2179" />
    <nd ref="2180" />
    <nd ref="2181" />
    <nd ref="2182" />
    <nd ref="2183" />
    <nd ref="2184" />
    <nd ref="2185" />
    <nd ref="2186" />
    <tag k="subtype" v="solid" />
    <tag k="type" v="line_thick" />
  </way>
  <way id="7543" visible="true" version="1">
    <nd ref="7545" />
    <nd ref="7544" />
    <tag k="subtype" v="right" />
    <tag k="type" v="arrow" />
  </way>
  <way id="7547" visible="true" version="1">
    <nd ref="7618" />
    <nd ref="7617" />
    <tag k="subtype" v="red_yellow_green" />
    <tag k="type" v="traffic_light" />
  </way>
  <way id="7548" visible="true" version="1">
    <nd ref="7614" />
    <nd ref="7613" />
    <tag k="subtype" v="red_yellow_green" />
    <tag k="type" v="traffic_light" />
  </way>
  <way id="7549" visible="true" version="1">
    <nd ref="7616" />
    <nd ref="7615" />
    <tag k="subtype" v="red_yellow_green" />
    <tag k="type" v="traffic_light" />
  </way>
  <way id="7550" visible="true" version="1">
    <nd ref="7620" />
    <nd ref="7619" />
    <tag k="subtype" v="red_yellow_green" />
    <tag k="type" v="traffic_light" />
  </way>
  <way id="7551" visible="true" version="1">
    <nd ref="7582" />
    <nd ref="7581" />
    <tag k="subtype" v="red_yellow_green" />
    <tag k="type" v="traffic_light" />
  </way>
  <way id="7552" visible="true" version="1">
    <nd ref="7588" />
    <nd ref="7587" />
    <tag k="subtype" v="red_yellow_green" />
    <tag k="type" v="traffic_light" />
  </way>
  <way id="7553" visible="true" version="1">
    <nd ref="7580" />
    <nd ref="7579" />
    <tag k="subtype" v="red_yellow_green" />
    <tag k="type" v="traffic_light" />
  </way>
  <way id="7554" visible="true" version="1">
    <nd ref="7586" />
    <nd ref="7585" />
    <tag k="subtype" v="red_yellow_green" />
    <tag k="type" v="traffic_light" />
  </way>
  <way id="7555" visible="true" version="1">
    <nd ref="7584" />
    <nd ref="7583" />
    <tag k="subtype" v="red_yellow_green" />
    <tag k="type" v="traffic_light" />
  </way>
  <way id="7556" visible="true" version="1">
    <nd ref="7590" />
    <nd ref="7589" />
    <tag k="subtype" v="red_yellow_green" />
    <tag k="type" v="traffic_light" />
  </way>
  <way id="7557" visible="true" version="1">
    <nd ref="7628" />
    <nd ref="7627" />
    <tag k="subtype" v="red_yellow_green" />
    <tag k="type" v="traffic_light" />
  </way>
  <way id="7558" visible="true" version="1">
    <nd ref="7622" />
    <nd ref="7621" />
    <tag k="subtype" v="red_yellow_green" />
    <tag k="type" v="traffic_light" />
  </way>
  <way id="7559" visible="true" version="1">
    <nd ref="7624" />
    <nd ref="7623" />
    <tag k="subtype" v="red_yellow_green" />
    <tag k="type" v="traffic_light" />
  </way>
  <way id="7560" visible="true" version="1">
    <nd ref="7626" />
    <nd ref="7625" />
    <tag k="subtype" v="red_yellow_green" />
    <tag k="type" v="traffic_light" />
  </way>
  <way id="7561" visible="true" version="1">
    <nd ref="7630" />
    <nd ref="7629" />
    <tag k="subtype" v="red_yellow_green" />
    <tag k="type" v="traffic_light" />
  </way>
  <way id="7562" visible="true" version="1">
    <nd ref="7592" />
    <nd ref="7591" />
    <tag k="subtype" v="red_yellow_green" />
    <tag k="type" v="traffic_light" />
  </way>
  <way id="7563" visible="true" version="1">
    <nd ref="7594" />
    <nd ref="7593" />
    <tag k="subtype" v="red_yellow_green" />
    <tag k="type" v="traffic_light" />
  </way>
  <way id="7564" visible="true" version="1">
    <nd ref="7596" />
    <nd ref="7595" />
    <tag k="subtype" v="red_yellow_green" />
    <tag k="type" v="traffic_light" />
  </way>
  <way id="7565" visible="true" version="1">
    <nd ref="7598" />
    <nd ref="7597" />
    <tag k="subtype" v="red_yellow_green" />
    <tag k="type" v="traffic_light" />
  </way>
  <way id="7566" visible="true" version="1">
    <nd ref="7600" />
    <nd ref="7599" />
    <tag k="subtype" v="red_yellow_green" />
    <tag k="type" v="traffic_light" />
  </way>
  <way id="7567" visible="true" version="1">
    <nd ref="7602" />
    <nd ref="7601" />
    <tag k="subtype" v="red_yellow_green" />
    <tag k="type" v="traffic_light" />
  </way>
  <way id="7568" visible="true" version="1">
    <nd ref="7604" />
    <nd ref="7603" />
    <tag k="subtype" v="red_yellow_green" />
    <tag k="type" v="traffic_light" />
  </way>
  <way id="7569" visible="true" version="1">
    <nd ref="7606" />
    <nd ref="7605" />
    <tag k="subtype" v="red_yellow_green" />
    <tag k="type" v="traffic_light" />
  </way>
  <way id="7570" visible="true" version="1">
    <nd ref="7608" />
    <nd ref="7607" />
    <tag k="subtype" v="red_yellow_green" />
    <tag k="type" v="traffic_light" />
  </way>
  <way id="7571" visible="true" version="1">
    <nd ref="7610" />
    <nd ref="7609" />
    <tag k="subtype" v="red_yellow_green" />
    <tag k="type" v="traffic_light" />
  </way>
  <way id="7572" visible="true" version="1">
    <nd ref="7612" />
    <nd ref="7611" />
    <tag k="subtype" v="red_yellow_green" />
    <tag k="type" v="traffic_light" />
  </way>
  <way id="7573" visible="true" version="1">
    <nd ref="7576" />
    <nd ref="7575" />
    <tag k="subtype" v="red_yellow_green" />
    <tag k="type" v="traffic_light" />
  </way>
  <way id="7574" visible="true" version="1">
    <nd ref="7578" />
    <nd ref="7577" />
    <tag k="subtype" v="red_yellow_green" />
    <tag k="type" v="traffic_light" />
  </way>
  <relation id="1000" visible="true" version="1">
    <member type="way" ref="1391" role="left" />
    <member type="way" ref="1489" role="right" />
    <tag k="location" v="urban" />
    <tag k="one_way" v="yes" />
    <tag k="region" v="de" />
    <tag k="subtype" v="road" />
    <tag k="type" v="lanelet" />
  </relation>
  <relation id="1001" visible="true" version="1">
    <member type="way" ref="1389" role="left" />
    <member type="way" ref="1391" role="right" />
    <tag k="location" v="urban" />
    <tag k="one_way" v="yes" />
    <tag k="region" v="de" />
    <tag k="subtype" v="road" />
    <tag k="type" v="lanelet" />
  </relation>
  <relation id="1002" visible="true" version="1">
    <member type="way" ref="1679" role="left" />
    <member type="way" ref="1676" role="right" />
    <tag k="location" v="urban" />
    <tag k="one_way" v="yes" />
    <tag k="region" v="de" />
    <tag k="subtype" v="road" />
    <tag k="type" v="lanelet" />
  </relation>
  <relation id="1003" visible="true" version="1">
    <member type="way" ref="1676" role="left" />
    <member type="way" ref="1374" role="right" />
    <tag k="location" v="urban" />
    <tag k="one_way" v="yes" />
    <tag k="region" v="de" />
    <tag k="subtype" v="road" />
    <tag k="type" v="lanelet" />
  </relation>
  <relation id="1004" visible="true" version="1">
    <member type="way" ref="1368" role="left" />
    <member type="way" ref="1580" role="right" />
    <tag k="location" v="urban" />
    <tag k="one_way" v="yes" />
    <tag k="region" v="de" />
    <tag k="subtype" v="road" />
    <tag k="type" v="lanelet" />
  </relation>
  <relation id="1005" visible="true" version="1">
    <member type="way" ref="1597" role="left" />
    <member type="way" ref="1601" role="right" />
    <tag k="location" v="urban" />
    <tag k="one_way" v="yes" />
    <tag k="region" v="de" />
    <tag k="subtype" v="road" />
    <tag k="type" v="lanelet" />
  </relation>
  <relation id="1006" visible="true" version="1">
    <member type="way" ref="1471" role="left" />
    <member type="way" ref="1460" role="right" />
    <tag k="location" v="urban" />
    <tag k="one_way" v="yes" />
    <tag k="region" v="de" />
    <tag k="subtype" v="road" />
    <tag k="type" v="lanelet" />
  </relation>
  <relation id="1007" visible="true" version="1">
    <member type="way" ref="1460" role="left" />
    <member type="way" ref="1450" role="right" />
    <tag k="location" v="urban" />
    <tag k="one_way" v="yes" />
    <tag k="region" v="de" />
    <tag k="subtype" v="road" />
    <tag k="type" v="lanelet" />
  </relation>
  <relation id="1008" visible="true" version="1">
    <member type="way" ref="1601" role="left" />
    <member type="way" ref="1584" role="right" />
    <tag k="location" v="urban" />
    <tag k="one_way" v="yes" />
    <tag k="region" v="de" />
    <tag k="subtype" v="road" />
    <tag k="type" v="lanelet" />
  </relation>
  <relation id="1009" visible="true" version="1">
    <member type="way" ref="1580" role="left" />
    <member type="way" ref="1492" role="right" />
    <tag k="location" v="urban" />
    <tag k="one_way" v="yes" />
    <tag k="region" v="de" />
    <tag k="subtype" v="road" />
    <tag k="type" v="lanelet" />
  </relation>
  <relation id="1010" visible="true" version="1">
    <member type="way" ref="1628" role="left" />
    <member type="way" ref="1654" role="right" />
    <tag k="location" v="urban" />
    <tag k="one_way" v="yes" />
    <tag k="region" v="de" />
    <tag k="subtype" v="road" />
    <tag k="type" v="lanelet" />
  </relation>
  <relation id="1011" visible="true" version="1">
    <member type="way" ref="1432" role="left" />
    <member type="way" ref="1429" role="right" />
    <tag k="location" v="urban" />
    <tag k="one_way" v="yes" />
    <tag k="region" v="de" />
    <tag k="subtype" v="road" />
    <tag k="type" v="lanelet" />
  </relation>
  <relation id="1012" visible="true" version="1">
    <member type="way" ref="1328" role="left" />
    <member type="way" ref="1330" role="right" />
    <tag k="bicycle" v="yes" />
    <tag k="location" v="urban" />
    <tag k="one_way" v="no" />
    <tag k="region" v="de" />
    <tag k="subtype" v="shared_walkway" />
    <tag k="type" v="lanelet" />
  </relation>
  <relation id="1013" visible="true" version="1">
    <member type="way" ref="1331" role="left" />
    <member type="way" ref="1520" role="right" />
    <tag k="bicycle" v="yes" />
    <tag k="location" v="urban" />
    <tag k="one_way" v="no" />
    <tag k="region" v="de" />
    <tag k="subtype" v="shared_walkway" />
    <tag k="type" v="lanelet" />
  </relation>
  <relation id="1014" visible="true" version="1">
    <member type="way" ref="1721" role="left" />
    <member type="way" ref="1621" role="right" />
    <tag k="bicycle" v="yes" />
    <tag k="location" v="urban" />
    <tag k="one_way" v="no" />
    <tag k="region" v="de" />
    <tag k="subtype" v="shared_walkway" />
    <tag k="type" v="lanelet" />
  </relation>
  <relation id="1015" visible="true" version="1">
    <member type="way" ref="1372" role="left" />
    <member type="way" ref="1667" role="right" />
    <tag k="bicycle" v="yes" />
    <tag k="location" v="urban" />
    <tag k="one_way" v="no" />
    <tag k="region" v="de" />
    <tag k="subtype" v="shared_walkway" />
    <tag k="type" v="lanelet" />
  </relation>
  <relation id="1016" visible="true" version="1">
    <member type="way" ref="1538" role="left" />
    <member type="way" ref="1818" role="right" />
    <tag k="bicycle" v="yes" />
    <tag k="location" v="urban" />
    <tag k="one_way" v="no" />
    <tag k="region" v="de" />
    <tag k="subtype" v="shared_walkway" />
    <tag k="type" v="lanelet" />
  </relation>
  <relation id="1017" visible="true" version="1">
    <member type="way" ref="1774" role="left" />
    <member type="way" ref="1403" role="right" />
    <tag k="bicycle" v="yes" />
    <tag k="location" v="urban" />
    <tag k="one_way" v="no" />
    <tag k="region" v="de" />
    <tag k="subtype" v="shared_walkway" />
    <tag k="type" v="lanelet" />
  </relation>
  <relation id="1018" visible="true" version="1">
    <member type="way" ref="1470" role="left" />
    <member type="way" ref="1828" role="right" />
    <tag k="bicycle" v="yes" />
    <tag k="location" v="urban" />
    <tag k="one_way" v="no" />
    <tag k="region" v="de" />
    <tag k="subtype" v="shared_walkway" />
    <tag k="type" v="lanelet" />
  </relation>
  <relation id="1019" visible="true" version="1">
    <member type="way" ref="1545" role="left" />
    <member type="way" ref="1606" role="right" />
    <tag k="bicycle" v="yes" />
    <tag k="location" v="urban" />
    <tag k="one_way" v="no" />
    <tag k="region" v="de" />
    <tag k="subtype" v="shared_walkway" />
    <tag k="type" v="lanelet" />
  </relation>
  <relation id="1020" visible="true" version="1">
    <member type="way" ref="1671" role="left" />
    <member type="way" ref="1835" role="right" />
    <tag k="bicycle" v="yes" />
    <tag k="location" v="urban" />
    <tag k="one_way" v="no" />
    <tag k="region" v="de" />
    <tag k="subtype" v="shared_walkway" />
    <tag k="type" v="lanelet" />
  </relation>
  <relation id="1021" visible="true" version="1">
    <member type="way" ref="1431" role="left" />
    <member type="way" ref="1684" role="right" />
    <tag k="bicycle" v="yes" />
    <tag k="location" v="urban" />
    <tag k="one_way" v="no" />
    <tag k="region" v="de" />
    <tag k="subtype" v="shared_walkway" />
    <tag k="type" v="lanelet" />
  </relation>
  <relation id="1022" visible="true" version="1">
    <member type="way" ref="1694" role="left" />
    <member type="way" ref="1605" role="right" />
    <tag k="bicycle" v="yes" />
    <tag k="location" v="urban" />
    <tag k="one_way" v="no" />
    <tag k="region" v="de" />
    <tag k="subtype" v="shared_walkway" />
    <tag k="type" v="lanelet" />
  </relation>
  <relation id="1023" visible="true" version="1">
    <member type="way" ref="1425" role="left" />
    <member type="way" ref="1426" role="right" />
    <tag k="bicycle" v="yes" />
    <tag k="location" v="urban" />
    <tag k="one_way" v="no" />
    <tag k="region" v="de" />
    <tag k="subtype" v="shared_walkway" />
    <tag k="type" v="lanelet" />
  </relation>
  <relation id="1024" visible="true" version="1">
    <member type="way" ref="1393" role="left" />
    <member type="way" ref="1395" role="right" />
    <tag k="bicycle" v="yes" />
    <tag k="location" v="urban" />
    <tag k="one_way" v="no" />
    <tag k="region" v="de" />
    <tag k="subtype" v="shared_walkway" />
    <tag k="type" v="lanelet" />
  </relation>
  <relation id="1025" visible="true" version="1">
    <member type="way" ref="1462" role="left" />
    <member type="way" ref="1381" role="right" />
    <tag k="bicycle" v="yes" />
    <tag k="location" v="urban" />
    <tag k="one_way" v="no" />
    <tag k="region" v="de" />
    <tag k="subtype" v="shared_walkway" />
    <tag k="type" v="lanelet" />
  </relation>
  <relation id="1026" visible="true" version="1">
    <member type="way" ref="1338" role="left" />
    <member type="way" ref="1449" role="right" />
    <tag k="bicycle" v="yes" />
    <tag k="location" v="urban" />
    <tag k="one_way" v="no" />
    <tag k="region" v="de" />
    <tag k="subtype" v="shared_walkway" />
    <tag k="type" v="lanelet" />
  </relation>
  <relation id="1027" visible="true" version="1">
    <member type="way" ref="1809" role="left" />
    <member type="way" ref="1602" role="right" />
    <tag k="location" v="urban" />
    <tag k="one_way" v="yes" />
    <tag k="region" v="de" />
    <tag k="subtype" v="road" />
    <tag k="type" v="lanelet" />
  </relation>
  <relation id="1028" visible="true" version="1">
    <member type="way" ref="1811" role="left" />
    <member type="way" ref="1585" role="right" />
    <member type="relation" ref="7520" role="regulatory_element" />
    <tag k="location" v="urban" />
    <tag k="one_way" v="yes" />
    <tag k="region" v="de" />
    <tag k="subtype" v="road" />
    <tag k="type" v="lanelet" />
  </relation>
  <relation id="1029" visible="true" version="1">
    <member type="way" ref="1706" role="left" />
    <member type="way" ref="1705" role="right" />
    <tag k="location" v="urban" />
    <tag k="one_way" v="yes" />
    <tag k="region" v="de" />
    <tag k="subtype" v="road" />
    <tag k="type" v="lanelet" />
  </relation>
  <relation id="1030" visible="true" version="1">
    <member type="way" ref="1703" role="left" />
    <member type="way" ref="1702" role="right" />
    <tag k="location" v="urban" />
    <tag k="one_way" v="yes" />
    <tag k="region" v="de" />
    <tag k="subtype" v="road" />
    <tag k="type" v="lanelet" />
  </relation>
  <relation id="1031" visible="true" version="1">
    <member type="way" ref="1704" role="left" />
    <member type="way" ref="1703" role="right" />
    <tag k="location" v="urban" />
    <tag k="one_way" v="yes" />
    <tag k="region" v="de" />
    <tag k="subtype" v="road" />
    <tag k="type" v="lanelet" />
  </relation>
  <relation id="1032" visible="true" version="1">
    <member type="way" ref="1333" role="left" />
    <member type="way" ref="1430" role="right" />
    <tag k="location" v="urban" />
    <tag k="one_way" v="yes" />
    <tag k="region" v="de" />
    <tag k="subtype" v="road" />
    <tag k="type" v="lanelet" />
  </relation>
  <relation id="1033" visible="true" version="1">
    <member type="way" ref="1802" role="left" />
    <member type="way" ref="1392" role="right" />
    <tag k="bicycle" v="yes" />
    <tag k="location" v="urban" />
    <tag k="one_way" v="no" />
    <tag k="region" v="de" />
    <tag k="subtype" v="shared_walkway" />
    <tag k="type" v="lanelet" />
  </relation>
  <relation id="1034" visible="true" version="1">
    <member type="way" ref="1397" role="left" />
    <member type="way" ref="1796" role="right" />
    <tag k="location" v="urban" />
    <tag k="one_way" v="yes" />
    <tag k="region" v="de" />
    <tag k="subtype" v="road" />
    <tag k="type" v="lanelet" />
  </relation>
  <relation id="1035" visible="true" version="1">
    <member type="way" ref="1814" role="left" />
    <member type="way" ref="1386" role="right" />
    <tag k="location" v="urban" />
    <tag k="one_way" v="yes" />
    <tag k="region" v="de" />
    <tag k="subtype" v="road" />
    <tag k="type" v="lanelet" />
  </relation>
  <relation id="1036" visible="true" version="1">
    <member type="way" ref="1719" role="left" />
    <member type="way" ref="1718" role="right" />
    <tag k="location" v="urban" />
    <tag k="one_way" v="yes" />
    <tag k="region" v="de" />
    <tag k="subtype" v="road" />
    <tag k="type" v="lanelet" />
  </relation>
  <relation id="1037" visible="true" version="1">
    <member type="way" ref="1362" role="left" />
    <member type="way" ref="1434" role="right" />
    <tag k="location" v="urban" />
    <tag k="one_way" v="yes" />
    <tag k="region" v="de" />
    <tag k="subtype" v="road" />
    <tag k="type" v="lanelet" />
  </relation>
  <relation id="1038" visible="true" version="1">
    <member type="way" ref="1720" role="left" />
    <member type="way" ref="1626" role="right" />
    <tag k="location" v="urban" />
    <tag k="one_way" v="yes" />
    <tag k="region" v="de" />
    <tag k="subtype" v="road" />
    <tag k="type" v="lanelet" />
  </relation>
  <relation id="1039" visible="true" version="1">
    <member type="way" ref="1529" role="left" />
    <member type="way" ref="1342" role="right" />
    <member type="relation" ref="7515" role="regulatory_element" />
    <tag k="location" v="urban" />
    <tag k="one_way" v="yes" />
    <tag k="region" v="de" />
    <tag k="subtype" v="road" />
    <tag k="type" v="lanelet" />
  </relation>
  <relation id="1040" visible="true" version="1">
    <member type="way" ref="1724" role="left" />
    <member type="way" ref="1623" role="right" />
    <tag k="location" v="urban" />
    <tag k="one_way" v="yes" />
    <tag k="region" v="de" />
    <tag k="subtype" v="road" />
    <tag k="type" v="lanelet" />
  </relation>
  <relation id="1041" visible="true" version="1">
    <member type="way" ref="1414" role="left" />
    <member type="way" ref="1411" role="right" />
    <member type="relation" ref="7524" role="regulatory_element" />
    <tag k="location" v="urban" />
    <tag k="one_way" v="yes" />
    <tag k="region" v="de" />
    <tag k="subtype" v="road" />
    <tag k="type" v="lanelet" />
  </relation>
  <relation id="1042" visible="true" version="1">
    <member type="way" ref="1708" role="left" />
    <member type="way" ref="1707" role="right" />
    <tag k="location" v="urban" />
    <tag k="one_way" v="yes" />
    <tag k="region" v="de" />
    <tag k="subtype" v="road" />
    <tag k="type" v="lanelet" />
  </relation>
  <relation id="1043" visible="true" version="1">
    <member type="way" ref="1342" role="left" />
    <member type="way" ref="1340" role="right" />
    <member type="relation" ref="7518" role="regulatory_element" />
    <tag k="location" v="urban" />
    <tag k="one_way" v="yes" />
    <tag k="region" v="de" />
    <tag k="subtype" v="road" />
    <tag k="type" v="lanelet" />
  </relation>
  <relation id="1044" visible="true" version="1">
    <member type="way" ref="1456" role="left" />
    <member type="way" ref="1414" role="right" />
    <member type="relation" ref="7533" role="regulatory_element" />
    <tag k="location" v="urban" />
    <tag k="one_way" v="yes" />
    <tag k="region" v="de" />
    <tag k="subtype" v="road" />
    <tag k="type" v="lanelet" />
  </relation>
  <relation id="1045" visible="true" version="1">
    <member type="way" ref="1723" role="left" />
    <member type="way" ref="1722" role="right" />
    <tag k="location" v="urban" />
    <tag k="one_way" v="yes" />
    <tag k="region" v="de" />
    <tag k="subtype" v="road" />
    <tag k="type" v="lanelet" />
  </relation>
  <relation id="1046" visible="true" version="1">
    <member type="way" ref="1367" role="left" />
    <member type="way" ref="1304" role="right" />
    <tag k="location" v="urban" />
    <tag k="one_way" v="yes" />
    <tag k="region" v="de" />
    <tag k="subtype" v="road" />
    <tag k="type" v="lanelet" />
  </relation>
  <relation id="1047" visible="true" version="1">
    <member type="way" ref="1678" role="left" />
    <member type="way" ref="1367" role="right" />
    <tag k="location" v="urban" />
    <tag k="one_way" v="yes" />
    <tag k="region" v="de" />
    <tag k="subtype" v="road" />
    <tag k="type" v="lanelet" />
  </relation>
  <relation id="1048" visible="true" version="1">
    <member type="way" ref="1430" role="left" />
    <member type="way" ref="1332" role="right" />
    <tag k="location" v="urban" />
    <tag k="one_way" v="yes" />
    <tag k="region" v="de" />
    <tag k="subtype" v="road" />
    <tag k="type" v="lanelet" />
  </relation>
  <relation id="1049" visible="true" version="1">
    <member type="way" ref="1486" role="left" />
    <member type="way" ref="1542" role="right" />
    <tag k="bicycle" v="yes" />
    <tag k="location" v="urban" />
    <tag k="one_way" v="no" />
    <tag k="region" v="de" />
    <tag k="subtype" v="shared_walkway" />
    <tag k="type" v="lanelet" />
  </relation>
  <relation id="1050" visible="true" version="1">
    <member type="way" ref="1578" role="left" />
    <member type="way" ref="1675" role="right" />
    <tag k="location" v="urban" />
    <tag k="one_way" v="yes" />
    <tag k="region" v="de" />
    <tag k="subtype" v="road" />
    <tag k="type" v="lanelet" />
  </relation>
  <relation id="1051" visible="true" version="1">
    <member type="way" ref="1856" role="left" />
    <member type="way" ref="1855" role="right" />
    <tag k="location" v="urban" />
    <tag k="one_way" v="yes" />
    <tag k="region" v="de" />
    <tag k="subtype" v="road" />
    <tag k="type" v="lanelet" />
  </relation>
  <relation id="1052" visible="true" version="1">
    <member type="way" ref="1744" role="left" />
    <member type="way" ref="1743" role="right" />
    <tag k="location" v="urban" />
    <tag k="one_way" v="yes" />
    <tag k="region" v="de" />
    <tag k="subtype" v="road" />
    <tag k="type" v="lanelet" />
  </relation>
  <relation id="1053" visible="true" version="1">
    <member type="way" ref="1439" role="left" />
    <member type="way" ref="1578" role="right" />
    <tag k="location" v="urban" />
    <tag k="one_way" v="yes" />
    <tag k="region" v="de" />
    <tag k="subtype" v="road" />
    <tag k="type" v="lanelet" />
  </relation>
  <relation id="1054" visible="true" version="1">
    <member type="way" ref="1857" role="left" />
    <member type="way" ref="1856" role="right" />
    <tag k="location" v="urban" />
    <tag k="one_way" v="yes" />
    <tag k="region" v="de" />
    <tag k="subtype" v="road" />
    <tag k="type" v="lanelet" />
  </relation>
  <relation id="1055" visible="true" version="1">
    <member type="way" ref="1738" role="left" />
    <member type="way" ref="1737" role="right" />
    <tag k="location" v="urban" />
    <tag k="one_way" v="yes" />
    <tag k="region" v="de" />
    <tag k="subtype" v="road" />
    <tag k="type" v="lanelet" />
  </relation>
  <relation id="1056" visible="true" version="1">
    <member type="way" ref="1585" role="left" />
    <member type="way" ref="1810" role="right" />
    <member type="relation" ref="7517" role="regulatory_element" />
    <tag k="location" v="urban" />
    <tag k="one_way" v="yes" />
    <tag k="region" v="de" />
    <tag k="subtype" v="road" />
    <tag k="type" v="lanelet" />
  </relation>
  <relation id="1057" visible="true" version="1">
    <member type="way" ref="1416" role="left" />
    <member type="way" ref="1635" role="right" />
    <tag k="location" v="urban" />
    <tag k="one_way" v="yes" />
    <tag k="region" v="de" />
    <tag k="subtype" v="road" />
    <tag k="type" v="lanelet" />
  </relation>
  <relation id="1058" visible="true" version="1">
    <member type="way" ref="1546" role="left" />
    <member type="way" ref="1416" role="right" />
    <tag k="location" v="urban" />
    <tag k="one_way" v="yes" />
    <tag k="region" v="de" />
    <tag k="subtype" v="road" />
    <tag k="type" v="lanelet" />
  </relation>
  <relation id="1059" visible="true" version="1">
    <member type="way" ref="1441" role="left" />
    <member type="way" ref="1303" role="right" />
    <tag k="location" v="urban" />
    <tag k="one_way" v="yes" />
    <tag k="region" v="de" />
    <tag k="subtype" v="road" />
    <tag k="type" v="lanelet" />
  </relation>
  <relation id="1060" visible="true" version="1">
    <member type="way" ref="1746" role="left" />
    <member type="way" ref="1745" role="right" />
    <tag k="location" v="urban" />
    <tag k="one_way" v="yes" />
    <tag k="region" v="de" />
    <tag k="subtype" v="road" />
    <tag k="type" v="lanelet" />
  </relation>
  <relation id="1061" visible="true" version="1">
    <member type="way" ref="1557" role="left" />
    <member type="way" ref="1530" role="right" />
    <member type="relation" ref="7535" role="regulatory_element" />
    <tag k="location" v="urban" />
    <tag k="one_way" v="yes" />
    <tag k="region" v="de" />
    <tag k="subtype" v="road" />
    <tag k="type" v="lanelet" />
  </relation>
  <relation id="1062" visible="true" version="1">
    <member type="way" ref="1736" role="left" />
    <member type="way" ref="1735" role="right" />
    <tag k="location" v="urban" />
    <tag k="one_way" v="yes" />
    <tag k="region" v="de" />
    <tag k="subtype" v="road" />
    <tag k="type" v="lanelet" />
  </relation>
  <relation id="1063" visible="true" version="1">
    <member type="way" ref="1485" role="left" />
    <member type="way" ref="1541" role="right" />
    <tag k="location" v="urban" />
    <tag k="one_way" v="yes" />
    <tag k="region" v="de" />
    <tag k="subtype" v="road" />
    <tag k="type" v="lanelet" />
  </relation>
  <relation id="1064" visible="true" version="1">
    <member type="way" ref="1681" role="left" />
    <member type="way" ref="1851" role="right" />
    <tag k="location" v="urban" />
    <tag k="one_way" v="yes" />
    <tag k="region" v="de" />
    <tag k="subtype" v="road" />
    <tag k="type" v="lanelet" />
  </relation>
  <relation id="1065" visible="true" version="1">
    <member type="way" ref="1359" role="left" />
    <member type="way" ref="1358" role="right" />
    <tag k="location" v="urban" />
    <tag k="one_way" v="yes" />
    <tag k="region" v="de" />
    <tag k="subtype" v="road" />
    <tag k="type" v="lanelet" />
  </relation>
  <relation id="1066" visible="true" version="1">
    <member type="way" ref="1650" role="left" />
    <member type="way" ref="1572" role="right" />
    <tag k="location" v="urban" />
    <tag k="one_way" v="yes" />
    <tag k="region" v="de" />
    <tag k="subtype" v="road" />
    <tag k="type" v="lanelet" />
  </relation>
  <relation id="1067" visible="true" version="1">
    <member type="way" ref="1435" role="left" />
    <member type="way" ref="1455" role="right" />
    <tag k="location" v="urban" />
    <tag k="one_way" v="yes" />
    <tag k="region" v="de" />
    <tag k="subtype" v="road" />
    <tag k="type" v="lanelet" />
  </relation>
  <relation id="1068" visible="true" version="1">
    <member type="way" ref="1742" role="left" />
    <member type="way" ref="1741" role="right" />
    <tag k="location" v="urban" />
    <tag k="one_way" v="yes" />
    <tag k="region" v="de" />
    <tag k="subtype" v="road" />
    <tag k="type" v="lanelet" />
  </relation>
  <relation id="1069" visible="true" version="1">
    <member type="way" ref="1567" role="left" />
    <member type="way" ref="1582" role="right" />
    <tag k="bicycle" v="yes" />
    <tag k="location" v="urban" />
    <tag k="one_way" v="no" />
    <tag k="region" v="de" />
    <tag k="subtype" v="shared_walkway" />
    <tag k="type" v="lanelet" />
  </relation>
  <relation id="1070" visible="true" version="1">
    <member type="way" ref="1423" role="left" />
    <member type="way" ref="1446" role="right" />
    <tag k="location" v="urban" />
    <tag k="one_way" v="yes" />
    <tag k="region" v="de" />
    <tag k="subtype" v="road" />
    <tag k="type" v="lanelet" />
  </relation>
  <relation id="1071" visible="true" version="1">
    <member type="way" ref="1636" role="left" />
    <member type="way" ref="1576" role="right" />
    <member type="relation" ref="7509" role="regulatory_element" />
    <tag k="location" v="urban" />
    <tag k="one_way" v="yes" />
    <tag k="region" v="de" />
    <tag k="subtype" v="road" />
    <tag k="type" v="lanelet" />
  </relation>
  <relation id="1072" visible="true" version="1">
    <member type="way" ref="1467" role="left" />
    <member type="way" ref="1474" role="right" />
    <tag k="bicycle" v="yes" />
    <tag k="location" v="urban" />
    <tag k="one_way" v="no" />
    <tag k="region" v="de" />
    <tag k="subtype" v="shared_walkway" />
    <tag k="type" v="lanelet" />
  </relation>
  <relation id="1073" visible="true" version="1">
    <member type="way" ref="1419" role="left" />
    <member type="way" ref="1423" role="right" />
    <tag k="location" v="urban" />
    <tag k="one_way" v="yes" />
    <tag k="region" v="de" />
    <tag k="subtype" v="road" />
    <tag k="type" v="lanelet" />
  </relation>
  <relation id="1074" visible="true" version="1">
    <member type="way" ref="1357" role="left" />
    <member type="way" ref="1636" role="right" />
    <tag k="location" v="urban" />
    <tag k="one_way" v="yes" />
    <tag k="region" v="de" />
    <tag k="subtype" v="road" />
    <tag k="type" v="lanelet" />
  </relation>
  <relation id="1075" visible="true" version="1">
    <member type="way" ref="1849" role="left" />
    <member type="way" ref="1844" role="right" />
    <tag k="location" v="urban" />
    <tag k="one_way" v="yes" />
    <tag k="region" v="de" />
    <tag k="subtype" v="road" />
    <tag k="type" v="lanelet" />
  </relation>
  <relation id="1076" visible="true" version="1">
    <member type="way" ref="1544" role="left" />
    <member type="way" ref="1552" role="right" />
    <tag k="location" v="urban" />
    <tag k="one_way" v="yes" />
    <tag k="region" v="de" />
    <tag k="subtype" v="road" />
    <tag k="type" v="lanelet" />
  </relation>
  <relation id="1077" visible="true" version="1">
    <member type="way" ref="1594" role="left" />
    <member type="way" ref="1409" role="right" />
    <tag k="location" v="urban" />
    <tag k="one_way" v="yes" />
    <tag k="region" v="de" />
    <tag k="subtype" v="road" />
    <tag k="type" v="lanelet" />
  </relation>
  <relation id="1078" visible="true" version="1">
    <member type="way" ref="1465" role="left" />
    <member type="way" ref="1345" role="right" />
    <tag k="location" v="urban" />
    <tag k="one_way" v="yes" />
    <tag k="region" v="de" />
    <tag k="subtype" v="road" />
    <tag k="type" v="lanelet" />
  </relation>
  <relation id="1079" visible="true" version="1">
    <member type="way" ref="1849" role="left" />
    <member type="way" ref="1848" role="right" />
    <tag k="location" v="urban" />
    <tag k="one_way" v="yes" />
    <tag k="region" v="de" />
    <tag k="subtype" v="road" />
    <tag k="type" v="lanelet" />
  </relation>
  <relation id="1080" visible="true" version="1">
    <member type="way" ref="1613" role="left" />
    <member type="way" ref="1533" role="right" />
    <tag k="bicycle" v="yes" />
    <tag k="location" v="urban" />
    <tag k="one_way" v="no" />
    <tag k="region" v="de" />
    <tag k="subtype" v="shared_walkway" />
    <tag k="type" v="lanelet" />
  </relation>
  <relation id="1081" visible="true" version="1">
    <member type="way" ref="1552" role="left" />
    <member type="way" ref="1525" role="right" />
    <tag k="location" v="urban" />
    <tag k="one_way" v="yes" />
    <tag k="region" v="de" />
    <tag k="subtype" v="road" />
    <tag k="type" v="lanelet" />
  </relation>
  <relation id="1082" visible="true" version="1">
    <member type="way" ref="1781" role="left" />
    <member type="way" ref="1780" role="right" />
    <tag k="location" v="urban" />
    <tag k="one_way" v="yes" />
    <tag k="region" v="de" />
    <tag k="subtype" v="road" />
    <tag k="type" v="lanelet" />
  </relation>
  <relation id="1083" visible="true" version="1">
    <member type="way" ref="1345" role="left" />
    <member type="way" ref="1347" role="right" />
    <tag k="location" v="urban" />
    <tag k="one_way" v="yes" />
    <tag k="region" v="de" />
    <tag k="subtype" v="road" />
    <tag k="type" v="lanelet" />
  </relation>
  <relation id="1084" visible="true" version="1">
    <member type="way" ref="1795" role="left" />
    <member type="way" ref="1587" role="right" />
    <tag k="location" v="urban" />
    <tag k="one_way" v="yes" />
    <tag k="region" v="de" />
    <tag k="subtype" v="road" />
    <tag k="type" v="lanelet" />
  </relation>
  <relation id="1085" visible="true" version="1">
    <member type="way" ref="1838" role="left" />
    <member type="way" ref="1837" role="right" />
    <member type="relation" ref="7511" role="regulatory_element" />
    <tag k="location" v="urban" />
    <tag k="one_way" v="yes" />
    <tag k="region" v="de" />
    <tag k="subtype" v="road" />
    <tag k="type" v="lanelet" />
  </relation>
  <relation id="1086" visible="true" version="1">
    <member type="way" ref="1387" role="left" />
    <member type="way" ref="1385" role="right" />
    <tag k="bicycle" v="yes" />
    <tag k="location" v="urban" />
    <tag k="one_way" v="no" />
    <tag k="region" v="de" />
    <tag k="subtype" v="shared_walkway" />
    <tag k="type" v="lanelet" />
  </relation>
  <relation id="1087" visible="true" version="1">
    <member type="way" ref="1397" role="left" />
    <member type="way" ref="1795" role="right" />
    <tag k="location" v="urban" />
    <tag k="one_way" v="yes" />
    <tag k="region" v="de" />
    <tag k="subtype" v="road" />
    <tag k="type" v="lanelet" />
  </relation>
  <relation id="1088" visible="true" version="1">
    <member type="way" ref="1796" role="left" />
    <member type="way" ref="1512" role="right" />
    <tag k="location" v="urban" />
    <tag k="one_way" v="yes" />
    <tag k="region" v="de" />
    <tag k="subtype" v="road" />
    <tag k="type" v="lanelet" />
  </relation>
  <relation id="1089" visible="true" version="1">
    <member type="way" ref="1386" role="left" />
    <member type="way" ref="1813" role="right" />
    <tag k="location" v="urban" />
    <tag k="one_way" v="yes" />
    <tag k="region" v="de" />
    <tag k="subtype" v="road" />
    <tag k="type" v="lanelet" />
  </relation>
  <relation id="1090" visible="true" version="1">
    <member type="way" ref="1528" role="left" />
    <member type="way" ref="1789" role="right" />
    <tag k="location" v="urban" />
    <tag k="one_way" v="yes" />
    <tag k="region" v="de" />
    <tag k="subtype" v="road" />
    <tag k="type" v="lanelet" />
  </relation>
  <relation id="1091" visible="true" version="1">
    <member type="way" ref="1396" role="left" />
    <member type="way" ref="1481" role="right" />
    <tag k="bicycle" v="yes" />
    <tag k="location" v="urban" />
    <tag k="one_way" v="no" />
    <tag k="region" v="de" />
    <tag k="subtype" v="shared_walkway" />
    <tag k="type" v="lanelet" />
  </relation>
  <relation id="1092" visible="true" version="1">
    <member type="way" ref="1794" role="left" />
    <member type="way" ref="1793" role="right" />
    <tag k="location" v="urban" />
    <tag k="one_way" v="yes" />
    <tag k="region" v="de" />
    <tag k="subtype" v="road" />
    <tag k="type" v="lanelet" />
  </relation>
  <relation id="1093" visible="true" version="1">
    <member type="way" ref="1433" role="left" />
    <member type="way" ref="1432" role="right" />
    <tag k="location" v="urban" />
    <tag k="one_way" v="yes" />
    <tag k="region" v="de" />
    <tag k="subtype" v="road" />
    <tag k="type" v="lanelet" />
  </relation>
  <relation id="1094" visible="true" version="1">
    <member type="way" ref="1817" role="left" />
    <member type="way" ref="1816" role="right" />
    <tag k="location" v="urban" />
    <tag k="one_way" v="yes" />
    <tag k="region" v="de" />
    <tag k="subtype" v="road" />
    <tag k="type" v="lanelet" />
  </relation>
  <relation id="1095" visible="true" version="1">
    <member type="way" ref="1453" role="left" />
    <member type="way" ref="1524" role="right" />
    <tag k="bicycle" v="yes" />
    <tag k="location" v="urban" />
    <tag k="one_way" v="no" />
    <tag k="region" v="de" />
    <tag k="subtype" v="shared_walkway" />
    <tag k="type" v="lanelet" />
  </relation>
  <relation id="1096" visible="true" version="1">
    <member type="way" ref="1595" role="left" />
    <member type="way" ref="1516" role="right" />
    <tag k="bicycle" v="yes" />
    <tag k="location" v="urban" />
    <tag k="one_way" v="no" />
    <tag k="region" v="de" />
    <tag k="subtype" v="shared_walkway" />
    <tag k="type" v="lanelet" />
  </relation>
  <relation id="1097" visible="true" version="1">
    <member type="way" ref="1535" role="left" />
    <member type="way" ref="1560" role="right" />
    <tag k="bicycle" v="yes" />
    <tag k="location" v="urban" />
    <tag k="one_way" v="no" />
    <tag k="region" v="de" />
    <tag k="subtype" v="shared_walkway" />
    <tag k="type" v="lanelet" />
  </relation>
  <relation id="1098" visible="true" version="1">
    <member type="way" ref="1380" role="left" />
    <member type="way" ref="1749" role="right" />
    <tag k="location" v="urban" />
    <tag k="one_way" v="yes" />
    <tag k="region" v="de" />
    <tag k="subtype" v="road" />
    <tag k="type" v="lanelet" />
  </relation>
  <relation id="1099" visible="true" version="1">
    <member type="way" ref="1569" role="left" />
    <member type="way" ref="1586" role="right" />
    <tag k="location" v="urban" />
    <tag k="one_way" v="yes" />
    <tag k="region" v="de" />
    <tag k="subtype" v="road" />
    <tag k="type" v="lanelet" />
  </relation>
  <relation id="1100" visible="true" version="1">
    <member type="way" ref="1747" role="left" />
    <member type="way" ref="1746" role="right" />
    <tag k="location" v="urban" />
    <tag k="one_way" v="yes" />
    <tag k="region" v="de" />
    <tag k="subtype" v="road" />
    <tag k="type" v="lanelet" />
  </relation>
  <relation id="1101" visible="true" version="1">
    <member type="way" ref="1650" role="left" />
    <member type="way" ref="1590" role="right" />
    <tag k="location" v="urban" />
    <tag k="one_way" v="yes" />
    <tag k="region" v="de" />
    <tag k="subtype" v="road" />
    <tag k="type" v="lanelet" />
  </relation>
  <relation id="1102" visible="true" version="1">
    <member type="way" ref="1514" role="left" />
    <member type="way" ref="1557" role="right" />
    <member type="relation" ref="7537" role="regulatory_element" />
    <tag k="location" v="urban" />
    <tag k="one_way" v="yes" />
    <tag k="region" v="de" />
    <tag k="subtype" v="road" />
    <tag k="type" v="lanelet" />
  </relation>
  <relation id="1103" visible="true" version="1">
    <member type="way" ref="1570" role="left" />
    <member type="way" ref="1792" role="right" />
    <tag k="location" v="urban" />
    <tag k="one_way" v="yes" />
    <tag k="region" v="de" />
    <tag k="subtype" v="road" />
    <tag k="type" v="lanelet" />
  </relation>
  <relation id="1104" visible="true" version="1">
    <member type="way" ref="1805" role="left" />
    <member type="way" ref="1804" role="right" />
    <tag k="location" v="urban" />
    <tag k="one_way" v="yes" />
    <tag k="region" v="de" />
    <tag k="subtype" v="road" />
    <tag k="type" v="lanelet" />
  </relation>
  <relation id="1105" visible="true" version="1">
    <member type="way" ref="1555" role="left" />
    <member type="way" ref="1547" role="right" />
    <member type="relation" ref="7521" role="regulatory_element" />
    <tag k="location" v="urban" />
    <tag k="one_way" v="yes" />
    <tag k="region" v="de" />
    <tag k="subtype" v="road" />
    <tag k="type" v="lanelet" />
  </relation>
  <relation id="1106" visible="true" version="1">
    <member type="way" ref="1564" role="left" />
    <member type="way" ref="1483" role="right" />
    <tag k="location" v="urban" />
    <tag k="one_way" v="yes" />
    <tag k="region" v="de" />
    <tag k="subtype" v="road" />
    <tag k="type" v="lanelet" />
  </relation>
  <relation id="1107" visible="true" version="1">
    <member type="way" ref="1321" role="left" />
    <member type="way" ref="1725" role="right" />
    <tag k="location" v="urban" />
    <tag k="one_way" v="yes" />
    <tag k="region" v="de" />
    <tag k="subtype" v="road" />
    <tag k="type" v="lanelet" />
  </relation>
  <relation id="1108" visible="true" version="1">
    <member type="way" ref="1360" role="left" />
    <member type="way" ref="1485" role="right" />
    <tag k="location" v="urban" />
    <tag k="one_way" v="yes" />
    <tag k="region" v="de" />
    <tag k="subtype" v="road" />
    <tag k="type" v="lanelet" />
  </relation>
  <relation id="1109" visible="true" version="1">
    <member type="way" ref="1851" role="left" />
    <member type="way" ref="1850" role="right" />
    <tag k="location" v="urban" />
    <tag k="one_way" v="yes" />
    <tag k="region" v="de" />
    <tag k="subtype" v="road" />
    <tag k="type" v="lanelet" />
  </relation>
  <relation id="1110" visible="true" version="1">
    <member type="way" ref="1836" role="left" />
    <member type="way" ref="1833" role="right" />
    <member type="relation" ref="7516" role="regulatory_element" />
    <tag k="location" v="urban" />
    <tag k="one_way" v="yes" />
    <tag k="region" v="de" />
    <tag k="subtype" v="road" />
    <tag k="type" v="lanelet" />
  </relation>
  <relation id="1111" visible="true" version="1">
    <member type="way" ref="1586" role="left" />
    <member type="way" ref="1511" role="right" />
    <tag k="location" v="urban" />
    <tag k="one_way" v="yes" />
    <tag k="region" v="de" />
    <tag k="subtype" v="road" />
    <tag k="type" v="lanelet" />
  </relation>
  <relation id="1112" visible="true" version="1">
    <member type="way" ref="1832" role="left" />
    <member type="way" ref="1831" role="right" />
    <member type="relation" ref="7540" role="regulatory_element" />
    <tag k="location" v="urban" />
    <tag k="one_way" v="yes" />
    <tag k="region" v="de" />
    <tag k="subtype" v="road" />
    <tag k="type" v="lanelet" />
  </relation>
  <relation id="1113" visible="true" version="1">
    <member type="way" ref="1631" role="left" />
    <member type="way" ref="1359" role="right" />
    <tag k="location" v="urban" />
    <tag k="one_way" v="yes" />
    <tag k="region" v="de" />
    <tag k="subtype" v="road" />
    <tag k="type" v="lanelet" />
  </relation>
  <relation id="1114" visible="true" version="1">
    <member type="way" ref="1318" role="left" />
    <member type="way" ref="1630" role="right" />
    <tag k="bicycle" v="yes" />
    <tag k="location" v="urban" />
    <tag k="one_way" v="no" />
    <tag k="region" v="de" />
    <tag k="subtype" v="shared_walkway" />
    <tag k="type" v="lanelet" />
  </relation>
  <relation id="1115" visible="true" version="1">
    <member type="way" ref="1750" role="left" />
    <member type="way" ref="1380" role="right" />
    <tag k="location" v="urban" />
    <tag k="one_way" v="yes" />
    <tag k="region" v="de" />
    <tag k="subtype" v="road" />
    <tag k="type" v="lanelet" />
  </relation>
  <relation id="1116" visible="true" version="1">
    <member type="way" ref="1384" role="left" />
    <member type="way" ref="1748" role="right" />
    <tag k="location" v="urban" />
    <tag k="one_way" v="yes" />
    <tag k="region" v="de" />
    <tag k="subtype" v="road" />
    <tag k="type" v="lanelet" />
  </relation>
  <relation id="1117" visible="true" version="1">
    <member type="way" ref="1839" role="left" />
    <member type="way" ref="1836" role="right" />
    <member type="relation" ref="7541" role="regulatory_element" />
    <tag k="location" v="urban" />
    <tag k="one_way" v="yes" />
    <tag k="region" v="de" />
    <tag k="subtype" v="road" />
    <tag k="type" v="lanelet" />
  </relation>
  <relation id="1118" visible="true" version="1">
    <member type="way" ref="1834" role="left" />
    <member type="way" ref="1832" role="right" />
    <member type="relation" ref="7538" role="regulatory_element" />
    <tag k="location" v="urban" />
    <tag k="one_way" v="yes" />
    <tag k="region" v="de" />
    <tag k="subtype" v="road" />
    <tag k="type" v="lanelet" />
  </relation>
  <relation id="1119" visible="true" version="1">
    <member type="way" ref="1747" role="left" />
    <member type="way" ref="1384" role="right" />
    <tag k="location" v="urban" />
    <tag k="one_way" v="yes" />
    <tag k="region" v="de" />
    <tag k="subtype" v="road" />
    <tag k="type" v="lanelet" />
  </relation>
  <relation id="1120" visible="true" version="1">
    <member type="way" ref="1371" role="left" />
    <member type="way" ref="1821" role="right" />
    <tag k="location" v="urban" />
    <tag k="one_way" v="yes" />
    <tag k="region" v="de" />
    <tag k="subtype" v="road" />
    <tag k="type" v="lanelet" />
  </relation>
  <relation id="1121" visible="true" version="1">
    <member type="way" ref="1662" role="left" />
    <member type="way" ref="1655" role="right" />
    <tag k="bicycle" v="yes" />
    <tag k="location" v="urban" />
    <tag k="one_way" v="no" />
    <tag k="region" v="de" />
    <tag k="subtype" v="shared_walkway" />
    <tag k="type" v="lanelet" />
  </relation>
  <relation id="1122" visible="true" version="1">
    <member type="way" ref="1834" role="left" />
    <member type="way" ref="1830" role="right" />
    <tag k="location" v="urban" />
    <tag k="one_way" v="yes" />
    <tag k="region" v="de" />
    <tag k="subtype" v="road" />
    <tag k="type" v="lanelet" />
  </relation>
  <relation id="1123" visible="true" version="1">
    <member type="way" ref="1731" role="left" />
    <member type="way" ref="1515" role="right" />
    <tag k="location" v="urban" />
    <tag k="one_way" v="yes" />
    <tag k="region" v="de" />
    <tag k="subtype" v="road" />
    <tag k="type" v="lanelet" />
  </relation>
  <relation id="1124" visible="true" version="1">
    <member type="way" ref="1821" role="left" />
    <member type="way" ref="1820" role="right" />
    <tag k="location" v="urban" />
    <tag k="one_way" v="yes" />
    <tag k="region" v="de" />
    <tag k="subtype" v="road" />
    <tag k="type" v="lanelet" />
  </relation>
  <relation id="1125" visible="true" version="1">
    <member type="way" ref="1830" role="left" />
    <member type="way" ref="1829" role="right" />
    <tag k="location" v="urban" />
    <tag k="one_way" v="yes" />
    <tag k="region" v="de" />
    <tag k="subtype" v="road" />
    <tag k="type" v="lanelet" />
  </relation>
  <relation id="1126" visible="true" version="1">
    <member type="way" ref="1685" role="left" />
    <member type="way" ref="1344" role="right" />
    <member type="relation" ref="7539" role="regulatory_element" />
    <tag k="location" v="urban" />
    <tag k="one_way" v="yes" />
    <tag k="region" v="de" />
    <tag k="subtype" v="road" />
    <tag k="type" v="lanelet" />
  </relation>
  <relation id="1127" visible="true" version="1">
    <member type="way" ref="1777" role="left" />
    <member type="way" ref="1775" role="right" />
    <tag k="location" v="urban" />
    <tag k="one_way" v="yes" />
    <tag k="region" v="de" />
    <tag k="subtype" v="road" />
    <tag k="type" v="lanelet" />
  </relation>
  <relation id="1128" visible="true" version="1">
    <member type="way" ref="1438" role="left" />
    <member type="way" ref="1326" role="right" />
    <member type="relation" ref="7526" role="regulatory_element" />
    <tag k="location" v="urban" />
    <tag k="one_way" v="yes" />
    <tag k="region" v="de" />
    <tag k="subtype" v="road" />
    <tag k="type" v="lanelet" />
  </relation>
  <relation id="1129" visible="true" version="1">
    <member type="way" ref="1842" role="left" />
    <member type="way" ref="1846" role="right" />
    <member type="relation" ref="7513" role="regulatory_element" />
    <tag k="location" v="urban" />
    <tag k="one_way" v="yes" />
    <tag k="region" v="de" />
    <tag k="subtype" v="road" />
    <tag k="type" v="lanelet" />
  </relation>
  <relation id="1130" visible="true" version="1">
    <member type="way" ref="1759" role="left" />
    <member type="way" ref="1339" role="right" />
    <tag k="location" v="urban" />
    <tag k="one_way" v="yes" />
    <tag k="region" v="de" />
    <tag k="subtype" v="road" />
    <tag k="type" v="lanelet" />
  </relation>
  <relation id="1131" visible="true" version="1">
    <member type="way" ref="1726" role="left" />
    <member type="way" ref="1321" role="right" />
    <tag k="location" v="urban" />
    <tag k="one_way" v="yes" />
    <tag k="region" v="de" />
    <tag k="subtype" v="road" />
    <tag k="type" v="lanelet" />
  </relation>
  <relation id="1132" visible="true" version="1">
    <member type="way" ref="1310" role="left" />
    <member type="way" ref="1628" role="right" />
    <tag k="location" v="urban" />
    <tag k="one_way" v="yes" />
    <tag k="region" v="de" />
    <tag k="subtype" v="road" />
    <tag k="type" v="lanelet" />
  </relation>
  <relation id="1133" visible="true" version="1">
    <member type="way" ref="1846" role="left" />
    <member type="way" ref="1639" role="right" />
    <member type="relation" ref="7529" role="regulatory_element" />
    <tag k="location" v="urban" />
    <tag k="one_way" v="yes" />
    <tag k="region" v="de" />
    <tag k="subtype" v="road" />
    <tag k="type" v="lanelet" />
  </relation>
  <relation id="1134" visible="true" version="1">
    <member type="way" ref="1637" role="left" />
    <member type="way" ref="1424" role="right" />
    <tag k="location" v="urban" />
    <tag k="one_way" v="yes" />
    <tag k="region" v="de" />
    <tag k="subtype" v="road" />
    <tag k="type" v="lanelet" />
  </relation>
  <relation id="1135" visible="true" version="1">
    <member type="way" ref="1563" role="left" />
    <member type="way" ref="1618" role="right" />
    <tag k="location" v="urban" />
    <tag k="one_way" v="yes" />
    <tag k="region" v="de" />
    <tag k="subtype" v="road" />
    <tag k="type" v="lanelet" />
  </relation>
  <relation id="1136" visible="true" version="1">
    <member type="way" ref="1801" role="left" />
    <member type="way" ref="1800" role="right" />
    <tag k="location" v="urban" />
    <tag k="one_way" v="yes" />
    <tag k="region" v="de" />
    <tag k="subtype" v="road" />
    <tag k="type" v="lanelet" />
  </relation>
  <relation id="1137" visible="true" version="1">
    <member type="way" ref="1490" role="left" />
    <member type="way" ref="1799" role="right" />
    <tag k="location" v="urban" />
    <tag k="one_way" v="yes" />
    <tag k="region" v="de" />
    <tag k="subtype" v="road" />
    <tag k="type" v="lanelet" />
  </relation>
  <relation id="1138" visible="true" version="1">
    <member type="way" ref="1717" role="left" />
    <member type="way" ref="1716" role="right" />
    <tag k="location" v="urban" />
    <tag k="one_way" v="yes" />
    <tag k="region" v="de" />
    <tag k="subtype" v="road" />
    <tag k="type" v="lanelet" />
  </relation>
  <relation id="1139" visible="true" version="1">
    <member type="way" ref="1665" role="left" />
    <member type="way" ref="1564" role="right" />
    <tag k="location" v="urban" />
    <tag k="one_way" v="yes" />
    <tag k="region" v="de" />
    <tag k="subtype" v="road" />
    <tag k="type" v="lanelet" />
  </relation>
  <relation id="1140" visible="true" version="1">
    <member type="way" ref="1527" role="left" />
    <member type="way" ref="1555" role="right" />
    <member type="relation" ref="7531" role="regulatory_element" />
    <tag k="location" v="urban" />
    <tag k="one_way" v="yes" />
    <tag k="region" v="de" />
    <tag k="subtype" v="road" />
    <tag k="type" v="lanelet" />
  </relation>
  <relation id="1141" visible="true" version="1">
    <member type="way" ref="1641" role="left" />
    <member type="way" ref="1637" role="right" />
    <tag k="location" v="urban" />
    <tag k="one_way" v="yes" />
    <tag k="region" v="de" />
    <tag k="subtype" v="road" />
    <tag k="type" v="lanelet" />
  </relation>
  <relation id="1142" visible="true" version="1">
    <member type="way" ref="1407" role="left" />
    <member type="way" ref="1563" role="right" />
    <tag k="location" v="urban" />
    <tag k="one_way" v="yes" />
    <tag k="region" v="de" />
    <tag k="subtype" v="road" />
    <tag k="type" v="lanelet" />
  </relation>
  <relation id="1143" visible="true" version="1">
    <member type="way" ref="1797" role="left" />
    <member type="way" ref="1798" role="right" />
    <tag k="bicycle" v="yes" />
    <tag k="location" v="urban" />
    <tag k="one_way" v="no" />
    <tag k="region" v="de" />
    <tag k="subtype" v="shared_walkway" />
    <tag k="type" v="lanelet" />
  </relation>
  <relation id="1144" visible="true" version="1">
    <member type="way" ref="1482" role="left" />
    <member type="way" ref="1394" role="right" />
    <tag k="location" v="urban" />
    <tag k="one_way" v="yes" />
    <tag k="region" v="de" />
    <tag k="subtype" v="road" />
    <tag k="type" v="lanelet" />
  </relation>
  <relation id="1145" visible="true" version="1">
    <member type="way" ref="1377" role="left" />
    <member type="way" ref="1484" role="right" />
    <tag k="location" v="urban" />
    <tag k="one_way" v="yes" />
    <tag k="region" v="de" />
    <tag k="subtype" v="road" />
    <tag k="type" v="lanelet" />
  </relation>
  <relation id="1146" visible="true" version="1">
    <member type="way" ref="1539" role="left" />
    <member type="way" ref="1698" role="right" />
    <tag k="bicycle" v="yes" />
    <tag k="location" v="urban" />
    <tag k="one_way" v="no" />
    <tag k="region" v="de" />
    <tag k="subtype" v="shared_walkway" />
    <tag k="type" v="lanelet" />
  </relation>
  <relation id="1147" visible="true" version="1">
    <member type="way" ref="1710" role="left" />
    <member type="way" ref="1709" role="right" />
    <tag k="location" v="urban" />
    <tag k="one_way" v="yes" />
    <tag k="region" v="de" />
    <tag k="subtype" v="road" />
    <tag k="type" v="lanelet" />
  </relation>
  <relation id="1148" visible="true" version="1">
    <member type="way" ref="1418" role="left" />
    <member type="way" ref="1711" role="right" />
    <tag k="location" v="urban" />
    <tag k="one_way" v="yes" />
    <tag k="region" v="de" />
    <tag k="subtype" v="road" />
    <tag k="type" v="lanelet" />
  </relation>
  <relation id="1149" visible="true" version="1">
    <member type="way" ref="1344" role="left" />
    <member type="way" ref="1596" role="right" />
    <member type="relation" ref="7530" role="regulatory_element" />
    <tag k="location" v="urban" />
    <tag k="one_way" v="yes" />
    <tag k="region" v="de" />
    <tag k="subtype" v="road" />
    <tag k="type" v="lanelet" />
  </relation>
  <relation id="1150" visible="true" version="1">
    <member type="way" ref="1765" role="left" />
    <member type="way" ref="1764" role="right" />
    <tag k="location" v="urban" />
    <tag k="one_way" v="yes" />
    <tag k="region" v="de" />
    <tag k="subtype" v="road" />
    <tag k="type" v="lanelet" />
  </relation>
  <relation id="1151" visible="true" version="1">
    <member type="way" ref="1715" role="left" />
    <member type="way" ref="1714" role="right" />
    <tag k="location" v="urban" />
    <tag k="one_way" v="yes" />
    <tag k="region" v="de" />
    <tag k="subtype" v="road" />
    <tag k="type" v="lanelet" />
  </relation>
  <relation id="1152" visible="true" version="1">
    <member type="way" ref="1339" role="left" />
    <member type="way" ref="1412" role="right" />
    <tag k="location" v="urban" />
    <tag k="one_way" v="yes" />
    <tag k="region" v="de" />
    <tag k="subtype" v="road" />
    <tag k="type" v="lanelet" />
  </relation>
  <relation id="1153" visible="true" version="1">
    <member type="way" ref="1608" role="left" />
    <member type="way" ref="1607" role="right" />
    <tag k="location" v="urban" />
    <tag k="one_way" v="yes" />
    <tag k="region" v="de" />
    <tag k="subtype" v="road" />
    <tag k="type" v="lanelet" />
  </relation>
  <relation id="1154" visible="true" version="1">
    <member type="way" ref="1713" role="left" />
    <member type="way" ref="1712" role="right" />
    <tag k="location" v="urban" />
    <tag k="one_way" v="yes" />
    <tag k="region" v="de" />
    <tag k="subtype" v="road" />
    <tag k="type" v="lanelet" />
  </relation>
  <relation id="1155" visible="true" version="1">
    <member type="way" ref="1355" role="left" />
    <member type="way" ref="1438" role="right" />
    <member type="relation" ref="7527" role="regulatory_element" />
    <tag k="location" v="urban" />
    <tag k="one_way" v="yes" />
    <tag k="region" v="de" />
    <tag k="subtype" v="road" />
    <tag k="type" v="lanelet" />
  </relation>
  <relation id="1156" visible="true" version="1">
    <member type="way" ref="1378" role="left" />
    <member type="way" ref="1817" role="right" />
    <tag k="location" v="urban" />
    <tag k="one_way" v="yes" />
    <tag k="region" v="de" />
    <tag k="subtype" v="road" />
    <tag k="type" v="lanelet" />
  </relation>
  <relation id="1157" visible="true" version="1">
    <member type="way" ref="1497" role="left" />
    <member type="way" ref="1421" role="right" />
    <member type="relation" ref="7519" role="regulatory_element" />
    <tag k="location" v="urban" />
    <tag k="one_way" v="yes" />
    <tag k="region" v="de" />
    <tag k="subtype" v="road" />
    <tag k="type" v="lanelet" />
  </relation>
  <relation id="1158" visible="true" version="1">
    <member type="way" ref="1592" role="left" />
    <member type="way" ref="1497" role="right" />
    <member type="relation" ref="7514" role="regulatory_element" />
    <tag k="location" v="urban" />
    <tag k="one_way" v="yes" />
    <tag k="region" v="de" />
    <tag k="subtype" v="road" />
    <tag k="type" v="lanelet" />
  </relation>
  <relation id="1159" visible="true" version="1">
    <member type="way" ref="1308" role="left" />
    <member type="way" ref="1309" role="right" />
    <tag k="location" v="urban" />
    <tag k="one_way" v="yes" />
    <tag k="region" v="de" />
    <tag k="subtype" v="road" />
    <tag k="type" v="lanelet" />
  </relation>
  <relation id="1160" visible="true" version="1">
    <member type="way" ref="1298" role="left" />
    <member type="way" ref="1526" role="right" />
    <tag k="bicycle" v="yes" />
    <tag k="location" v="urban" />
    <tag k="one_way" v="no" />
    <tag k="region" v="de" />
    <tag k="subtype" v="shared_walkway" />
    <tag k="type" v="lanelet" />
  </relation>
  <relation id="1161" visible="true" version="1">
    <member type="way" ref="1734" role="left" />
    <member type="way" ref="1733" role="right" />
    <tag k="location" v="urban" />
    <tag k="one_way" v="yes" />
    <tag k="region" v="de" />
    <tag k="subtype" v="road" />
    <tag k="type" v="lanelet" />
  </relation>
  <relation id="1162" visible="true" version="1">
    <member type="way" ref="1455" role="left" />
    <member type="way" ref="1575" role="right" />
    <tag k="location" v="urban" />
    <tag k="one_way" v="yes" />
    <tag k="region" v="de" />
    <tag k="subtype" v="road" />
    <tag k="type" v="lanelet" />
  </relation>
  <relation id="1163" visible="true" version="1">
    <member type="way" ref="1740" role="left" />
    <member type="way" ref="1739" role="right" />
    <tag k="location" v="urban" />
    <tag k="one_way" v="yes" />
    <tag k="region" v="de" />
    <tag k="subtype" v="road" />
    <tag k="type" v="lanelet" />
  </relation>
  <relation id="1164" visible="true" version="1">
    <member type="way" ref="1506" role="left" />
    <member type="way" ref="1758" role="right" />
    <tag k="location" v="urban" />
    <tag k="one_way" v="yes" />
    <tag k="region" v="de" />
    <tag k="subtype" v="road" />
    <tag k="type" v="lanelet" />
  </relation>
  <relation id="1165" visible="true" version="1">
    <member type="way" ref="1700" role="left" />
    <member type="way" ref="1540" role="right" />
    <tag k="bicycle" v="yes" />
    <tag k="location" v="urban" />
    <tag k="one_way" v="no" />
    <tag k="region" v="de" />
    <tag k="subtype" v="shared_walkway" />
    <tag k="type" v="lanelet" />
  </relation>
  <relation id="1166" visible="true" version="1">
    <member type="way" ref="1612" role="left" />
    <member type="way" ref="1343" role="right" />
    <tag k="location" v="urban" />
    <tag k="one_way" v="yes" />
    <tag k="region" v="de" />
    <tag k="subtype" v="road" />
    <tag k="type" v="lanelet" />
  </relation>
  <relation id="1167" visible="true" version="1">
    <member type="way" ref="1574" role="left" />
    <member type="way" ref="1466" role="right" />
    <tag k="bicycle" v="yes" />
    <tag k="location" v="urban" />
    <tag k="one_way" v="no" />
    <tag k="region" v="de" />
    <tag k="subtype" v="shared_walkway" />
    <tag k="type" v="lanelet" />
  </relation>
  <relation id="1168" visible="true" version="1">
    <member type="way" ref="1477" role="left" />
    <member type="way" ref="1469" role="right" />
    <tag k="bicycle" v="yes" />
    <tag k="location" v="urban" />
    <tag k="one_way" v="no" />
    <tag k="region" v="de" />
    <tag k="subtype" v="shared_walkway" />
    <tag k="type" v="lanelet" />
  </relation>
  <relation id="1169" visible="true" version="1">
    <member type="way" ref="1758" role="left" />
    <member type="way" ref="1756" role="right" />
    <tag k="location" v="urban" />
    <tag k="one_way" v="yes" />
    <tag k="region" v="de" />
    <tag k="subtype" v="road" />
    <tag k="type" v="lanelet" />
  </relation>
  <relation id="1170" visible="true" version="1">
    <member type="way" ref="1428" role="left" />
    <member type="way" ref="1427" role="right" />
    <tag k="bicycle" v="yes" />
    <tag k="location" v="urban" />
    <tag k="one_way" v="no" />
    <tag k="region" v="de" />
    <tag k="subtype" v="shared_walkway" />
    <tag k="type" v="lanelet" />
  </relation>
  <relation id="1171" visible="true" version="1">
    <member type="way" ref="1579" role="left" />
    <member type="way" ref="1612" role="right" />
    <tag k="location" v="urban" />
    <tag k="one_way" v="yes" />
    <tag k="region" v="de" />
    <tag k="subtype" v="road" />
    <tag k="type" v="lanelet" />
  </relation>
  <relation id="1172" visible="true" version="1">
    <member type="way" ref="1568" role="left" />
    <member type="way" ref="1296" role="right" />
    <tag k="location" v="urban" />
    <tag k="one_way" v="yes" />
    <tag k="region" v="de" />
    <tag k="subtype" v="road" />
    <tag k="type" v="lanelet" />
  </relation>
  <relation id="1173" visible="true" version="1">
    <member type="way" ref="1476" role="left" />
    <member type="way" ref="1614" role="right" />
    <tag k="bicycle" v="yes" />
    <tag k="location" v="urban" />
    <tag k="one_way" v="no" />
    <tag k="region" v="de" />
    <tag k="subtype" v="shared_walkway" />
    <tag k="type" v="lanelet" />
  </relation>
  <relation id="1174" visible="true" version="1">
    <member type="way" ref="1773" role="left" />
    <member type="way" ref="1405" role="right" />
    <tag k="location" v="urban" />
    <tag k="one_way" v="yes" />
    <tag k="region" v="de" />
    <tag k="subtype" v="road" />
    <tag k="type" v="lanelet" />
  </relation>
  <relation id="1175" visible="true" version="1">
    <member type="way" ref="1779" role="left" />
    <member type="way" ref="1778" role="right" />
    <tag k="location" v="urban" />
    <tag k="one_way" v="yes" />
    <tag k="region" v="de" />
    <tag k="subtype" v="road" />
    <tag k="type" v="lanelet" />
  </relation>
  <relation id="1176" visible="true" version="1">
    <member type="way" ref="1778" role="left" />
    <member type="way" ref="1401" role="right" />
    <tag k="location" v="urban" />
    <tag k="one_way" v="yes" />
    <tag k="region" v="de" />
    <tag k="subtype" v="road" />
    <tag k="type" v="lanelet" />
  </relation>
  <relation id="1177" visible="true" version="1">
    <member type="way" ref="1761" role="left" />
    <member type="way" ref="1760" role="right" />
    <tag k="location" v="urban" />
    <tag k="one_way" v="yes" />
    <tag k="region" v="de" />
    <tag k="subtype" v="road" />
    <tag k="type" v="lanelet" />
  </relation>
  <relation id="1178" visible="true" version="1">
    <member type="way" ref="1769" role="left" />
    <member type="way" ref="1767" role="right" />
    <tag k="location" v="urban" />
    <tag k="one_way" v="yes" />
    <tag k="region" v="de" />
    <tag k="subtype" v="road" />
    <tag k="type" v="lanelet" />
  </relation>
  <relation id="1179" visible="true" version="1">
    <member type="way" ref="1770" role="left" />
    <member type="way" ref="1448" role="right" />
    <tag k="location" v="urban" />
    <tag k="one_way" v="yes" />
    <tag k="region" v="de" />
    <tag k="subtype" v="road" />
    <tag k="type" v="lanelet" />
  </relation>
  <relation id="1180" visible="true" version="1">
    <member type="way" ref="1762" role="left" />
    <member type="way" ref="1496" role="right" />
    <tag k="location" v="urban" />
    <tag k="one_way" v="yes" />
    <tag k="region" v="de" />
    <tag k="subtype" v="road" />
    <tag k="type" v="lanelet" />
  </relation>
  <relation id="1181" visible="true" version="1">
    <member type="way" ref="1771" role="left" />
    <member type="way" ref="1312" role="right" />
    <tag k="location" v="urban" />
    <tag k="one_way" v="yes" />
    <tag k="region" v="de" />
    <tag k="subtype" v="road" />
    <tag k="type" v="lanelet" />
  </relation>
  <relation id="1182" visible="true" version="1">
    <member type="way" ref="1766" role="left" />
    <member type="way" ref="1648" role="right" />
    <tag k="location" v="urban" />
    <tag k="one_way" v="yes" />
    <tag k="region" v="de" />
    <tag k="subtype" v="road" />
    <tag k="type" v="lanelet" />
  </relation>
  <relation id="1183" visible="true" version="1">
    <member type="way" ref="1780" role="left" />
    <member type="way" ref="1399" role="right" />
    <tag k="location" v="urban" />
    <tag k="one_way" v="yes" />
    <tag k="region" v="de" />
    <tag k="subtype" v="road" />
    <tag k="type" v="lanelet" />
  </relation>
  <relation id="1184" visible="true" version="1">
    <member type="way" ref="1757" role="left" />
    <member type="way" ref="1591" role="right" />
    <tag k="location" v="urban" />
    <tag k="one_way" v="yes" />
    <tag k="region" v="de" />
    <tag k="subtype" v="road" />
    <tag k="type" v="lanelet" />
  </relation>
  <relation id="1185" visible="true" version="1">
    <member type="way" ref="1434" role="left" />
    <member type="way" ref="1454" role="right" />
    <tag k="location" v="urban" />
    <tag k="one_way" v="yes" />
    <tag k="region" v="de" />
    <tag k="subtype" v="road" />
    <tag k="type" v="lanelet" />
  </relation>
  <relation id="1186" visible="true" version="1">
    <member type="way" ref="1591" role="left" />
    <member type="way" ref="1415" role="right" />
    <tag k="location" v="urban" />
    <tag k="one_way" v="yes" />
    <tag k="region" v="de" />
    <tag k="subtype" v="road" />
    <tag k="type" v="lanelet" />
  </relation>
  <relation id="1187" visible="true" version="1">
    <member type="way" ref="1602" role="left" />
    <member type="way" ref="1808" role="right" />
    <tag k="location" v="urban" />
    <tag k="one_way" v="yes" />
    <tag k="region" v="de" />
    <tag k="subtype" v="road" />
    <tag k="type" v="lanelet" />
  </relation>
  <relation id="1188" visible="true" version="1">
    <member type="way" ref="1611" role="left" />
    <member type="way" ref="1608" role="right" />
    <tag k="location" v="urban" />
    <tag k="one_way" v="yes" />
    <tag k="region" v="de" />
    <tag k="subtype" v="road" />
    <tag k="type" v="lanelet" />
  </relation>
  <relation id="1189" visible="true" version="1">
    <member type="way" ref="1296" role="left" />
    <member type="way" ref="1297" role="right" />
    <tag k="location" v="urban" />
    <tag k="one_way" v="yes" />
    <tag k="region" v="de" />
    <tag k="subtype" v="road" />
    <tag k="type" v="lanelet" />
  </relation>
  <relation id="1190" visible="true" version="1">
    <member type="way" ref="1459" role="left" />
    <member type="way" ref="1468" role="right" />
    <tag k="bicycle" v="yes" />
    <tag k="location" v="urban" />
    <tag k="one_way" v="no" />
    <tag k="region" v="de" />
    <tag k="subtype" v="shared_walkway" />
    <tag k="type" v="lanelet" />
  </relation>
  <relation id="1191" visible="true" version="1">
    <member type="way" ref="1320" role="left" />
    <member type="way" ref="1622" role="right" />
    <tag k="location" v="urban" />
    <tag k="one_way" v="yes" />
    <tag k="region" v="de" />
    <tag k="subtype" v="road" />
    <tag k="type" v="lanelet" />
  </relation>
  <relation id="1192" visible="true" version="1">
    <member type="way" ref="1382" role="left" />
    <member type="way" ref="1815" role="right" />
    <tag k="bicycle" v="yes" />
    <tag k="location" v="urban" />
    <tag k="one_way" v="no" />
    <tag k="region" v="de" />
    <tag k="subtype" v="shared_walkway" />
    <tag k="type" v="lanelet" />
  </relation>
  <relation id="1193" visible="true" version="1">
    <member type="way" ref="1629" role="left" />
    <member type="way" ref="1320" role="right" />
    <tag k="location" v="urban" />
    <tag k="one_way" v="yes" />
    <tag k="region" v="de" />
    <tag k="subtype" v="road" />
    <tag k="type" v="lanelet" />
  </relation>
  <relation id="1194" visible="true" version="1">
    <member type="way" ref="1772" role="left" />
    <member type="way" ref="1311" role="right" />
    <tag k="bicycle" v="yes" />
    <tag k="location" v="urban" />
    <tag k="one_way" v="no" />
    <tag k="region" v="de" />
    <tag k="subtype" v="shared_walkway" />
    <tag k="type" v="lanelet" />
  </relation>
  <relation id="1195" visible="true" version="1">
    <member type="way" ref="1500" role="left" />
    <member type="way" ref="1314" role="right" />
    <member type="relation" ref="7534" role="regulatory_element" />
    <tag k="location" v="urban" />
    <tag k="one_way" v="yes" />
    <tag k="region" v="de" />
    <tag k="subtype" v="road" />
    <tag k="type" v="lanelet" />
  </relation>
  <relation id="1196" visible="true" version="1">
    <member type="way" ref="1369" role="left" />
    <member type="way" ref="1551" role="right" />
    <tag k="bicycle" v="yes" />
    <tag k="location" v="urban" />
    <tag k="one_way" v="no" />
    <tag k="region" v="de" />
    <tag k="subtype" v="shared_walkway" />
    <tag k="type" v="lanelet" />
  </relation>
  <relation id="1197" visible="true" version="1">
    <member type="way" ref="1303" role="left" />
    <member type="way" ref="1444" role="right" />
    <tag k="location" v="urban" />
    <tag k="one_way" v="yes" />
    <tag k="region" v="de" />
    <tag k="subtype" v="road" />
    <tag k="type" v="lanelet" />
  </relation>
  <relation id="1198" visible="true" version="1">
    <member type="way" ref="1314" role="left" />
    <member type="way" ref="1659" role="right" />
    <member type="relation" ref="7536" role="regulatory_element" />
    <tag k="location" v="urban" />
    <tag k="one_way" v="yes" />
    <tag k="region" v="de" />
    <tag k="subtype" v="road" />
    <tag k="type" v="lanelet" />
  </relation>
  <relation id="1199" visible="true" version="1">
    <member type="way" ref="1390" role="left" />
    <member type="way" ref="1803" role="right" />
    <tag k="bicycle" v="yes" />
    <tag k="location" v="urban" />
    <tag k="one_way" v="no" />
    <tag k="region" v="de" />
    <tag k="subtype" v="shared_walkway" />
    <tag k="type" v="lanelet" />
  </relation>
  <relation id="1200" visible="true" version="1">
    <member type="way" ref="1824" role="left" />
    <member type="way" ref="1324" role="right" />
    <tag k="bicycle" v="yes" />
    <tag k="location" v="urban" />
    <tag k="one_way" v="no" />
    <tag k="region" v="de" />
    <tag k="subtype" v="shared_walkway" />
    <tag k="type" v="lanelet" />
  </relation>
  <relation id="1201" visible="true" version="1">
    <member type="way" ref="1852" role="left" />
    <member type="way" ref="1408" role="right" />
    <tag k="location" v="urban" />
    <tag k="one_way" v="yes" />
    <tag k="region" v="de" />
    <tag k="subtype" v="road" />
    <tag k="type" v="lanelet" />
  </relation>
  <relation id="1203" visible="true" version="1">
    <member type="way" ref="1751" role="left" />
    <member type="way" ref="1377" role="right" />
    <tag k="location" v="urban" />
    <tag k="one_way" v="yes" />
    <tag k="region" v="de" />
    <tag k="subtype" v="road" />
    <tag k="type" v="lanelet" />
  </relation>
  <relation id="1204" visible="true" version="1">
    <member type="way" ref="1306" role="left" />
    <member type="way" ref="1559" role="right" />
    <tag k="bicycle" v="yes" />
    <tag k="location" v="urban" />
    <tag k="one_way" v="no" />
    <tag k="region" v="de" />
    <tag k="subtype" v="shared_walkway" />
    <tag k="type" v="lanelet" />
  </relation>
  <relation id="1205" visible="true" version="1">
    <member type="way" ref="1329" role="left" />
    <member type="way" ref="1327" role="right" />
    <tag k="location" v="urban" />
    <tag k="one_way" v="yes" />
    <tag k="region" v="de" />
    <tag k="subtype" v="road" />
    <tag k="type" v="lanelet" />
  </relation>
  <relation id="1206" visible="true" version="1">
    <member type="way" ref="1841" role="left" />
    <member type="way" ref="1838" role="right" />
    <member type="relation" ref="7512" role="regulatory_element" />
    <tag k="location" v="urban" />
    <tag k="one_way" v="yes" />
    <tag k="region" v="de" />
    <tag k="subtype" v="road" />
    <tag k="type" v="lanelet" />
  </relation>
  <relation id="1207" visible="true" version="1">
    <member type="way" ref="1647" role="left" />
    <member type="way" ref="1768" role="right" />
    <tag k="bicycle" v="yes" />
    <tag k="location" v="urban" />
    <tag k="one_way" v="no" />
    <tag k="region" v="de" />
    <tag k="subtype" v="shared_walkway" />
    <tag k="type" v="lanelet" />
  </relation>
  <relation id="1208" visible="true" version="1">
    <member type="way" ref="1652" role="left" />
    <member type="way" ref="1464" role="right" />
    <tag k="bicycle" v="yes" />
    <tag k="location" v="urban" />
    <tag k="one_way" v="no" />
    <tag k="region" v="de" />
    <tag k="subtype" v="shared_walkway" />
    <tag k="type" v="lanelet" />
  </relation>
  <relation id="1209" visible="true" version="1">
    <member type="way" ref="1327" role="left" />
    <member type="way" ref="1325" role="right" />
    <tag k="location" v="urban" />
    <tag k="one_way" v="yes" />
    <tag k="region" v="de" />
    <tag k="subtype" v="road" />
    <tag k="type" v="lanelet" />
  </relation>
  <relation id="1210" visible="true" version="1">
    <member type="way" ref="1317" role="left" />
    <member type="way" ref="1319" role="right" />
    <tag k="bicycle" v="yes" />
    <tag k="location" v="urban" />
    <tag k="one_way" v="no" />
    <tag k="region" v="de" />
    <tag k="subtype" v="shared_walkway" />
    <tag k="type" v="lanelet" />
  </relation>
  <relation id="1211" visible="true" version="1">
    <member type="way" ref="1728" role="left" />
    <member type="way" ref="1316" role="right" />
    <tag k="location" v="urban" />
    <tag k="one_way" v="yes" />
    <tag k="region" v="de" />
    <tag k="subtype" v="road" />
    <tag k="type" v="lanelet" />
  </relation>
  <relation id="1212" visible="true" version="1">
    <member type="way" ref="1408" role="left" />
    <member type="way" ref="1410" role="right" />
    <tag k="location" v="urban" />
    <tag k="one_way" v="yes" />
    <tag k="region" v="de" />
    <tag k="subtype" v="road" />
    <tag k="type" v="lanelet" />
  </relation>
  <relation id="1213" visible="true" version="1">
    <member type="way" ref="1561" role="left" />
    <member type="way" ref="1782" role="right" />
    <member type="relation" ref="7525" role="regulatory_element" />
    <tag k="location" v="urban" />
    <tag k="one_way" v="yes" />
    <tag k="region" v="de" />
    <tag k="subtype" v="road" />
    <tag k="type" v="lanelet" />
  </relation>
  <relation id="1214" visible="true" version="1">
    <member type="way" ref="1422" role="left" />
    <member type="way" ref="1473" role="right" />
    <tag k="bicycle" v="yes" />
    <tag k="location" v="urban" />
    <tag k="one_way" v="no" />
    <tag k="region" v="de" />
    <tag k="subtype" v="shared_walkway" />
    <tag k="type" v="lanelet" />
  </relation>
  <relation id="1215" visible="true" version="1">
    <member type="way" ref="1406" role="left" />
    <member type="way" ref="1404" role="right" />
    <tag k="location" v="urban" />
    <tag k="one_way" v="yes" />
    <tag k="region" v="de" />
    <tag k="subtype" v="road" />
    <tag k="type" v="lanelet" />
  </relation>
  <relation id="1216" visible="true" version="1">
    <member type="way" ref="1336" role="left" />
    <member type="way" ref="1661" role="right" />
    <tag k="location" v="urban" />
    <tag k="one_way" v="yes" />
    <tag k="region" v="de" />
    <tag k="subtype" v="road" />
    <tag k="type" v="lanelet" />
  </relation>
  <relation id="1217" visible="true" version="1">
    <member type="way" ref="1501" role="left" />
    <member type="way" ref="1727" role="right" />
    <member type="relation" ref="7546" role="regulatory_element" />
    <tag k="location" v="urban" />
    <tag k="one_way" v="yes" />
    <tag k="region" v="de" />
    <tag k="subtype" v="road" />
    <tag k="type" v="lanelet" />
  </relation>
  <relation id="1218" visible="true" version="1">
    <member type="way" ref="1645" role="left" />
    <member type="way" ref="1313" role="right" />
    <tag k="bicycle" v="yes" />
    <tag k="location" v="urban" />
    <tag k="one_way" v="no" />
    <tag k="region" v="de" />
    <tag k="subtype" v="shared_walkway" />
    <tag k="type" v="lanelet" />
  </relation>
  <relation id="1219" visible="true" version="1">
    <member type="way" ref="1404" role="left" />
    <member type="way" ref="1402" role="right" />
    <tag k="location" v="urban" />
    <tag k="one_way" v="yes" />
    <tag k="region" v="de" />
    <tag k="subtype" v="road" />
    <tag k="type" v="lanelet" />
  </relation>
  <relation id="1220" visible="true" version="1">
    <member type="way" ref="1548" role="left" />
    <member type="way" ref="1785" role="right" />
    <member type="relation" ref="7525" role="regulatory_element" />
    <member type="relation" ref="7523" role="regulatory_element" />
    <tag k="location" v="urban" />
    <tag k="one_way" v="yes" />
    <tag k="region" v="de" />
    <tag k="subtype" v="road" />
    <tag k="type" v="lanelet" />
  </relation>
  <relation id="1221" visible="true" version="1">
    <member type="way" ref="1664" role="left" />
    <member type="way" ref="1536" role="right" />
    <member type="relation" ref="7522" role="regulatory_element" />
    <member type="relation" ref="7525" role="regulatory_element" />
    <tag k="location" v="urban" />
    <tag k="one_way" v="yes" />
    <tag k="region" v="de" />
    <tag k="subtype" v="road" />
    <tag k="type" v="lanelet" />
  </relation>
  <relation id="1222" visible="true" version="1">
    <member type="way" ref="1376" role="left" />
    <member type="way" ref="1383" role="right" />
    <tag k="bicycle" v="yes" />
    <tag k="location" v="urban" />
    <tag k="one_way" v="no" />
    <tag k="region" v="de" />
    <tag k="subtype" v="shared_walkway" />
    <tag k="type" v="lanelet" />
  </relation>
  <relation id="1223" visible="true" version="1">
    <member type="way" ref="1788" role="left" />
    <member type="way" ref="1556" role="right" />
    <member type="relation" ref="7522" role="regulatory_element" />
    <tag k="location" v="urban" />
    <tag k="one_way" v="yes" />
    <tag k="region" v="de" />
    <tag k="subtype" v="road" />
    <tag k="type" v="lanelet" />
  </relation>
  <relation id="1224" visible="true" version="1">
    <member type="way" ref="1379" role="left" />
    <member type="way" ref="1373" role="right" />
    <tag k="bicycle" v="yes" />
    <tag k="location" v="urban" />
    <tag k="one_way" v="no" />
    <tag k="region" v="de" />
    <tag k="subtype" v="shared_walkway" />
    <tag k="type" v="lanelet" />
  </relation>
  <relation id="1225" visible="true" version="1">
    <member type="way" ref="1480" role="left" />
    <member type="way" ref="1643" role="right" />
    <tag k="location" v="urban" />
    <tag k="one_way" v="yes" />
    <tag k="region" v="de" />
    <tag k="subtype" v="road" />
    <tag k="type" v="lanelet" />
  </relation>
  <relation id="1226" visible="true" version="1">
    <member type="way" ref="1480" role="left" />
    <member type="way" ref="1495" role="right" />
    <tag k="location" v="urban" />
    <tag k="one_way" v="yes" />
    <tag k="region" v="de" />
    <tag k="subtype" v="road" />
    <tag k="type" v="lanelet" />
  </relation>
  <relation id="1227" visible="true" version="1">
    <member type="way" ref="1729" role="left" />
    <member type="way" ref="1315" role="right" />
    <member type="relation" ref="7546" role="regulatory_element" />
    <tag k="location" v="urban" />
    <tag k="one_way" v="yes" />
    <tag k="region" v="de" />
    <tag k="subtype" v="road" />
    <tag k="type" v="lanelet" />
  </relation>
  <relation id="1228" visible="true" version="1">
    <member type="way" ref="1691" role="left" />
    <member type="way" ref="1604" role="right" />
    <tag k="location" v="urban" />
    <tag k="one_way" v="yes" />
    <tag k="region" v="de" />
    <tag k="subtype" v="road" />
    <tag k="type" v="lanelet" />
  </relation>
  <relation id="1229" visible="true" version="1">
    <member type="way" ref="1335" role="left" />
    <member type="way" ref="1729" role="right" />
    <tag k="location" v="urban" />
    <tag k="one_way" v="yes" />
    <tag k="region" v="de" />
    <tag k="subtype" v="road" />
    <tag k="type" v="lanelet" />
  </relation>
  <relation id="1230" visible="true" version="1">
    <member type="way" ref="1553" role="left" />
    <member type="way" ref="1691" role="right" />
    <tag k="location" v="urban" />
    <tag k="one_way" v="yes" />
    <tag k="region" v="de" />
    <tag k="subtype" v="road" />
    <tag k="type" v="lanelet" />
  </relation>
  <relation id="1231" visible="true" version="1">
    <member type="way" ref="1335" role="left" />
    <member type="way" ref="1730" role="right" />
    <tag k="location" v="urban" />
    <tag k="one_way" v="yes" />
    <tag k="region" v="de" />
    <tag k="subtype" v="road" />
    <tag k="type" v="lanelet" />
  </relation>
  <relation id="1232" visible="true" version="1">
    <member type="way" ref="1755" role="left" />
    <member type="way" ref="1573" role="right" />
    <tag k="location" v="urban" />
    <tag k="one_way" v="yes" />
    <tag k="region" v="de" />
    <tag k="subtype" v="road" />
    <tag k="type" v="lanelet" />
  </relation>
  <relation id="1233" visible="true" version="1">
    <member type="way" ref="1730" role="left" />
    <member type="way" ref="1588" role="right" />
    <tag k="location" v="urban" />
    <tag k="one_way" v="yes" />
    <tag k="region" v="de" />
    <tag k="subtype" v="road" />
    <tag k="type" v="lanelet" />
  </relation>
  <relation id="1234" visible="true" version="1">
    <member type="way" ref="1457" role="left" />
    <member type="way" ref="1753" role="right" />
    <tag k="location" v="urban" />
    <tag k="one_way" v="yes" />
    <tag k="region" v="de" />
    <tag k="subtype" v="road" />
    <tag k="type" v="lanelet" />
  </relation>
  <relation id="1235" visible="true" version="1">
    <member type="way" ref="1323" role="left" />
    <member type="way" ref="1322" role="right" />
    <tag k="bicycle" v="yes" />
    <tag k="location" v="urban" />
    <tag k="one_way" v="no" />
    <tag k="region" v="de" />
    <tag k="subtype" v="shared_walkway" />
    <tag k="type" v="lanelet" />
  </relation>
  <relation id="1236" visible="true" version="1">
    <member type="way" ref="1505" role="left" />
    <member type="way" ref="1565" role="right" />
    <tag k="location" v="urban" />
    <tag k="one_way" v="yes" />
    <tag k="region" v="de" />
    <tag k="subtype" v="road" />
    <tag k="type" v="lanelet" />
  </relation>
  <relation id="1237" visible="true" version="1">
    <member type="way" ref="1352" role="left" />
    <member type="way" ref="1475" role="right" />
    <tag k="bicycle" v="yes" />
    <tag k="location" v="urban" />
    <tag k="one_way" v="no" />
    <tag k="region" v="de" />
    <tag k="subtype" v="shared_walkway" />
    <tag k="type" v="lanelet" />
  </relation>
  <relation id="1238" visible="true" version="1">
    <member type="way" ref="1599" role="left" />
    <member type="way" ref="1752" role="right" />
    <tag k="location" v="urban" />
    <tag k="one_way" v="yes" />
    <tag k="region" v="de" />
    <tag k="subtype" v="road" />
    <tag k="type" v="lanelet" />
  </relation>
  <relation id="1239" visible="true" version="1">
    <member type="way" ref="1806" role="left" />
    <member type="way" ref="1805" role="right" />
    <tag k="location" v="urban" />
    <tag k="one_way" v="yes" />
    <tag k="region" v="de" />
    <tag k="subtype" v="road" />
    <tag k="type" v="lanelet" />
  </relation>
  <relation id="1240" visible="true" version="1">
    <member type="way" ref="1633" role="left" />
    <member type="way" ref="1521" role="right" />
    <tag k="location" v="urban" />
    <tag k="one_way" v="yes" />
    <tag k="region" v="de" />
    <tag k="subtype" v="road" />
    <tag k="type" v="lanelet" />
  </relation>
  <relation id="1241" visible="true" version="1">
    <member type="way" ref="1787" role="left" />
    <member type="way" ref="1786" role="right" />
    <tag k="bicycle" v="yes" />
    <tag k="location" v="urban" />
    <tag k="one_way" v="no" />
    <tag k="region" v="de" />
    <tag k="subtype" v="shared_walkway" />
    <tag k="type" v="lanelet" />
  </relation>
  <relation id="1242" visible="true" version="1">
    <member type="way" ref="1827" role="left" />
    <member type="way" ref="1478" role="right" />
    <tag k="location" v="urban" />
    <tag k="one_way" v="yes" />
    <tag k="region" v="de" />
    <tag k="subtype" v="road" />
    <tag k="type" v="lanelet" />
  </relation>
  <relation id="1243" visible="true" version="1">
    <member type="way" ref="1531" role="left" />
    <member type="way" ref="1633" role="right" />
    <member type="relation" ref="7510" role="regulatory_element" />
    <tag k="location" v="urban" />
    <tag k="one_way" v="yes" />
    <tag k="region" v="de" />
    <tag k="subtype" v="road" />
    <tag k="type" v="lanelet" />
  </relation>
  <relation id="1244" visible="true" version="1">
    <member type="way" ref="1843" role="left" />
    <member type="way" ref="1610" role="right" />
    <tag k="bicycle" v="yes" />
    <tag k="location" v="urban" />
    <tag k="one_way" v="no" />
    <tag k="region" v="de" />
    <tag k="subtype" v="shared_walkway" />
    <tag k="type" v="lanelet" />
  </relation>
  <relation id="1245" visible="true" version="1">
    <member type="way" ref="1478" role="left" />
    <member type="way" ref="1826" role="right" />
    <tag k="location" v="urban" />
    <tag k="one_way" v="yes" />
    <tag k="region" v="de" />
    <tag k="subtype" v="road" />
    <tag k="type" v="lanelet" />
  </relation>
  <relation id="1246" visible="true" version="1">
    <member type="way" ref="1689" role="left" />
    <member type="way" ref="1337" role="right" />
    <tag k="bicycle" v="yes" />
    <tag k="location" v="urban" />
    <tag k="one_way" v="no" />
    <tag k="region" v="de" />
    <tag k="subtype" v="shared_walkway" />
    <tag k="type" v="lanelet" />
  </relation>
  <relation id="1247" visible="true" version="1">
    <member type="way" ref="1619" role="left" />
    <member type="way" ref="1624" role="right" />
    <tag k="bicycle" v="yes" />
    <tag k="location" v="urban" />
    <tag k="one_way" v="no" />
    <tag k="region" v="de" />
    <tag k="subtype" v="shared_walkway" />
    <tag k="type" v="lanelet" />
  </relation>
  <relation id="1248" visible="true" version="1">
    <member type="way" ref="1307" role="left" />
    <member type="way" ref="1308" role="right" />
    <tag k="location" v="urban" />
    <tag k="one_way" v="yes" />
    <tag k="region" v="de" />
    <tag k="subtype" v="road" />
    <tag k="type" v="lanelet" />
  </relation>
  <relation id="1249" visible="true" version="1">
    <member type="way" ref="1695" role="left" />
    <member type="way" ref="1693" role="right" />
    <tag k="location" v="urban" />
    <tag k="one_way" v="yes" />
    <tag k="region" v="de" />
    <tag k="subtype" v="road" />
    <tag k="type" v="lanelet" />
  </relation>
  <relation id="1250" visible="true" version="1">
    <member type="way" ref="1299" role="left" />
    <member type="way" ref="1301" role="right" />
    <tag k="location" v="urban" />
    <tag k="one_way" v="yes" />
    <tag k="region" v="de" />
    <tag k="subtype" v="road" />
    <tag k="type" v="lanelet" />
  </relation>
  <relation id="1251" visible="true" version="1">
    <member type="way" ref="1692" role="left" />
    <member type="way" ref="1695" role="right" />
    <tag k="location" v="urban" />
    <tag k="one_way" v="yes" />
    <tag k="region" v="de" />
    <tag k="subtype" v="road" />
    <tag k="type" v="lanelet" />
  </relation>
  <relation id="1252" visible="true" version="1">
    <member type="way" ref="1301" role="left" />
    <member type="way" ref="1302" role="right" />
    <tag k="location" v="urban" />
    <tag k="one_way" v="yes" />
    <tag k="region" v="de" />
    <tag k="subtype" v="road" />
    <tag k="type" v="lanelet" />
  </relation>
  <relation id="1253" visible="true" version="1">
    <member type="way" ref="1690" role="left" />
    <member type="way" ref="1688" role="right" />
    <tag k="location" v="urban" />
    <tag k="one_way" v="yes" />
    <tag k="region" v="de" />
    <tag k="subtype" v="road" />
    <tag k="type" v="lanelet" />
  </relation>
  <relation id="1254" visible="true" version="1">
    <member type="way" ref="1299" role="left" />
    <member type="way" ref="1300" role="right" />
    <member type="relation" ref="7528" role="regulatory_element" />
    <tag k="location" v="urban" />
    <tag k="one_way" v="yes" />
    <tag k="region" v="de" />
    <tag k="subtype" v="road" />
    <tag k="type" v="lanelet" />
  </relation>
  <relation id="1255" visible="true" version="1">
    <member type="way" ref="1697" role="left" />
    <member type="way" ref="1696" role="right" />
    <tag k="location" v="urban" />
    <tag k="one_way" v="yes" />
    <tag k="region" v="de" />
    <tag k="subtype" v="road" />
    <tag k="type" v="lanelet" />
  </relation>
  <relation id="1256" visible="true" version="1">
    <member type="way" ref="1300" role="left" />
    <member type="way" ref="1554" role="right" />
    <member type="relation" ref="7532" role="regulatory_element" />
    <tag k="location" v="urban" />
    <tag k="one_way" v="yes" />
    <tag k="region" v="de" />
    <tag k="subtype" v="road" />
    <tag k="type" v="lanelet" />
  </relation>
  <relation id="1257" visible="true" version="1">
    <member type="way" ref="1616" role="left" />
    <member type="way" ref="1640" role="right" />
    <tag k="bicycle" v="yes" />
    <tag k="location" v="urban" />
    <tag k="one_way" v="no" />
    <tag k="region" v="de" />
    <tag k="subtype" v="shared_walkway" />
    <tag k="type" v="lanelet" />
  </relation>
  <relation id="1258" visible="true" version="1">
    <member type="way" ref="1660" role="left" />
    <member type="way" ref="1663" role="right" />
    <tag k="bicycle" v="yes" />
    <tag k="location" v="urban" />
    <tag k="one_way" v="no" />
    <tag k="region" v="de" />
    <tag k="subtype" v="shared_walkway" />
    <tag k="type" v="lanelet" />
  </relation>
  <relation id="1259" visible="true" version="1">
    <member type="way" ref="1447" role="left" />
    <member type="way" ref="1646" role="right" />
    <tag k="bicycle" v="yes" />
    <tag k="location" v="urban" />
    <tag k="one_way" v="no" />
    <tag k="region" v="de" />
    <tag k="subtype" v="shared_walkway" />
    <tag k="type" v="lanelet" />
  </relation>
  <relation id="1260" visible="true" version="1">
    <member type="way" ref="1341" role="left" />
    <member type="way" ref="1458" role="right" />
    <tag k="bicycle" v="yes" />
    <tag k="location" v="urban" />
    <tag k="one_way" v="no" />
    <tag k="region" v="de" />
    <tag k="subtype" v="shared_walkway" />
    <tag k="type" v="lanelet" />
  </relation>
  <relation id="1261" visible="true" version="1">
    <member type="way" ref="1543" role="left" />
    <member type="way" ref="1847" role="right" />
    <tag k="bicycle" v="yes" />
    <tag k="location" v="urban" />
    <tag k="one_way" v="no" />
    <tag k="region" v="de" />
    <tag k="subtype" v="shared_walkway" />
    <tag k="type" v="lanelet" />
  </relation>
  <relation id="1262" visible="true" version="1">
    <member type="way" ref="1674" role="left" />
    <member type="way" ref="1463" role="right" />
    <tag k="bicycle" v="yes" />
    <tag k="location" v="urban" />
    <tag k="one_way" v="no" />
    <tag k="region" v="de" />
    <tag k="subtype" v="shared_walkway" />
    <tag k="type" v="lanelet" />
  </relation>
  <relation id="1263" visible="true" version="1">
    <member type="way" ref="1677" role="left" />
    <member type="way" ref="1680" role="right" />
    <tag k="bicycle" v="yes" />
    <tag k="location" v="urban" />
    <tag k="one_way" v="no" />
    <tag k="region" v="de" />
    <tag k="subtype" v="shared_walkway" />
    <tag k="type" v="lanelet" />
  </relation>
  <relation id="1264" visible="true" version="1">
    <member type="way" ref="1682" role="left" />
    <member type="way" ref="1683" role="right" />
    <tag k="bicycle" v="yes" />
    <tag k="location" v="urban" />
    <tag k="one_way" v="no" />
    <tag k="region" v="de" />
    <tag k="subtype" v="shared_walkway" />
    <tag k="type" v="lanelet" />
  </relation>
  <relation id="1265" visible="true" version="1">
    <member type="way" ref="1845" role="left" />
    <member type="way" ref="1366" role="right" />
    <tag k="bicycle" v="yes" />
    <tag k="location" v="urban" />
    <tag k="one_way" v="no" />
    <tag k="region" v="de" />
    <tag k="subtype" v="shared_walkway" />
    <tag k="type" v="lanelet" />
  </relation>
  <relation id="1266" visible="true" version="1">
    <member type="way" ref="1666" role="left" />
    <member type="way" ref="1370" role="right" />
    <tag k="bicycle" v="yes" />
    <tag k="location" v="urban" />
    <tag k="one_way" v="no" />
    <tag k="region" v="de" />
    <tag k="subtype" v="shared_walkway" />
    <tag k="type" v="lanelet" />
  </relation>
  <relation id="1267" visible="true" version="1">
    <member type="way" ref="1503" role="left" />
    <member type="way" ref="1668" role="right" />
    <tag k="bicycle" v="yes" />
    <tag k="location" v="urban" />
    <tag k="one_way" v="no" />
    <tag k="region" v="de" />
    <tag k="subtype" v="shared_walkway" />
    <tag k="type" v="lanelet" />
  </relation>
  <relation id="1268" visible="true" version="1">
    <member type="way" ref="1672" role="left" />
    <member type="way" ref="1670" role="right" />
    <tag k="bicycle" v="yes" />
    <tag k="location" v="urban" />
    <tag k="one_way" v="no" />
    <tag k="region" v="de" />
    <tag k="subtype" v="shared_walkway" />
    <tag k="type" v="lanelet" />
  </relation>
  <relation id="1269" visible="true" version="1">
    <member type="way" ref="1823" role="left" />
    <member type="way" ref="1504" role="right" />
    <tag k="bicycle" v="yes" />
    <tag k="location" v="urban" />
    <tag k="one_way" v="no" />
    <tag k="region" v="de" />
    <tag k="subtype" v="shared_walkway" />
    <tag k="type" v="lanelet" />
  </relation>
  <relation id="1270" visible="true" version="1">
    <member type="way" ref="1493" role="left" />
    <member type="way" ref="1825" role="right" />
    <tag k="bicycle" v="yes" />
    <tag k="location" v="urban" />
    <tag k="one_way" v="no" />
    <tag k="region" v="de" />
    <tag k="subtype" v="shared_walkway" />
    <tag k="type" v="lanelet" />
  </relation>
  <relation id="1271" visible="true" version="1">
    <member type="way" ref="1763" role="left" />
    <member type="way" ref="1420" role="right" />
    <tag k="bicycle" v="yes" />
    <tag k="location" v="urban" />
    <tag k="one_way" v="no" />
    <tag k="region" v="de" />
    <tag k="subtype" v="shared_walkway" />
    <tag k="type" v="lanelet" />
  </relation>
  <relation id="1272" visible="true" version="1">
    <member type="way" ref="1812" role="left" />
    <member type="way" ref="1388" role="right" />
    <tag k="bicycle" v="yes" />
    <tag k="location" v="urban" />
    <tag k="one_way" v="no" />
    <tag k="region" v="de" />
    <tag k="subtype" v="shared_walkway" />
    <tag k="type" v="lanelet" />
  </relation>
  <relation id="1273" visible="true" version="1">
    <member type="way" ref="1701" role="left" />
    <member type="way" ref="1699" role="right" />
    <tag k="bicycle" v="yes" />
    <tag k="location" v="urban" />
    <tag k="one_way" v="no" />
    <tag k="region" v="de" />
    <tag k="subtype" v="shared_walkway" />
    <tag k="type" v="lanelet" />
  </relation>
  <relation id="1274" visible="true" version="1">
    <member type="way" ref="1807" role="left" />
    <member type="way" ref="1598" role="right" />
    <tag k="bicycle" v="yes" />
    <tag k="location" v="urban" />
    <tag k="one_way" v="no" />
    <tag k="region" v="de" />
    <tag k="subtype" v="shared_walkway" />
    <tag k="type" v="lanelet" />
  </relation>
  <relation id="1275" visible="true" version="1">
    <member type="way" ref="1732" role="left" />
    <member type="way" ref="1656" role="right" />
    <tag k="bicycle" v="yes" />
    <tag k="location" v="urban" />
    <tag k="one_way" v="no" />
    <tag k="region" v="de" />
    <tag k="subtype" v="shared_walkway" />
    <tag k="type" v="lanelet" />
  </relation>
  <relation id="1276" visible="true" version="1">
    <member type="way" ref="1534" role="left" />
    <member type="way" ref="1305" role="right" />
    <tag k="bicycle" v="yes" />
    <tag k="location" v="urban" />
    <tag k="one_way" v="no" />
    <tag k="region" v="de" />
    <tag k="subtype" v="shared_walkway" />
    <tag k="type" v="lanelet" />
  </relation>
  <relation id="1277" visible="true" version="1">
    <member type="way" ref="1669" role="left" />
    <member type="way" ref="1822" role="right" />
    <tag k="bicycle" v="yes" />
    <tag k="location" v="urban" />
    <tag k="one_way" v="no" />
    <tag k="region" v="de" />
    <tag k="subtype" v="shared_walkway" />
    <tag k="type" v="lanelet" />
  </relation>
  <relation id="1278" visible="true" version="1">
    <member type="way" ref="1519" role="left" />
    <member type="way" ref="1364" role="right" />
    <tag k="bicycle" v="yes" />
    <tag k="location" v="urban" />
    <tag k="one_way" v="no" />
    <tag k="region" v="de" />
    <tag k="subtype" v="shared_walkway" />
    <tag k="type" v="lanelet" />
  </relation>
  <relation id="1279" visible="true" version="1">
    <member type="way" ref="1436" role="left" />
    <member type="way" ref="1437" role="right" />
    <tag k="bicycle" v="yes" />
    <tag k="location" v="urban" />
    <tag k="one_way" v="no" />
    <tag k="region" v="de" />
    <tag k="subtype" v="shared_walkway" />
    <tag k="type" v="lanelet" />
  </relation>
  <relation id="1280" visible="true" version="1">
    <member type="way" ref="1776" role="left" />
    <member type="way" ref="1686" role="right" />
    <tag k="bicycle" v="yes" />
    <tag k="location" v="urban" />
    <tag k="one_way" v="no" />
    <tag k="region" v="de" />
    <tag k="subtype" v="shared_walkway" />
    <tag k="type" v="lanelet" />
  </relation>
  <relation id="1281" visible="true" version="1">
    <member type="way" ref="1620" role="left" />
    <member type="way" ref="1625" role="right" />
    <tag k="bicycle" v="yes" />
    <tag k="location" v="urban" />
    <tag k="one_way" v="no" />
    <tag k="region" v="de" />
    <tag k="subtype" v="shared_walkway" />
    <tag k="type" v="lanelet" />
  </relation>
  <relation id="1282" visible="true" version="1">
    <member type="way" ref="1819" role="left" />
    <member type="way" ref="1375" role="right" />
    <tag k="bicycle" v="yes" />
    <tag k="location" v="urban" />
    <tag k="one_way" v="no" />
    <tag k="region" v="de" />
    <tag k="subtype" v="shared_walkway" />
    <tag k="type" v="lanelet" />
  </relation>
  <relation id="1283" visible="true" version="1">
    <member type="way" ref="1790" role="left" />
    <member type="way" ref="1791" role="right" />
    <tag k="bicycle" v="yes" />
    <tag k="location" v="urban" />
    <tag k="one_way" v="no" />
    <tag k="region" v="de" />
    <tag k="subtype" v="shared_walkway" />
    <tag k="type" v="lanelet" />
  </relation>
  <relation id="1284" visible="true" version="1">
    <member type="way" ref="1499" role="left" />
    <member type="way" ref="1687" role="right" />
    <tag k="bicycle" v="yes" />
    <tag k="location" v="urban" />
    <tag k="one_way" v="no" />
    <tag k="region" v="de" />
    <tag k="subtype" v="shared_walkway" />
    <tag k="type" v="lanelet" />
  </relation>
  <relation id="1285" visible="true" version="1">
    <member type="way" ref="1754" role="left" />
    <member type="way" ref="1600" role="right" />
    <tag k="bicycle" v="yes" />
    <tag k="location" v="urban" />
    <tag k="one_way" v="no" />
    <tag k="region" v="de" />
    <tag k="subtype" v="shared_walkway" />
    <tag k="type" v="lanelet" />
  </relation>
  <relation id="1286" visible="true" version="1">
    <member type="way" ref="1413" role="left" />
    <member type="way" ref="1417" role="right" />
    <tag k="bicycle" v="yes" />
    <tag k="location" v="urban" />
    <tag k="one_way" v="no" />
    <tag k="region" v="de" />
    <tag k="subtype" v="shared_walkway" />
    <tag k="type" v="lanelet" />
  </relation>
  <relation id="1287" visible="true" version="1">
    <member type="way" ref="1854" role="left" />
    <member type="way" ref="1853" role="right" />
    <tag k="bicycle" v="yes" />
    <tag k="location" v="urban" />
    <tag k="one_way" v="no" />
    <tag k="region" v="de" />
    <tag k="subtype" v="shared_walkway" />
    <tag k="type" v="lanelet" />
  </relation>
  <relation id="1288" visible="true" version="1">
    <member type="way" ref="1841" role="left" />
    <member type="way" ref="1840" role="right" />
    <tag k="location" v="urban" />
    <tag k="one_way" v="yes" />
    <tag k="region" v="de" />
    <tag k="subtype" v="road" />
    <tag k="type" v="lanelet" />
  </relation>
  <relation id="1289" visible="true" version="1">
    <member type="way" ref="1353" role="left" />
    <member type="way" ref="1354" role="right" />
    <tag k="bicycle" v="yes" />
    <tag k="location" v="urban" />
    <tag k="one_way" v="no" />
    <tag k="region" v="de" />
    <tag k="subtype" v="shared_walkway" />
    <tag k="type" v="lanelet" />
  </relation>
  <relation id="1290" visible="true" version="1">
    <member type="way" ref="1840" role="left" />
    <member type="way" ref="1673" role="right" />
    <tag k="location" v="urban" />
    <tag k="one_way" v="yes" />
    <tag k="region" v="de" />
    <tag k="subtype" v="road" />
    <tag k="type" v="lanelet" />
  </relation>
  <relation id="1291" visible="true" version="1">
    <member type="way" ref="1400" role="left" />
    <member type="way" ref="1398" role="right" />
    <tag k="bicycle" v="yes" />
    <tag k="location" v="urban" />
    <tag k="one_way" v="no" />
    <tag k="region" v="de" />
    <tag k="subtype" v="shared_walkway" />
    <tag k="type" v="lanelet" />
  </relation>
  <relation id="1292" visible="true" version="1">
    <member type="way" ref="1350" role="left" />
    <member type="way" ref="1351" role="right" />
    <tag k="bicycle" v="yes" />
    <tag k="location" v="urban" />
    <tag k="one_way" v="no" />
    <tag k="region" v="de" />
    <tag k="subtype" v="shared_walkway" />
    <tag k="type" v="lanelet" />
  </relation>
  <relation id="1293" visible="true" version="1">
    <member type="way" ref="1356" role="left" />
    <member type="way" ref="1517" role="right" />
    <tag k="bicycle" v="yes" />
    <tag k="location" v="urban" />
    <tag k="one_way" v="no" />
    <tag k="region" v="de" />
    <tag k="subtype" v="shared_walkway" />
    <tag k="type" v="lanelet" />
  </relation>
  <relation id="1294" visible="true" version="1">
    <member type="way" ref="1508" role="left" />
    <member type="way" ref="1653" role="right" />
    <tag k="bicycle" v="yes" />
    <tag k="location" v="urban" />
    <tag k="one_way" v="no" />
    <tag k="region" v="de" />
    <tag k="subtype" v="shared_walkway" />
    <tag k="type" v="lanelet" />
  </relation>
  <relation id="1295" visible="true" version="1">
    <member type="way" ref="1348" role="left" />
    <member type="way" ref="1349" role="right" />
    <tag k="bicycle" v="yes" />
    <tag k="location" v="urban" />
    <tag k="one_way" v="no" />
    <tag k="region" v="de" />
    <tag k="subtype" v="shared_walkway" />
    <tag k="type" v="lanelet" />
  </relation>
  <relation id="7509" visible="true" version="1">
    <member type="way" ref="1510" role="ref_line" />
    <member type="way" ref="1498" role="refers" />
    <member type="way" ref="7550" role="refers" />
    <member type="way" ref="7547" role="refers" />
    <tag k="subtype" v="traffic_light" />
    <tag k="type" v="regulatory_element" />
  </relation>
  <relation id="7510" visible="true" version="1">
    <member type="way" ref="1440" role="ref_line" />
    <member type="way" ref="1498" role="refers" />
    <member type="way" ref="7550" role="refers" />
    <member type="way" ref="7547" role="refers" />
    <tag k="subtype" v="traffic_light" />
    <tag k="type" v="regulatory_element" />
  </relation>
  <relation id="7511" visible="true" version="1">
    <member type="way" ref="1488" role="ref_line" />
    <member type="way" ref="1593" role="refers" />
    <member type="way" ref="7549" role="refers" />
    <member type="way" ref="7548" role="refers" />
    <tag k="subtype" v="traffic_light" />
    <tag k="type" v="regulatory_element" />
  </relation>
  <relation id="7512" visible="true" version="1">
    <member type="way" ref="1627" role="ref_line" />
    <member type="way" ref="1593" role="refers" />
    <member type="way" ref="7549" role="refers" />
    <member type="way" ref="7548" role="refers" />
    <tag k="subtype" v="traffic_light" />
    <tag k="type" v="regulatory_element" />
  </relation>
  <relation id="7513" visible="true" version="1">
    <member type="way" ref="1549" role="ref_line" />
    <member type="way" ref="1363" role="refers" />
    <member type="way" ref="7551" role="refers" />
    <member type="way" ref="7553" role="refers" />
    <tag k="subtype" v="traffic_light" />
    <tag k="type" v="regulatory_element" />
  </relation>
  <relation id="7514" visible="true" version="1">
    <member type="way" ref="1642" role="ref_line" />
    <member type="way" ref="1452" role="refers" />
    <member type="way" ref="7569" role="refers" />
    <member type="way" ref="7568" role="refers" />
    <tag k="subtype" v="traffic_light" />
    <tag k="type" v="regulatory_element" />
  </relation>
  <relation id="7515" visible="true" version="1">
    <member type="way" ref="1487" role="ref_line" />
    <member type="way" ref="1550" role="refers" />
    <member type="way" ref="7561" role="refers" />
    <member type="way" ref="7557" role="refers" />
    <tag k="subtype" v="traffic_light" />
    <tag k="type" v="regulatory_element" />
  </relation>
  <relation id="7516" visible="true" version="1">
    <member type="way" ref="1365" role="ref_line" />
    <member type="way" ref="1577" role="refers" />
    <member type="way" ref="7570" role="refers" />
    <tag k="subtype" v="traffic_light" />
    <tag k="type" v="regulatory_element" />
  </relation>
  <relation id="7517" visible="true" version="1">
    <member type="way" ref="1445" role="ref_line" />
    <member type="way" ref="1502" role="refers" />
    <member type="way" ref="7558" role="refers" />
    <tag k="subtype" v="traffic_light" />
    <tag k="type" v="regulatory_element" />
  </relation>
  <relation id="7518" visible="true" version="1">
    <member type="way" ref="1566" role="ref_line" />
    <member type="way" ref="1550" role="refers" />
    <member type="way" ref="7561" role="refers" />
    <member type="way" ref="7557" role="refers" />
    <tag k="subtype" v="traffic_light" />
    <tag k="type" v="regulatory_element" />
  </relation>
  <relation id="7519" visible="true" version="1">
    <member type="way" ref="1494" role="ref_line" />
    <member type="way" ref="1452" role="refers" />
    <member type="way" ref="7569" role="refers" />
    <member type="way" ref="7568" role="refers" />
    <tag k="subtype" v="traffic_light" />
    <tag k="type" v="regulatory_element" />
  </relation>
  <relation id="7520" visible="true" version="1">
    <member type="way" ref="1658" role="ref_line" />
    <member type="way" ref="1502" role="refers" />
    <member type="way" ref="7558" role="refers" />
    <tag k="subtype" v="traffic_light" />
    <tag k="type" v="regulatory_element" />
  </relation>
  <relation id="7521" visible="true" version="1">
    <member type="way" ref="1649" role="ref_line" />
    <member type="way" ref="1346" role="refers" />
    <member type="way" ref="7572" role="refers" />
    <member type="way" ref="7571" role="refers" />
    <tag k="subtype" v="traffic_light" />
    <tag k="type" v="regulatory_element" />
  </relation>
  <relation id="7522" visible="true" version="1">
    <member type="way" ref="1443" role="ref_line" />
    <member type="way" ref="1507" role="refers" />
    <member type="relation" ref="1223" role="right_of_way" />
    <member type="relation" ref="1221" role="yield" />
    <tag k="subtype" v="right_of_way" />
    <tag k="type" v="regulatory_element" />
  </relation>
  <relation id="7523" visible="true" version="1">
    <member type="way" ref="1562" role="ref_line" />
    <member type="way" ref="1537" role="refers" />
    <member type="relation" ref="1220" role="right_of_way" />
    <member type="relation" ref="7542" role="yield" />
    <tag k="subtype" v="right_of_way" />
    <tag k="type" v="regulatory_element" />
  </relation>
  <relation id="7524" visible="true" version="1">
    <member type="way" ref="1651" role="ref_line" />
    <member type="way" ref="1361" role="refers" />
    <member type="way" ref="7556" role="refers" />
    <member type="way" ref="7552" role="refers" />
    <tag k="subtype" v="traffic_light" />
    <tag k="type" v="regulatory_element" />
  </relation>
  <relation id="7525" visible="true" version="1">
    <member type="way" ref="1617" role="ref_line" />
    <member type="way" ref="1583" role="refers" />
    <member type="relation" ref="1221" role="right_of_way" />
    <member type="relation" ref="1213" role="right_of_way" />
    <member type="relation" ref="1220" role="yield" />
    <tag k="subtype" v="right_of_way" />
    <tag k="type" v="regulatory_element" />
  </relation>
  <relation id="7526" visible="true" version="1">
    <member type="way" ref="1513" role="ref_line" />
    <member type="way" ref="1603" role="refers" />
    <member type="way" ref="7574" role="refers" />
    <member type="way" ref="7573" role="refers" />
    <tag k="subtype" v="traffic_light" />
    <tag k="type" v="regulatory_element" />
  </relation>
  <relation id="7527" visible="true" version="1">
    <member type="way" ref="1518" role="ref_line" />
    <member type="way" ref="1603" role="refers" />
    <member type="way" ref="7574" role="refers" />
    <member type="way" ref="7573" role="refers" />
    <tag k="subtype" v="traffic_light" />
    <tag k="type" v="regulatory_element" />
  </relation>
  <relation id="7528" visible="true" version="1">
    <member type="way" ref="1615" role="ref_line" />
    <member type="way" ref="1634" role="refers" />
    <member type="way" ref="7560" role="refers" />
    <member type="way" ref="7559" role="refers" />
    <tag k="subtype" v="traffic_light" />
    <tag k="type" v="regulatory_element" />
  </relation>
  <relation id="7529" visible="true" version="1">
    <member type="way" ref="1491" role="ref_line" />
    <member type="way" ref="1363" role="refers" />
    <member type="way" ref="7551" role="refers" />
    <member type="way" ref="7553" role="refers" />
    <tag k="subtype" v="traffic_light" />
    <tag k="type" v="regulatory_element" />
  </relation>
  <relation id="7530" visible="true" version="1">
    <member type="way" ref="1571" role="ref_line" />
    <member type="way" ref="1522" role="refers" />
    <member type="way" ref="7564" role="refers" />
    <member type="way" ref="7565" role="refers" />
    <tag k="subtype" v="traffic_light" />
    <tag k="type" v="regulatory_element" />
  </relation>
  <relation id="7531" visible="true" version="1">
    <member type="way" ref="1589" role="ref_line" />
    <member type="way" ref="1346" role="refers" />
    <member type="way" ref="7571" role="refers" />
    <member type="way" ref="7572" role="refers" />
    <tag k="subtype" v="traffic_light" />
    <tag k="type" v="regulatory_element" />
  </relation>
  <relation id="7532" visible="true" version="1">
    <member type="way" ref="1638" role="ref_line" />
    <member type="way" ref="1634" role="refers" />
    <member type="way" ref="7560" role="refers" />
    <member type="way" ref="7559" role="refers" />
    <tag k="subtype" v="traffic_light" />
    <tag k="type" v="regulatory_element" />
  </relation>
  <relation id="7533" visible="true" version="1">
    <member type="way" ref="1461" role="ref_line" />
    <member type="way" ref="1361" role="refers" />
    <member type="way" ref="7552" role="refers" />
    <member type="way" ref="7556" role="refers" />
    <tag k="subtype" v="traffic_light" />
    <tag k="type" v="regulatory_element" />
  </relation>
  <relation id="7534" visible="true" version="1">
    <member type="way" ref="1558" role="ref_line" />
    <member type="way" ref="1532" role="refers" />
    <member type="way" ref="7555" role="refers" />
    <member type="way" ref="7554" role="refers" />
    <tag k="subtype" v="traffic_light" />
    <tag k="type" v="regulatory_element" />
  </relation>
  <relation id="7535" visible="true" version="1">
    <member type="way" ref="1644" role="ref_line" />
    <member type="way" ref="1632" role="refers" />
    <member type="way" ref="7567" role="refers" />
    <member type="way" ref="7566" role="refers" />
    <tag k="subtype" v="traffic_light" />
    <tag k="type" v="regulatory_element" />
  </relation>
  <relation id="7536" visible="true" version="1">
    <member type="way" ref="1509" role="ref_line" />
    <member type="way" ref="1532" role="refers" />
    <member type="way" ref="7555" role="refers" />
    <member type="way" ref="7554" role="refers" />
    <tag k="subtype" v="traffic_light" />
    <tag k="type" v="regulatory_element" />
  </relation>
  <relation id="7537" visible="true" version="1">
    <member type="way" ref="1472" role="ref_line" />
    <member type="way" ref="1632" role="refers" />
    <member type="way" ref="7567" role="refers" />
    <member type="way" ref="7566" role="refers" />
    <tag k="subtype" v="traffic_light" />
    <tag k="type" v="regulatory_element" />
  </relation>
  <relation id="7538" visible="true" version="1">
    <member type="way" ref="1451" role="ref_line" />
    <member type="way" ref="1334" role="refers" />
    <member type="way" ref="7563" role="refers" />
    <member type="way" ref="7562" role="refers" />
    <tag k="subtype" v="traffic_light" />
    <tag k="type" v="regulatory_element" />
  </relation>
  <relation id="7539" visible="true" version="1">
    <member type="way" ref="1479" role="ref_line" />
    <member type="way" ref="1522" role="refers" />
    <member type="way" ref="7565" role="refers" />
    <member type="way" ref="7564" role="refers" />
    <tag k="subtype" v="traffic_light" />
    <tag k="type" v="regulatory_element" />
  </relation>
  <relation id="7540" visible="true" version="1">
    <member type="way" ref="1523" role="ref_line" />
    <member type="way" ref="1334" role="refers" />
    <member type="way" ref="7563" role="refers" />
    <member type="way" ref="7562" role="refers" />
    <tag k="subtype" v="traffic_light" />
    <tag k="type" v="regulatory_element" />
  </relation>
  <relation id="7541" visible="true" version="1">
    <member type="way" ref="1657" role="ref_line" />
    <member type="way" ref="1577" role="refers" />
    <member type="way" ref="7570" role="refers" />
    <tag k="subtype" v="traffic_light" />
    <tag k="type" v="regulatory_element" />
  </relation>
  <relation id="7542" visible="true" version="1">
    <member type="way" ref="1783" role="left" />
    <member type="way" ref="1784" role="right" />
    <member type="relation" ref="7523" role="regulatory_element" />
    <tag k="location" v="urban" />
    <tag k="one_way" v="yes" />
    <tag k="region" v="de" />
    <tag k="subtype" v="road" />
    <tag k="type" v="lanelet" />
  </relation>
  <relation id="7546" visible="true" version="1">
    <member type="way" ref="1609" role="ref_line" />
    <member type="way" ref="7543" role="refers" />
    <member type="relation" ref="1227" role="right_of_way" />
    <member type="relation" ref="1217" role="yield" />
    <tag k="subtype" v="right_of_way" />
    <tag k="type" v="regulatory_element" />
  </relation>
</osm>